Bedroom,Bathroom,Property Size,Facilities,Building Name,Developer,Tenure Type,Address,Completion Year,# of Floors,Total Units,Property Type,Parking Lot,Floor Range,Land Title,price,state,facility_count,price_per_sqft
4.0,2.0,1000,,Kenwingston Platz,Kenwingston Group,Freehold,"Jalan Gombak, Setapak, Kuala Lumpur",,,,Service Residence,2,,Non Bumi Lot,340000,Kuala Lumpur,,340.0
3.0,2.0,980,"Parking, Security, Swimming Pool, Playground, Barbeque area, Jogging Track",Kenanga (Park View Court),,Freehold,"Jalan Kenanga 3/8, Melaka City, Melaka",,,,Apartment,1,Low,Non Bumi Lot,250000,Melaka,6,255.10204081632654
3.0,2.0,1000,"Playground, Minimart, Jogging Track, Barbeque area, Parking, Security, Lift",Sri Lavender Apartment,TLS Group,Freehold,"Jalan Sepakat Indah 2/1, Taman Sepakat Indah 2, Kajang, Selangor",2007.0,13,445,Apartment,1,Medium,Non Bumi Lot,230000,Selangor,7,230.0
3.0,1.0,592,"Parking, Playground, Minimart, Jogging Track",Flat Pandan Indah,,Leasehold,"jalan pandan indah 3/3, Selangor, Ampang",,,,Flat,1,,Non Bumi Lot,158000,Ampang,4,266.8918918918919
1.0,1.0,467,"Minimart, Gymnasium, Parking, Security",i-Soho @ i-City,i-Berhad,Freehold,"Jalan Plumbum 7/102, Shah Alam, Selangor",,43,956,Studio,,Low,Bumi Lot,305000,Selangor,4,653.1049250535332
3.0,2.0,1100,"Parking, Swimming Pool, Multipurpose hall, Sauna, Minimart, Barbeque area, Security, Playground, Gymnasium, Tennis Court, Lift",D'Piazza Condominium,X-Scan Penang Sdn Bhd,Freehold,"Jalan Mayang Pasir 2, Bayan Baru, Penang",2010.0,19,706,Condominium,1,Low,Non Bumi Lot,425000,Penang,11,386.3636363636364
3.0,2.0,780,"Parking, Playground, Barbeque area, Security",Pangsapuri Sri Alpinia,IOI Properties Group Berhad,Freehold,"Persiaran Indera, Pusat Bandar Puchong, Puchong, Selangor",,5,281,Condominium,1,,Non Bumi Lot,230000,Selangor,4,294.87179487179486
3.0,2.0,852,"Parking, Playground, Swimming Pool, Multipurpose hall, Security, Gymnasium, Club house, Barbeque area, Minimart, Jogging Track, Lift",Vista Lavender,Talam Transform Berhad,Leasehold,"Persiaran Kinrara Seksyen 3, Bandar Kinrara, Puchong, Selangor",2000.0,12,,Apartment,1,,Non Bumi Lot,200000,Selangor,11,234.7417840375587
3.0,2.0,918,"Parking, Security, Lift, Playground, Minimart, Multipurpose hall",Pangsapuri Damai,Ikram Ikhlas,Leasehold,"Jalan Tokoh 25/28, Shah Alam, Selangor",,,,Apartment,1,,Bumi Lot,275000,Selangor,6,299.56427015250546
3.0,2.0,850,"Multipurpose hall, Parking, Security, Swimming Pool",Alam Prima,Syarikat Perumahan Negara Berhad,Freehold,"No. 6 Jalan Budiman 22/3, Seksyen 22,, Shah Alam, Selangor",2010.0,435,435,Apartment,2,,Bumi Lot,300000,Selangor,4,352.94117647058823
3.0,2.0,660,"Parking, Playground, Security",Sri Aman Block C (Sri Aman Block 1 & 3),,Freehold,"Persiaran Paya Terubong 3, Bukit Jambul, Penang",2008.0,18,701,Apartment,1,Medium,Non Bumi Lot,265000,Penang,3,401.5151515151515
3.0,2.0,1246,"Playground, Gymnasium, Sauna, Security, Swimming Pool, Parking, Jogging Track, Lift, Barbeque area",QuayWest Residence,Asia Green Group,Freehold,"Persiaran Bayan Indah Off Bayan Mutiara, Batu Uban, Penang",2021.0,24,1235,Condominium,2,Medium,Non Bumi Lot,790000,Penang,9,634.0288924558588
2.0,1.0,550,"Security, Parking",Taman Relau Jaya,,Freehold,"Lebuh Relau 3, Sungai Ara, Penang",,,,Flat,1,Low,Non Bumi Lot,230000,Penang,2,418.1818181818182
3.0,2.0,1250,"Parking, Security, Lift, Swimming Pool, Playground, Gymnasium, Barbeque area, Minimart, Multipurpose hall, Club house, Jogging Track",Ameera Residence,TLS Group,Freehold,"Jalan Mutiara 3, Mutiara Heights,, Kajang, Selangor",2016.0,,428,Condominium,2,,Non Bumi Lot,340000,Selangor,11,272.0
3.0,2.0,1048,"Parking, Security, Swimming Pool, Playground, Gymnasium, Sauna, Barbeque area, Minimart, Multipurpose hall, Club house, Jogging Track, Lift",Intan Apartment (Puchong),,Freehold,"Jalan Intan, Taman Puchong Intan, Puchong, Selangor",1990.0,10,,Apartment,1,,Non Bumi Lot,230000,Selangor,12,219.46564885496184
3.0,2.0,1150,"Swimming Pool, Barbeque area, Parking, Tennis Court, Minimart, Playground, Squash Court, Sauna, Security, Gymnasium, Lift, Club house",Leader Garden,,Freehold,"No 1, Jalan Chee Seng 13, Tanjung Bungah, Penang",1998.0,,428,Condominium,1,Low,Non Bumi Lot,430000,Penang,12,373.9130434782609
2.0,1.0,553,,Seksyen 1 flat block c4,,Leasehold,"Seksyen 1 flat block c4, Kuala Lumpur, Wangsa Maju",,,,Flat,,High,Bumi Lot,155000,Wangsa Maju,,280.2893309222423
3.0,2.0,901,"Parking, Swimming Pool, Jogging Track, Gymnasium, Security, Lift, Barbeque area, Multipurpose hall",Eco Bloom @ Eco Meadows,Eco World Development Group Berhad,Freehold,"Jalan Paboi, Simpang Ampat, Penang",2020.0,33,490,Condominium,2,High,Non Bumi Lot,500000,Penang,8,554.9389567147614
1.0,1.0,452,"Security, Swimming Pool, Gymnasium, Parking, Minimart, Multipurpose hall, Barbeque area, Lift",Paramount Utropolis,Paramount Property,Freehold,"Jalan Kontraktor U1/14, Hicom-Glenmarie Industrial Park, Shah Alam, Selangor",2020.0,12,136,Studio,1,High,Bumi Lot,350000,Selangor,8,774.3362831858407
2.0,2.0,1016,"Playground, Swimming Pool, Sauna, Security, Gymnasium, Multipurpose hall, Barbeque area, Parking",Grace Residence,Nova Mulia Development Sdn Bhd,Freehold,"Jalan Jelutong, Off Tun Dr. Lim Chong Eu Hwy, Jelutong, Penang",2018.0,44,378,Condominium,2,Medium,Non Bumi Lot,620000,Penang,8,610.2362204724409
4.0,2.0,900,"Parking, Security, Barbeque area, Playground",Sri Baiduri Apartment,,Freehold,"Jalan UP 4/5, Sri Baiduri, Ampang, Selangor",,5,,Apartment,2,Low,Bumi Lot,310000,Selangor,4,344.44444444444446
3.0,2.0,650,"Minimart, Security, Parking, Playground, Lift",Kasturi Apartment (Bdr Tasik Permaisuri),,Leasehold,"Jalan Permaisuri 3, Bandar Sri Permaisuri, Cheras, Kuala Lumpur",,17,,Apartment,1,Low,Bumi Lot,240000,Kuala Lumpur,5,369.2307692307692
3.0,2.0,1182,"Minimart, Playground, Swimming Pool, Multipurpose hall, Gymnasium, Barbeque area, Parking, Security, Sauna",Sierra Residences,GSD Land (M) Sdn Bhd,Freehold,"Jalan Fettes, Off Jalan Paya Terubong, Sungai Ara, Penang",2015.0,25,300,Condominium,2,High,Non Bumi Lot,500000,Penang,9,423.01184433164127
3.0,2.0,872,"Parking, Security, Lift, Swimming Pool, Playground, Gymnasium, Sauna, Barbeque area, Minimart, Multipurpose hall, Club house, Jogging Track",Kajang Service Apartment,,Freehold,"Kajang, Selangor, Kajang",,,,Apartment,2,Medium,Non Bumi Lot,341500,Kajang,12,391.6284403669725
1.0,2.0,450,"Multipurpose hall, Parking, Security, Lift, Swimming Pool, Playground, Gymnasium, Barbeque area, Minimart, Jogging Track, Club house",Semenyih Service Residences,,Freehold,"Jalan Semenyih Off Jalan Bandar Rinching, Semenyih, Selangor",,,,Condominium,1,Medium,Non Bumi Lot,230500,Selangor,11,512.2222222222222
2.0,2.0,1005,"Gymnasium, Multipurpose hall, Parking, Security, Swimming Pool, Playground, Tennis Court, Squash Court, Jogging Track, Barbeque area, Sauna, Lift",Molek Regency,ALPHA ASTRAL REALTY SDN BHD,Freehold,"Jalan Molek 3/20, Taman Molek, Johor Bahru, Johor",2018.0,,1050,Condominium,,,Non Bumi Lot,515000,Johor,12,512.4378109452737
1.0,1.0,430,"Parking, Playground, Gymnasium, Sauna, Multipurpose hall, Security, Swimming Pool, Lift",Parc Regency Serviced Apartment,Malaysia Land Properties Sdn. Bhd.,Freehold,"Off Jalan Masai Baru, Plentong, Johor Bahru, Johor",2019.0,25,2003,Service Residence,1,Low,Non Bumi Lot,200000,Johor,8,465.1162790697674
3.0,2.0,1050,,Prima Regency Service Apartment,,Freehold,"Jalan Masai Baru, Plentong, Johor Bahru, Johor",,4,,Service Residence,,,Non Bumi Lot,298000,Johor,,283.8095238095238
3.0,2.0,986,"Club house, Parking, Security, Minimart, Lift, Sauna, Squash Court, Jogging Track, Multipurpose hall, Swimming Pool, Gymnasium, Playground, Barbeque area",D'Inspire Residence @ Nusa Bestari,Khoo Soon Lee Realty Sdn. Bhd.,Freehold,"Taman Nusa Bestari, Skudai, Iskandar Puteri, Johor",2015.0,25,585,Apartment,2,High,Non Bumi Lot,418000,Johor,13,423.9350912778905
3.0,2.0,950,"Parking, Security, Lift",Plaza Indah,TLS Group,Freehold,"Jalan Sepakat Indah 1, Off Jalan Sungai Shua, Taman Sepakat Indah, Kajang, Selangor",,,309,Apartment,1,,Non Bumi Lot,220000,Selangor,3,231.57894736842104
3.0,2.0,1055,"Parking, Security, Lift, Swimming Pool, Playground, Gymnasium, Sauna, Barbeque area, Minimart, Multipurpose hall, Club house, Jogging Track",Koi Prima,Masteron Group,Leasehold,"Jalan Puchong, Puchong, Selangor",,,,Condominium,2,,Non Bumi Lot,320000,Selangor,12,303.3175355450237
3.0,2.0,1017,"Parking, Security, Lift, Swimming Pool, Playground, Gymnasium, Sauna, Barbeque area, Minimart, Multipurpose hall, Club house, Jogging Track",Savanna Executive Suites,Mah Sing Group Berhad,Freehold,"Lebuhraya KL-Serermban, Sungai Besi, Bangi, Selangor",,,,Service Residence,2,,Non Bumi Lot,280000,Selangor,12,275.31956735496556
3.0,2.0,720,"Parking, Sauna, Gymnasium, Jogging Track, Barbeque area, Security, Swimming Pool",The Heights Residence @ Taman Muzaffar Heights,Scientex Berhad,Leasehold,"Melaka, Ayer Keroh, Ayer Keroh, Melaka",2018.0,,160,Condominium,1,Medium,Non Bumi Lot,320000,Melaka,7,444.44444444444446
4.0,4.0,1474,"Parking, Playground, Multipurpose hall, Gymnasium, Lift, Barbeque area, Security, Swimming Pool, Jogging Track",The Riyang @ Happy Garden,Suntrack Development Sdn Bhd,Freehold,"Off Jalan Kuchai Maju, Happy Garden, Kuchai Lama, Kuala Lumpur",2020.0,35,212,Condominium,2,High,Non Bumi Lot,880000,Kuala Lumpur,9,597.0149253731344
2.0,1.0,788,,TT3 Soho,Ibraco Berhad,Leasehold,"Lorong 8, Jalan Tabuan Tranquility, Kuching, Sarawak",,,,Service Residence,,High,Non Bumi Lot,550000,Sarawak,,697.9695431472081
2.0,1.0,517,Lift,Taman Bukit Cheras,Titijaya Land Berhad,Freehold,"Selangor, Cheras South, Cheras, Selangor",,,,Apartment,,Medium,Non Bumi Lot,180000,Selangor,1,348.1624758220503
3.0,2.0,650,,Rumah Pangsa Impian (Saujana Putra),,Leasehold,"Off Jalan Saujana Putra, Bandar Saujana Putra, Kuala Langat, Selangor",,5,,Flat,,Low,Non Bumi Lot,200000,Selangor,,307.6923076923077
3.0,2.0,850,"Parking, Security, Playground",Alam Budiman (Sri Budiman),SHL Consolidated Berhad,Freehold,"Jalan Pulau Lumut U10/76f, Setia Alam, Selangor",,,536,Apartment,2,Low,Non Bumi Lot,300000,Selangor,3,352.94117647058823
3.0,2.0,800,,,,Leasehold,,,,,Apartment,2,Medium,Non Bumi Lot,438000,,,547.5
3.0,2.0,1432,"Parking, Security, Lift, Swimming Pool, Playground, Gymnasium, Sauna, Multipurpose hall, Club house, Jogging Track",Tribeca,,Leasehold,"Lorong Urat Mata 4, Jalan Urat Mata, Kuching, Sarawak",,,684,Condominium,2,High,Non Bumi Lot,700000,Sarawak,10,488.8268156424581
2.0,1.0,527,"Lift, Playground",Perumahan Awam Sri Perak,,Leasehold,"Jalan 1/48A, Sentul, Kuala Lumpur",,,,Flat,,Low,Bumi Lot,195000,Kuala Lumpur,2,370.0189753320683
3.0,2.0,1108,"Playground, Jogging Track, Swimming Pool, Security, Lift, Parking, Gymnasium, Minimart, Club house",SkyVilla Condominium (MJC),Mudajaya Group,Leasehold,"Bandar Baru Batu Kawa (MJC), Kuching, Sarawak",,,,Condominium,1,High,Non Bumi Lot,493000,Sarawak,9,444.94584837545125
3.0,2.0,860,"Swimming Pool, Parking, Security, Playground",Pangsapuri Resak,,Leasehold,"U10/14, Persiaran Pulau Carey, Seksyen U10, Shah Alam, Selangor",,,,Apartment,,,Bumi Lot,195000,Selangor,4,226.74418604651163
3.0,2.0,1011,"Jogging Track, Lift, Barbeque area, Parking, Swimming Pool, Club house, Playground, Tennis Court, Gymnasium, Multipurpose hall, Security, Sauna",Horizon Residence Luxury Apartment,Mahabuilders Berhad,Freehold,"Lebuhraya Bukit Indah, Bukit Indah, Johor Bahru, Johor",2014.0,26,440,Apartment,,,Non Bumi Lot,420000,Johor,12,415.43026706231456
3.0,2.0,925,"Gymnasium, Security, Playground, Swimming Pool, Barbeque area, Parking, Minimart, Tennis Court, Club house",Cyberia SmartHomes,Paramoden (MK Land),Freehold,"Persiaran Multimedia, Cyberjaya, Selangor",2002.0,,1188,Condominium,1,Medium,Non Bumi Lot,255000,Selangor,9,275.6756756756757
3.0,2.0,753,"Parking, Playground, Barbeque area, Minimart, Jogging Track",Pangsapuri Angsana,,Freehold,"Jalan Penggawa 2/2, Cheras, Selangor",,,,Apartment,,High,Bumi Lot,240000,Selangor,5,318.7250996015936
3.0,2.0,1093,"Security, Swimming Pool, Barbeque area, Playground, Sauna, Parking, Gymnasium, Tennis Court",East Lake Residence,Hongkong Land,Leasehold,"Persiaran Serdang Perdana, Taman Serdang Perdana, Seksyen 3, Seri Kembangan, Selangor",,,634,Condominium,,Medium,Bumi Lot,350000,Selangor,8,320.2195791399817
3.0,3.0,1400,"Parking, Security, Lift, Swimming Pool, Playground, Gymnasium, Sauna, Barbeque area, Minimart, Multipurpose hall, Club house, Jogging Track, Tennis Court, Squash Court",Raffel Tower,BSG Property,Freehold,"1 Off Jalan Bukit Gambir, Bukit Gambir, Gelugor, Penang",2015.0,29,260,Condominium,2,Medium,Non Bumi Lot,978000,Penang,14,698.5714285714286
3.0,2.0,800,"Swimming Pool, Security, Parking, Minimart, Playground, Sauna, Gymnasium, Lift",Karisma @ Eco Majestic,Eco World Development Group Berhad,Freehold,"Pangsapuri Karisma, Jalan Eco Majestic 3A/5, Semenyih, Selangor",2014.0,4,75,Apartment,2,Medium,Non Bumi Lot,260000,Selangor,8,325.0
3.0,2.0,953,"Minimart, Barbeque area, Playground, Jogging Track, Security",Melana Apartment,,Freehold,"Jalan Pendidikan 1, Skudai, Johor",,4,,Apartment,,Medium,Non Bumi Lot,263000,Johor,5,275.97061909758656
3.0,2.0,750,Parking,Taman Pulai Utama @ Shop Apartment,,Freehold,"65-1-2 jln pulai 44 Taman pulai utama 81300 Skudai Johor, Skudai, Johor",,,,Apartment,,Low,Non Bumi Lot,168000,Johor,1,224.0
3.0,2.0,1152,"Security, Multipurpose hall, Lift, Barbeque area, Playground, Swimming Pool, Sauna, Parking, Gymnasium, Jogging Track",Flexis @ One South,Hua Yang Berhad,Leasehold,"Persiaran Serdang Perdana, Seri Kembangan, Selangor",2015.0,21,424,Others,,Low,Non Bumi Lot,530000,Selangor,10,460.06944444444446
3.0,2.0,1334,"Jogging Track, Multipurpose hall, Swimming Pool, Tennis Court, Parking, Gymnasium, Security, Playground, Barbeque area, Lift, Minimart, Club house",Sky Condominium @ Bandar Puchong Jaya,IOI Properties Group,Freehold,"Persiaran Puchong Jaya Selatan, Bandar Puchong Jaya, Puchong, Selangor",2019.0,30,1039,Condominium,2,Medium,Non Bumi Lot,950000,Selangor,12,712.143928035982
1.0,1.0,705,"Security, Swimming Pool, Barbeque area, Playground, Gymnasium, Jogging Track, Sauna, Multipurpose hall, Lift, Parking, Minimart",The Elements,Elite Forward Sdn Bhd (L&G / Mayland),Freehold,"Jalan Ampang Ulu, Ampang, Ampang, Kuala Lumpur",2015.0,41,1040,Service Residence,1,,Non Bumi Lot,375000,Kuala Lumpur,11,531.9148936170212
3.0,2.0,689,"Security, Lift, Playground, Jogging Track",Sun Moon City,,Freehold,"Tingkat Paya Terubong 4, Ayer Itam, Penang",,,,Apartment,,Medium,Non Bumi Lot,200000,Penang,4,290.2757619738752
3.0,2.0,1700,,Village Grove Condominium,,Leasehold,"Taman BDC, Kuching, Sarawak",,,,Condominium,1,High,Non Bumi Lot,580000,Sarawak,,341.1764705882353
3.0,2.0,958,"Playground, Security, Minimart, Swimming Pool, Barbeque area, Parking",Persiaran Tanjung Apartment,,Leasehold,"Jalan Persiaran Tanjung, Tampoi, Johor",,17,,Apartment,1,High,Bumi Lot,228000,Johor,6,237.99582463465552
3.0,2.0,965,"Parking, Gymnasium, Swimming Pool, Playground",228 Selayang Condominium,Mahumas Sdn Bhd,Leasehold,"Jalan Besar Selayang Baru, Selayang Baru, Selayang, Selangor",2015.0,16,228,Condominium,,,Bumi Lot,368000,Selangor,4,381.34715025906735
3.0,2.0,1120,"Parking, Security, Lift, Swimming Pool, Gymnasium",Yarra Park,,Leasehold,"Lorong Dogan 6, Kuching, Sarawak",,,,Apartment,1,Medium,Non Bumi Lot,530000,Sarawak,5,473.2142857142857
4.0,3.0,1654,"Parking, Security, Playground, Swimming Pool, Lift, Barbeque area, Sauna, Gymnasium, Jogging Track, Minimart, Multipurpose hall",Puteri Palma Condominium,IOI Properties Group,Freehold,"SKVE, IOI Resort, Putrajaya, Putrajaya",1998.0,15,198,Condominium,2,Medium,Non Bumi Lot,670000,Putrajaya,11,405.07859733978233
3.0,2.0,1000,"Parking, Jogging Track, Security, Barbeque area, Minimart, Playground, Lift",Sri Lavender Apartment,TLS Group,Freehold,"Jalan Sepakat Indah 2/1, Taman Sepakat Indah 2, Kajang, Selangor",2007.0,13,445,Apartment,,Low,Non Bumi Lot,295000,Selangor,7,295.0
3.0,2.0,700,"Swimming Pool, Tennis Court, Security, Parking, Playground, Lift",Azuria,,Freehold,"No. 18, Jalan Lembah Permai, Tanjong Bungah,, Tanjung Bungah, Penang",1999.0,16,476,Condominium,1,Medium,Non Bumi Lot,320000,Penang,6,457.14285714285717
3.0,2.0,1400,"Parking, Playground, Jogging Track",Lestari Perdana Apartment,,Leasehold,"Jalan LP 7/2, Lestari Perdana, Seri Kembangan, Selangor",,,,Others,2,,Non Bumi Lot,410000,Selangor,3,292.85714285714283
3.0,2.0,650,,Palma Apartment (Bandar Country Homes),,Freehold,"Off Jalan Batu Arang, Bandar Country Homes, Rawang, Selangor",,,,Apartment,,Low,Non Bumi Lot,100000,Selangor,,153.84615384615384
2.0,1.0,560,"Lift, Playground, Parking",Sri Pangkor (Sentul),,Leasehold,"Jalan Sentul, Sentul, Kuala Lumpur",,,,Flat,3,High,Bumi Lot,148000,Kuala Lumpur,3,264.2857142857143
3.0,2.0,900,"Parking, Security, Lift, Swimming Pool, Playground, Gymnasium, Sauna, Barbeque area, Minimart, Multipurpose hall, Club house, Jogging Track, Tennis Court, Squash Court",Damansara PJ New Condo,,Leasehold,"SS2, Petaling Jaya, Selangor, SS2",,,,Service Residence,2,,Non Bumi Lot,380500,SS2,14,422.77777777777777
3.0,2.0,1598,"Security, Swimming Pool, Gymnasium, Parking, Lift, Playground, Multipurpose hall",The Clovers,Asia Green Group,Freehold,"Jalan Merbah Off Jalan Dato Ismail Hashim, Sungai Ara, Penang",2017.0,42,670,Condominium,2,Medium,Non Bumi Lot,620000,Penang,7,387.9849812265332
3.0,2.0,900,"Parking, Security, Lift, Swimming Pool, Playground, Gymnasium, Sauna, Barbeque area, Minimart, Multipurpose hall, Club house, Jogging Track, Tennis Court, Squash Court",Damansara PJ New Condo,,Leasehold,"Bandar Utama, Petaling Jaya, Selangor, Selangor, Bandar Utama",,,,Service Residence,2,,Non Bumi Lot,380000,Bandar Utama,14,422.22222222222223
3.0,2.0,900,"Parking, Security, Lift, Swimming Pool, Playground, Gymnasium, Sauna, Barbeque area, Minimart, Multipurpose hall, Club house, Jogging Track, Tennis Court, Squash Court",Damansara PJ New Condo,,Leasehold,"Damansara Jaya, Petaling Jaya, Selangor, Selangor, Damansara Jaya",,,,Service Residence,2,,Non Bumi Lot,380300,Damansara Jaya,14,422.55555555555554
3.0,2.0,1001,"Security, Minimart, Lift, Parking, Playground",Pangsapuri Saujana Permai 2,Majlis Perbandaran Kajang,Freehold,"Jalan Bukit Mutiara 1, Sentosa Heights, Kajang, Selangor",2006.0,22,246,Apartment,2,Medium,Non Bumi Lot,280000,Selangor,5,279.72027972027973
3.0,2.0,850,,Indah Court Apartment (Bukit Indah),,Freehold,"Taman Bukit Indah 2, Bukit Indah, Johor Bahru, Johor",,15,,Apartment,,High,Non Bumi Lot,300000,Johor,,352.94117647058823
4.0,2.0,1180,"Security, Parking, Swimming Pool, Playground, Barbeque area, Minimart, Multipurpose hall, Gymnasium",Nusa Perdana Service Apartment,,Freehold,"Jalan Nusa Perdana, Gelang Patah, Johor",,,,Apartment,,Medium,Non Bumi Lot,298000,Johor,8,252.54237288135593
4.0,2.0,1385,"Security, Gymnasium, Playground, Swimming Pool, Multipurpose hall",Idaman Residence @ Nusa Idaman,UEM Sunrise Berhad,Freehold,"Off Persiaran Indah Utama, Nusa Idaman, Nusajaya, Skudai, Johor",,,42,Apartment,,Low,Non Bumi Lot,469000,Johor,5,338.6281588447653
3.0,2.0,800,Security,Pangsapuri Lotus (Teratai),,Freehold,"Taman Puchong Prima, Puchong, Selangor",,5,,Apartment,1,Low,Non Bumi Lot,270000,Selangor,1,337.5
3.0,2.0,983,"Parking, Security, Barbeque area, Minimart, Playground, Swimming Pool, Gymnasium, Tennis Court",Langat Jaya,,Freehold,"Kampung Melaka, Jalan Datuk Alias,, Cheras, Selangor",,23,,Condominium,1,Medium,Bumi Lot,320000,Selangor,8,325.53407934893187
3.0,3.0,1515,"Parking, Playground, Swimming Pool, Security, Lift, Gymnasium, Sauna, Barbeque area, Minimart, Multipurpose hall, Jogging Track",Puteri Palma Condominium,IOI Properties Group,Freehold,"SKVE, IOI Resort, Putrajaya, Putrajaya",1998.0,15,198,Condominium,1,Low,Non Bumi Lot,550000,Putrajaya,11,363.036303630363
3.0,3.0,1711,,Village Grove Condominium,,Leasehold,"Taman BDC, Kuching, Sarawak",,,,Condominium,1,High,Non Bumi Lot,470000,Sarawak,,274.69316189362945
3.0,2.0,850,"Security, Parking",Flora Damansara,MK Land Holdings,Leasehold,"Jalan PJU 8/9, Damansara Perdana, Selangor",2015.0,20,1440,Condominium,1,Medium,Non Bumi Lot,245000,Selangor,2,288.2352941176471
3.0,3.0,1667,,Village Grove Condominium,,Leasehold,"Taman BDC, Kuching, Sarawak",,,,Condominium,1,High,Non Bumi Lot,580000,Sarawak,,347.9304139172166
5.0,2.0,2020,,Village Grove Condominium,,Leasehold,"Taman BDC, Kuching, Sarawak",,,,Condominium,2,High,Non Bumi Lot,650000,Sarawak,,321.7821782178218
3.0,2.0,1012,"Playground, Gymnasium, Sauna, Swimming Pool, Security, Barbeque area, Minimart, Parking, Lift, Multipurpose hall",Amara Service Residences,Jaya Megah Development Sdn Bhd,Freehold,"Jalan Raintree Utama, Batu Caves, Selangor",2014.0,23,744,Service Residence,3,Medium,Non Bumi Lot,369900,Selangor,10,365.5138339920949
3.0,2.0,650,"Parking, Security, Lift",Mutiara Vista,Syarikat Perumahan Negara Berhad,Freehold,"Jalan Jelutong, Jelutong, Penang",,27,454,Apartment,1,Medium,Non Bumi Lot,320000,Penang,3,492.3076923076923
3.0,2.0,650,"Security, Playground",Seroja Apartment,S P Setia Bhd,Freehold,"Jalan Setia Murni U13/50, Setia Alam, Selangor",,5,,Apartment,,Medium,Bumi Lot,220000,Selangor,2,338.46153846153845
1.0,1.0,477,"Barbeque area, Multipurpose hall, Security, Playground, Swimming Pool, Gymnasium, Parking, Lift, Sauna",Kiara Plaza,SYF Development,Freehold,"Jalan Semenyih, Semenyih, Selangor",2017.0,23,763,Service Residence,1,Low,Non Bumi Lot,220000,Selangor,9,461.2159329140461
3.0,2.0,1117,"Swimming Pool, Parking, Security, Lift, Playground, Gymnasium",Casa Kayangan,Perbadanan Kemajuan Negeri Perak (PKNP),Freehold,"Persiaran Meru Raya 2, Ipoh, Perak",,,,Apartment,,,Bumi Lot,320000,Perak,6,286.4816472694718
2.0,1.0,516,,Bandar Selesa Jaya,,Freehold,"Jalan Silat Gayong 14, Bandar Selesa Jaya, Skudai, Johor",,,,Flat,,,Non Bumi Lot,118000,Johor,,228.68217054263565
2.0,1.0,494,,Flat Taman Ungku Tun Aminah,Tasek Maju Realty Sdn Bhd,Freehold,"Taman Ungku Tun Aminah, Skudai, Johor",,,,Flat,,High,Non Bumi Lot,125000,Johor,,253.03643724696357
3.0,3.0,1200,"Parking, Security, Lift, Swimming Pool, Playground, Gymnasium, Sauna, Barbeque area, Minimart, Multipurpose hall, Club house, Jogging Track, Tennis Court, Squash Court",Vista Harmoni,,Freehold,"Jalan Sentul, Kuala Lumpur, Sentul",,,,Condominium,2,Medium,Non Bumi Lot,530000,Sentul,14,441.6666666666667
4.0,3.0,1300,"Parking, Security, Lift, Swimming Pool, Playground, Gymnasium, Sauna, Barbeque area, Minimart, Multipurpose hall, Club house, Jogging Track, Tennis Court, Squash Court",MiNest Residence,Mi Nest Development Sdn Bhd,Freehold,"Jalan Sinar Sentul, Sentul, Kuala Lumpur",2023.0,44,684,Service Residence,3,Medium,Non Bumi Lot,518000,Kuala Lumpur,14,398.46153846153845
2.0,1.0,526,,Selera Jaya flat,,Freehold,"Block 1x-02xx, selera jaya flat, jalan silat Gayong 18, Bandar selesa jaya,, Johor, Skudai",,,,Flat,,Low,Non Bumi Lot,110000,Skudai,,209.1254752851711
3.0,2.0,1261,"Gymnasium, Parking, Security, Swimming Pool, Lift, Playground, Sauna, Barbeque area, Multipurpose hall, Minimart",Trinity Aquata,Trinity Group,Freehold,"Sungai Besi, Sungai Besi, Kuala Lumpur",2019.0,26,344,Condominium,2,High,Non Bumi Lot,659900,Kuala Lumpur,10,523.3148295003965
3.0,3.0,1690,"Parking, Lift, Security, Playground, Swimming Pool, Minimart, Multipurpose hall, Sauna, Gymnasium, Barbeque area",8 Petaling,Petaling Garden Sdn Bhd (I & P Group),Freehold,"Jalan Radin, Zone K, Bandar Baru Sri Petaling, Sri Petaling, Kuala Lumpur",2014.0,18,156,Condominium,2,Low,Bumi Lot,738000,Kuala Lumpur,10,436.68639053254435
4.0,3.0,1300,"Parking, Security, Lift, Swimming Pool, Playground, Gymnasium, Sauna, Barbeque area, Minimart, Multipurpose hall, Club house, Jogging Track, Tennis Court, Squash Court",MiNest Residence,Mi Nest Development Sdn Bhd,Freehold,"Jalan Sinar Sentul, Sentul, Kuala Lumpur",2023.0,44,684,Service Residence,,Medium,Non Bumi Lot,545000,Kuala Lumpur,14,419.2307692307692
3.0,2.0,675,"Minimart, Parking",Impiana Apartment,Palm Grove Homes / Kenmeiwood Construction & Engineering Works,Leasehold,"Jalan Wangsa 3/8, Taman Wangsa Permai,, Kepong, Kuala Lumpur",,5,,Apartment,,High,Non Bumi Lot,97999,Kuala Lumpur,2,145.1837037037037
3.0,2.0,610,,Jasa,,Leasehold,"Jalan Hang Hebat, Skudai, Johor",,,,Flat,,Low,Non Bumi Lot,128000,Johor,,209.8360655737705
3.0,2.0,850,,Sri Selera Court Apartment,,Freehold,"Jalan Persiaran Perdana,Taman Tan Sri Yacob, Johor Bahru, Johor",,,,Apartment,1,Low,Non Bumi Lot,230000,Johor,,270.5882352941176
3.0,2.0,1000,"Playground, Sauna, Swimming Pool, Gymnasium, Barbeque area, Multipurpose hall, Lift, Security, Parking, Minimart, Jogging Track",LSH Sentul,Lim Seong Hai Holdings Sdn Bhd,Leasehold,"Lot 30256 & 3952, Jalan Sentul Pasar, Sentul, Kuala Lumpur",2023.0,38,900,Apartment,,Medium,Non Bumi Lot,450000,Kuala Lumpur,11,450.0
3.0,2.0,1000,"Gymnasium, Multipurpose hall, Playground, Swimming Pool, Sauna, Barbeque area",LSH Sentul,Lim Seong Hai Holdings Sdn Bhd,Leasehold,"Lot 30256 & 3952, Jalan Sentul Pasar, Sentul, Kuala Lumpur",2023.0,38,900,Apartment,2,Medium,Non Bumi Lot,445000,Kuala Lumpur,6,445.0
1.0,1.0,434,,Parc Regency Serviced Apartment,Malaysia Land Properties Sdn. Bhd.,Freehold,"Off Jalan Masai Baru, Plentong, Johor Bahru, Johor",2019.0,25,2003,Service Residence,,High,Non Bumi Lot,205000,Johor,,472.35023041474653
3.0,2.0,750,,Taman Plentong Utama,,Freehold,"Jalan Bunga Daisi 8, Masai, Johor",,,,Flat,,Medium,Non Bumi Lot,135000,Johor,,180.0
2.0,1.0,525,,Taman Selesa Jaya,,Freehold,"Taman Selesa Jaya, Skudai, Johor",,,,Flat,,Low,Non Bumi Lot,120000,Johor,,228.57142857142858
3.0,2.0,929,"Parking, Security, Lift, Swimming Pool, Playground, Gymnasium, Jogging Track",Kiara Court,,Leasehold,"Jalan Nilam 3, Nilai, Negeri Sembilan",,,,Apartment,2,,Bumi Lot,290000,Negeri Sembilan,7,312.16361679224974
3.0,3.0,1515,"Parking, Playground, Swimming Pool, Security, Tennis Court, Squash Court, Lift, Gymnasium, Sauna, Barbeque area, Minimart, Multipurpose hall, Jogging Track",Puteri Palma Condominium,IOI Properties Group,Freehold,"SKVE, IOI Resort, Putrajaya, Putrajaya",1998.0,15,198,Condominium,1,High,Non Bumi Lot,550000,Putrajaya,13,363.036303630363
3.0,2.0,1350,"Parking, Security, Lift, Swimming Pool, Playground, Gymnasium, Sauna, Barbeque area, Multipurpose hall",Parkland Residence @ Sungai Melaka,Parkland Group,Freehold,"Jalan Tun Perak, Bukit Baru, Melaka",2020.0,,809,Service Residence,2,Medium,Non Bumi Lot,548000,Melaka,9,405.9259259259259
3.0,2.0,1065,,Prima Regency Service Apartment,,Freehold,"Jalan Masai Baru, Plentong, Johor Bahru, Johor",,4,,Service Residence,,Medium,Non Bumi Lot,350000,Johor,,328.63849765258215
2.0,2.0,876,,One Medini Condominium,,Leasehold,"No.2, Jalan Medini Utara 3, Johor Bahru, Johor",,,,Condominium,,,Non Bumi Lot,350000,Johor,,399.5433789954338
3.0,2.0,1066,"Multipurpose hall, Security, Playground, Swimming Pool, Parking, Barbeque area, Jogging Track",Utropolis Serviced Apartment 1,Paramount Property,Freehold,"Persiaran Kerjaya Off Jalan Kontraktor U1/14, Glenmarie, Selangor",,,414,Condominium,2,,Non Bumi Lot,560000,Selangor,7,525.328330206379
1.0,1.0,678,,Zennith Suites,,Leasehold,"Jalan Kebun Teh 1, Johor Bahru, Johor",,27,303,Condominium,,Medium,Non Bumi Lot,245000,Johor,,361.35693215339234
3.0,2.0,850,"Swimming Pool, Playground, Jogging Track, Security, Gymnasium, Tennis Court, Parking",Putatan Platinum Apartment,Syarikat Perumahan Negara Berhad,Leasehold,"Jalan Putatan, Penampang, Sabah",,12,1012,Apartment,,Low,Non Bumi Lot,298000,Sabah,7,350.5882352941176
6.0,5.0,2896,"Parking, Playground, Barbeque area, Jogging Track, Security","lake point residence , landed ,cyerjaya",,Freehold,"Jalan LPR 5, Selangor, Cyberjaya",,,,Others,,Low,Non Bumi Lot,1095000,Cyberjaya,5,378.1077348066298
3.0,2.0,1001,Parking,Apartment Kenanga Mewah,,Freehold,"Taman Kenanga Mewah, Kampung Lapan, Melaka City, Melaka",,,,Apartment,,High,Non Bumi Lot,200000,Melaka,1,199.8001998001998
3.0,3.0,1654,"Parking, Playground, Swimming Pool, Security, Lift, Gymnasium, Sauna, Barbeque area, Minimart, Multipurpose hall, Jogging Track",Puteri Palma Condominium,IOI Properties Group,Freehold,"SKVE, IOI Resort, Putrajaya, Putrajaya",1998.0,15,198,Condominium,2,Low,Non Bumi Lot,437400,Putrajaya,11,264.4498186215236
3.0,3.0,1668,"Swimming Pool, Security, Parking, Playground, Lift, Gymnasium, Sauna, Barbeque area, Minimart, Multipurpose hall, Jogging Track",,,Freehold,,,,,Condominium,2,Low,Non Bumi Lot,620000,,11,371.7026378896883
3.0,2.0,861,"Parking, Security",Kasturi (Johor Bahru),,Freehold,"Jalan Dato' Onn Utama, Johor Bahru, Johor",,,,Apartment,,Medium,Bumi Lot,290000,Johor,2,336.8176538908246
3.0,2.0,1053,"Parking, Security, Playground, Multipurpose hall, Jogging Track",Goodview Heights ( Villa Residence ),SHL Consolidated Berhad,Freehold,"Jalan Goodview 1, Goodview Height, Kajang, Selangor",2016.0,5,469,Apartment,2,,Non Bumi Lot,225500,Selangor,5,214.1500474833808
3.0,2.0,1081,"Parking, Multipurpose hall, Security, Swimming Pool, Sauna, Minimart, Playground, Gymnasium, Lift, Barbeque area",1 Sentul,Sentul Perdana Sdn. Bhd,Freehold,"Jalan Sentul Ria 1, Sentul, Sentul, Kuala Lumpur",2011.0,23,284,Condominium,2,,Non Bumi Lot,465500,Kuala Lumpur,10,430.61979648473636
3.0,2.0,900,"Minimart, Playground, Swimming Pool, Barbeque area, Club house, Parking, Security, Lift",Pelangi Indah,Syarikat Perumahan Negara Berhad,Freehold,"Jalan Degong, Off Batu 4 1/4 Jalan Ipoh,, Jalan Ipoh, Kuala Lumpur",2003.0,20,290,Condominium,1,Medium,Non Bumi Lot,250000,Kuala Lumpur,8,277.77777777777777
2.0,2.0,1100,"Security, Gymnasium, Parking, Swimming Pool, Lift",Southbay Plaza @ Southbay City,Mah Sing Group Berhad,Freehold,"Southbay City, Jalan Permatang Damar Laut, Batu Maung, Bayan Lepas, Penang",2013.0,30,,Service Residence,3,,Non Bumi Lot,850000,Penang,5,772.7272727272727
3.0,2.0,1011,"Swimming Pool, Gymnasium, Barbeque area, Security, Playground, Sauna, Minimart, Lift, Parking, Multipurpose hall",Amara Service Residences,Jaya Megah Development Sdn Bhd,Freehold,"Jalan Raintree Utama, Batu Caves, Selangor",2014.0,23,744,Service Residence,2,High,Non Bumi Lot,300000,Selangor,10,296.7359050445104
3.0,2.0,1190,"Parking, Security, Lift, Swimming Pool, Playground, Barbeque area, Multipurpose hall, Tennis Court",Elaeis 2,,Freehold,"Block D, Jalan Bait U8/1, Section U8, Shah Alam, Selangor",2002.0,10,,Condominium,1,Low,Bumi Lot,488000,Selangor,8,410.0840336134454
3.0,2.0,850,"Multipurpose hall, Security, Swimming Pool",SuriaMas Suites (Johor Bahru),IJM LAND BERHAD,Leasehold,"Jalan Dato Jaafar, Taman Dato' Onn, Larkin, Johor Bahru, Johor",,10,65,Service Residence,,Low,Non Bumi Lot,335000,Johor,3,394.11764705882354
3.0,2.0,818,"Parking, Jogging Track, Swimming Pool, Gymnasium, Lift, Barbeque area, Security, Playground",Majestic Maxim,Maxim Holdings,Leasehold,"Jalan 9/142, Taman Connaught, Cheras, Kuala Lumpur",2021.0,44,2136,Service Residence,1,High,Non Bumi Lot,340000,Kuala Lumpur,8,415.64792176039117
3.0,2.0,850,"Swimming Pool, Squash Court, Club house, Parking, Tennis Court, Security, Minimart, Playground, Gymnasium, Jogging Track, Barbeque area, Sauna, Lift",Villa Emas,Techware Enterprise Sdn Bhd,Leasehold,"Persiaran Bayan Indah,, Bayan Lepas, Penang",1998.0,16,488,Condominium,1,,Non Bumi Lot,447000,Penang,13,525.8823529411765
3.0,2.0,950,"Security, Playground, Parking, Swimming Pool",OUG Parklane,Akisama Group of companies,Freehold,"Jalan 1/152, Off Jalan Puchong, Taman OUG, OUG, Kuala Lumpur",2015.0,31,4225,Service Residence,2,Medium,Non Bumi Lot,450000,Kuala Lumpur,4,473.6842105263158
3.0,2.0,776,"Security, Parking, Lift, Playground, Sauna, Minimart",Taman Seri Murni (Selayang),,Leasehold,"Jalan 1/2D, Selayang, Selangor",,18,,Apartment,1,Low,Non Bumi Lot,178000,Selangor,6,229.38144329896906
3.0,1.0,650,"Security, Parking, Playground",Seroja Apartment,S P Setia Bhd,Freehold,"Jalan Setia Murni U13/50, Setia Alam, Selangor",,5,,Apartment,,Medium,Bumi Lot,220000,Selangor,3,338.46153846153845
3.0,2.0,850,Lift,Flora Damansara,MK Land Holdings,Leasehold,"Jalan PJU 8/9, Damansara Perdana, Selangor",2015.0,20,1440,Condominium,1,Medium,Non Bumi Lot,245000,Selangor,1,288.2352941176471
3.0,2.0,932,"Playground, Security, Swimming Pool, Barbeque area, Parking, Minimart, Lift, Jogging Track",Sri Hijau,,Freehold,"Jalan Permaisuri 1/6, Taman Bukit Permai, Bandar Mahkota Cheras, Bandar Mahkota Cheras, Selangor",,9,,Condominium,1,Medium,Non Bumi Lot,300000,Selangor,8,321.88841201716735
3.0,2.0,656,"Security, Parking",Sri Pinang (Georgetown),,Leasehold,"No. 23, Jalan Logan, Georgetown, Penang",1993.0,8,23,Apartment,,High,Non Bumi Lot,230000,Penang,2,350.609756097561
4.0,2.0,1340,"Security, Playground, Parking, Lift, Swimming Pool, Gymnasium, Minimart",Desa Putra (Wangsa Maju),,Leasehold,"Jalan 58/26, Wangsa Maju, Kuala Lumpur",2007.0,19,436,Condominium,1,Low,Bumi Lot,630000,Kuala Lumpur,7,470.14925373134326
3.0,2.0,688,Parking,Pangsapuri Seri Nilam,,Leasehold,"Jalan Sigma U6/14, Taman Subang Permata, Bandar Bukit Raja, Selangor",,,,Flat,1,Low,Bumi Lot,150000,Selangor,1,218.02325581395348
3.0,1.0,603,"Multipurpose hall, Minimart, Lift",Putra Ria Apartment,,Leasehold,"Kampung Abdullah Hukum, Off Jalan Maarof, Bangsar, Kuala Lumpur",,,,Apartment,,High,Bumi Lot,235000,Kuala Lumpur,3,389.71807628524044
3.0,2.0,1048,"Parking, Security, Lift, Playground, Gymnasium, Barbeque area, Minimart, Multipurpose hall, Jogging Track, Tennis Court",Residensi Alam Damai (PR1MA @ Alam Damai),,Leasehold,"Jalan Desa Cheras, Cheras, Kuala Lumpur",,,,Apartment,2,Low,Bumi Lot,450000,Kuala Lumpur,10,429.3893129770992
3.0,2.0,800,"Jogging Track, Minimart, Playground, Parking, Security, Gymnasium, Sauna",Relau Vista,Alor Vista Sdn Bhd,Freehold,"Lebuh Relau 6, Bayan Lepas, Penang",2008.0,29,,Apartment,1,,Non Bumi Lot,345000,Penang,7,431.25
3.0,2.0,750,"Gymnasium, Security, Minimart, Jogging Track, Sauna, Parking, Playground",Relau Vista,Alor Vista Sdn Bhd,Freehold,"Lebuh Relau 6, Bayan Lepas, Penang",2008.0,29,,Apartment,1,,Non Bumi Lot,345000,Penang,7,460.0
3.0,2.0,650,,Idaman Seroja,Koperasi Tunas Muda,Leasehold,"Lintang Sungai Ara 9, Sungai Ara, Penang",,,,Apartment,1,,Non Bumi Lot,276000,Penang,,424.61538461538464
3.0,2.0,700,"Parking, Security",Desa Permata Ruby Block 17,,Freehold,"Lintang Paya Terubong 1, Ayer Itam, Penang",1995.0,11,100,Apartment,1,Medium,Non Bumi Lot,260000,Penang,2,371.42857142857144
3.0,2.0,970,"Playground, Barbeque area, Swimming Pool, Security, Tennis Court, Parking",Desa Permai Indah Apartment,,Leasehold,"Lorong Helang 1, Sungai Dua, Penang",1997.0,14,528,Apartment,1,Medium,Non Bumi Lot,300000,Penang,6,309.2783505154639
3.0,2.0,1200,"Gymnasium, Swimming Pool, Parking, Security, Playground, Jogging Track",One Imperial,Ideal Property Group,Freehold,"Off Jalan Dato Ismail Hashim, Sungai Ara, Penang",2016.0,20,771,Condominium,2,Low,Non Bumi Lot,555000,Penang,6,462.5
3.0,2.0,900,"Security, Gymnasium, Barbeque area, Parking, Playground, Swimming Pool, Lift",Pangsapuri Bukit Beruang Bestari (University View),,Freehold,"Jalan Bukit Beruang, Batu Berendam, Melaka",,,,Apartment,1,Medium,Non Bumi Lot,290000,Melaka,7,322.22222222222223
3.0,2.0,1021,"Tennis Court, Gymnasium",Vantage Point,Salak Park Development,Freehold,"Jalan 4/125, Taman Desa Petaling, Desa Petaling, Kuala Lumpur",,14,,Condominium,,Medium,Non Bumi Lot,339000,Kuala Lumpur,2,332.0274240940255
3.0,2.0,810,"Security, Parking, Minimart, Swimming Pool",Puncak Banyan,Connaught Heights Sdn Bhd,Freehold,"Jalan Puncak Gading, Taman Connaught, Cheras, Kuala Lumpur",2007.0,20,1,Condominium,1,,Non Bumi Lot,288000,Kuala Lumpur,4,355.55555555555554
3.0,2.0,1046,"Parking, Security, Lift, Swimming Pool, Playground, Minimart, Multipurpose hall",South City Condominium,,Leasehold,"Sungai Besi Serdang Perdana, Taman Serdang Perdana, Seri Kembangan, Selangor, Selangor, Seri Kembangan",,,,Condominium,1,Medium,Non Bumi Lot,220000,Seri Kembangan,7,210.32504780114724
3.0,3.0,1045,"Parking, Jogging Track, Security, Lift, Swimming Pool, Playground, Gymnasium, Barbeque area, Minimart, Multipurpose hall",Razak City Residences,Razak City Residences,Leasehold,"Razak City, Lebuhraya Sungai Besi Besraya, Sungai Besi, Kuala Lumpur",,,,Condominium,1,Medium,Non Bumi Lot,560000,Kuala Lumpur,10,535.8851674641148
3.0,2.0,700,"Multipurpose hall, Playground, Barbeque area, Gymnasium, Swimming Pool, Jogging Track, Parking, Security",Melody Homes,Belleview Group,Freehold,"Lebuhraya Thean Teik, Farlim,, Ayer Itam, Penang",2012.0,30,500,Apartment,1,,Non Bumi Lot,380000,Penang,8,542.8571428571429
3.0,2.0,700,"Parking, Playground, Jogging Track, Barbeque area, Swimming Pool, Gymnasium, Multipurpose hall, Security",Melody Homes,Belleview Group,Freehold,"Lebuhraya Thean Teik, Farlim,, Ayer Itam, Penang",2012.0,30,500,Apartment,1,,Non Bumi Lot,340000,Penang,8,485.7142857142857
3.0,2.0,900,,One Foresta @ Bayan Lepas,Ideal Property Group,Freehold,"Lengkok Kelicap, Bayan Lepas, Penang",2019.0,42,2685,Condominium,2,,Non Bumi Lot,400000,Penang,,444.44444444444446
3.0,2.0,700,"Parking, Playground, Jogging Track, Barbeque area, Swimming Pool, Gymnasium, Multipurpose hall, Security",Melody Homes,Belleview Group,Freehold,"Lebuhraya Thean Teik, Farlim,, Ayer Itam, Penang",2012.0,30,500,Apartment,1,,Non Bumi Lot,350000,Penang,8,500.0
3.0,2.0,750,"Jogging Track, Minimart, Playground, Parking, Security, Lift",BJ Court Condominium,,Freehold,"Jalan Rumbia, Bayan Lepas, Penang",1998.0,35,,Condominium,1,,Non Bumi Lot,250000,Penang,6,333.3333333333333
3.0,2.0,650,,Kejora,,Freehold,"4, Cangkat Bukit Belah 3, Teluk Kumbar, Penang",,,,Flat,,,Non Bumi Lot,260000,Penang,,400.0
2.0,2.0,800,"Gymnasium, Barbeque area, Lift, Jogging Track, Multipurpose hall, Parking, Security, Swimming Pool",Eco Bloom @ Eco Meadows,Eco World Development Group Berhad,Freehold,"Jalan Paboi, Simpang Ampat, Penang",2020.0,33,490,Condominium,,,Non Bumi Lot,399000,Penang,8,498.75
3.0,3.0,1082,"Squash Court, Sauna, Lift, Parking, Security, Playground, Gymnasium, Barbeque area, Minimart, Swimming Pool",Residensi Adelia,Trans Loyal Development Sdn Bhd,Freehold,"Persiaran Bangi Avenue, Ladang Bangi, Kajang, Selangor",2022.0,,552,Condominium,1,Low,Non Bumi Lot,329000,Selangor,10,304.06654343807764
3.0,2.0,1050,"Security, Parking, Minimart",Sunshine Tower,Stallions,Freehold,"No. 97, Jalan Thomas, Bukit Dumbar, Jelutong, Penang",1999.0,9,36,Condominium,1,Low,Non Bumi Lot,550000,Penang,3,523.8095238095239
3.0,2.0,750,,Widuri Apartment (Butterworth),Harta Intan,Leasehold,"Lorong Widuri 1,, Butterworth, Penang",,,,Apartment,1,High,Non Bumi Lot,190000,Penang,,253.33333333333334
2.0,1.0,500,,Taman Sungai Batu,,Freehold,"Tingkat Sungai Batu, Teluk Kumbar, Penang",,,,Flat,,High,Bumi Lot,125000,Penang,,250.0
4.0,3.0,1539,"Minimart, Gymnasium, Tennis Court, Club house, Security, Playground, Swimming Pool, Barbeque area, Jogging Track, Multipurpose hall, Parking",La Vista Condominiums,IOI Properties Group,Freehold,"Jalan Tempua 2, Bandar Puchong Jaya, Puchong, Selangor",,15,192,Condominium,2,Medium,Non Bumi Lot,538000,Selangor,11,349.5776478232619
3.0,2.0,800,"Gymnasium, Parking, Minimart, Playground, Jogging Track, Sauna, Security",Relau Vista,Alor Vista Sdn Bhd,Freehold,"Lebuh Relau 6, Bayan Lepas, Penang",2008.0,29,,Apartment,1,,Non Bumi Lot,320000,Penang,7,400.0
3.0,2.0,800,"Gymnasium, Security, Minimart, Jogging Track, Sauna, Parking, Playground",Relau Vista,Alor Vista Sdn Bhd,Freehold,"Lebuh Relau 6, Bayan Lepas, Penang",2008.0,29,,Apartment,1,,Non Bumi Lot,303000,Penang,7,378.75
3.0,2.0,800,,Kingfisher Series Condominium,Hunza Properties Berhad,Freehold,"No. 9-10, Jalan Gangsa, Green Lane, Georgetown, Penang",1998.0,21,406,Condominium,,,Non Bumi Lot,320000,Penang,,400.0
2.0,2.0,550,,Flat Taman Perling,I&P Group,Leasehold,"Taman Perling, Perling, Johor",,,,Apartment,,Low,Non Bumi Lot,150000,Johor,,272.72727272727275
3.0,2.0,904,"Parking, Security, Lift, Gymnasium, Playground, Jogging Track",Vista Perdana (Butterworth),,Leasehold,"Off Jalan Bagan Jermal, Kampung Gajah, Butterworth, Butterworth, Penang",,,,Apartment,1,,Non Bumi Lot,270000,Penang,6,298.6725663716814
3.0,2.0,1000,"Parking, Security, Lift, Swimming Pool, Playground, Gymnasium",Puncak Gloxinia,,Freehold,"Jalan SMK Limau-Limauan, Papar, Sabah",,,,Condominium,1,Low,Bumi Lot,300000,Sabah,6,300.0
3.0,2.0,800,"Swimming Pool, Squash Court, Parking, Security, Tennis Court, Playground",Casa Impian,,Freehold,"No. 78, Jalan Ooi Thiam Siew, Jelutong, Penang",2006.0,18,182,Apartment,1,,Non Bumi Lot,420000,Penang,6,525.0
1.0,1.0,640,"Security, Jogging Track, Barbeque area, Parking, Tennis Court, Multipurpose hall, Squash Court, Sauna, Playground, Swimming Pool, Gymnasium",Molek Regency,ALPHA ASTRAL REALTY SDN BHD,Freehold,"Jalan Molek 3/20, Taman Molek, Johor Bahru, Johor",2018.0,,1050,Condominium,,High,Non Bumi Lot,348000,Johor,11,543.75
3.0,2.0,922,"Parking, Lift, Playground, Security, Swimming Pool, Gymnasium, Barbeque area, Multipurpose hall",Pangsapuri Seri Pinang (Seri Kembangan),,Freehold,"Jalan Besar, Seri Kembangan, Selangor",,14,,Apartment,1,High,Non Bumi Lot,365000,Selangor,8,395.87852494577004
3.0,2.0,1045,"Playground, Swimming Pool, Gymnasium, Tennis Court, Jogging Track, Parking, Security, Minimart, Barbeque area, Club house",Horizon Residence (Dwi Mutiara),,Freehold,"Jalan Lingkungan Indah Utama, Iskandar Puteri, Johor",2014.0,,440,Apartment,,High,Non Bumi Lot,420000,Johor,10,401.9138755980861
5.0,4.0,2293,"Security, Playground, Swimming Pool, Squash Court, Jogging Track, Club house, Parking, Multipurpose hall, Tennis Court, Lift, Barbeque area, Sauna, Minimart, Gymnasium",Impian Heights,IOI Properties Group Berhad,Freehold,"Jalan Pipit, Bandar Puchong Jaya, Puchong, Selangor",1999.0,16,520,Condominium,2,,Non Bumi Lot,547000,Selangor,14,238.55211513301353
4.0,2.0,1722,"Gymnasium, Tennis Court, Playground, Squash Court, Lift, Security, Jogging Track, Parking, Swimming Pool",Nusavilla,,Freehold,"Jalan Jati 11, Taman Nusa Bestari Jaya, Johor Bahru, Johor",,,,Condominium,,Low,Non Bumi Lot,488000,Johor,9,283.39140534262486
3.0,2.0,760,"Parking, Security, Lift, Playground, Gymnasium, Sauna, Barbeque area, Minimart, Multipurpose hall, Club house, Jogging Track, Tennis Court, Squash Court",Simfoni @ Eco Majestic,,Freehold,"Jalan Eco Majestic 3A/5, Semenyih, Selangor",,,,Apartment,1,High,Non Bumi Lot,170000,Selangor,13,223.68421052631578
3.0,2.0,1000,,Desa Airmas,Airmas Group,Freehold,"2A - 2B, Jalan Helang, Sungai Dua,, Gelugor, Penang",2007.0,20,224,Condominium,,,Non Bumi Lot,530000,Penang,,530.0
3.0,2.0,1288,"Barbeque area, Playground, Security, Multipurpose hall, Gymnasium, Swimming Pool, Jogging Track",Ivory Residence,TLS Group,Freehold,"Jalan Mutiara 2, Mutiara Heights, Kajang, Selangor",2015.0,21,455,Condominium,,Medium,Non Bumi Lot,320000,Selangor,7,248.4472049689441
3.0,2.0,950,"Parking, Security, Lift, Swimming Pool, Playground, Gymnasium, Sauna, Jogging Track",Pandan Residence,,Freehold,"Jalan Pandan Ria 7, Tebrau, Johor",,,,Service Residence,2,Medium,Non Bumi Lot,443000,Johor,8,466.3157894736842
3.0,2.0,852,"Multipurpose hall, Club house, Gymnasium, Security, Minimart, Playground, Barbeque area, Jogging Track, Parking, Swimming Pool, Lift",Vista Lavender,Talam Transform Berhad,Leasehold,"Persiaran Kinrara Seksyen 3, Bandar Kinrara, Puchong, Selangor",2000.0,12,,Apartment,,Medium,Non Bumi Lot,250000,Selangor,11,293.42723004694835
3.0,2.0,1000,"Parking, Security, Lift, Swimming Pool, Gymnasium",Rex Apartment,,Leasehold,"Lorong Stutong 3, Kuching, Sarawak",,,,Apartment,1,Medium,Non Bumi Lot,700000,Sarawak,5,700.0
2.0,2.0,947,"Jogging Track, Security, Swimming Pool, Gymnasium, Barbeque area, Multipurpose hall, Parking, Lift, Playground, Sauna",Luminari,OSK Property Holdings Berhad,Freehold,"Jalan Chain Ferry, Seberai Perai Utara, Butterworth, Penang",2020.0,34,462,Service Residence,2,,Non Bumi Lot,480000,Penang,10,506.8637803590285
3.0,2.0,1257,"Parking, Security, Lift, Swimming Pool, Playground, Barbeque area, Gymnasium, Club house, Minimart, Multipurpose hall",Kaleidoscope,Kerjaya Prospek Group,Leasehold,"Jalan 1/56, Setiawangsa, Kuala Lumpur",,,,Service Residence,2,High,Non Bumi Lot,688000,Kuala Lumpur,10,547.33492442323
3.0,2.0,1038,"Barbeque area, Minimart, Swimming Pool, Gymnasium, Playground, Sauna, Security, Jogging Track",Amara Service Residences,Jaya Megah Development Sdn Bhd,Freehold,"Jalan Raintree Utama, Batu Caves, Selangor",2014.0,23,744,Service Residence,2,Medium,Non Bumi Lot,300000,Selangor,8,289.01734104046244
4.0,3.0,1600,"Gymnasium, Security, Barbeque area, Parking, Playground, Swimming Pool",Straits Regency,,Freehold,"No. 2, Persiaran Tanjung Bungah 3, Batu Ferringhi, Penang",2006.0,26,104,Condominium,,,Non Bumi Lot,780000,Penang,6,487.5
3.0,2.0,1352,"Gymnasium, Barbeque area, Security, Playground, Swimming Pool, Jogging Track",Mira Residence,BSG Property,Freehold,"Jalan Lembah Permai, Tanjung Bungah, Penang",2016.0,32,322,Condominium,2,,Non Bumi Lot,950000,Penang,6,702.6627218934912
3.0,2.0,1171,"Playground, Swimming Pool, Parking, Security, Lift, Gymnasium, Barbeque area, Multipurpose hall, Jogging Track, Minimart, Sauna",The Resident,,Leasehold,"Jalan Cempaka 2, Ampang, Kuala Lumpur",2016.0,,180,Condominium,1,Low,Non Bumi Lot,532000,Kuala Lumpur,11,454.3125533731853
3.0,2.0,1155,"Parking, Security, Lift, Swimming Pool, Playground, Gymnasium, Minimart, Multipurpose hall, Barbeque area",Ramah Pavilion,M Summit Group Sdn. Bhd.,Freehold,"Jalan Teluk Kumbar, Bayan Lepas, Penang",,,,Condominium,3,High,Non Bumi Lot,395000,Penang,9,341.991341991342
4.0,3.0,1422,"Tennis Court, Lift, Playground, Barbeque area, Parking, Security, Swimming Pool, Gymnasium, Multipurpose hall",One Damansara,MK Land Holdings,Leasehold,"Jalan PJU 10/1, Damansara Damai, Petaling Jaya, Selangor",2013.0,20,899,Condominium,,,Non Bumi Lot,578000,Selangor,9,406.46976090014067
3.0,2.0,1012,"Swimming Pool, Minimart, Playground, Security, Barbeque area, Sauna, Gymnasium, Parking, Multipurpose hall, Lift",Amara Service Residences,Jaya Megah Development Sdn Bhd,Freehold,"Jalan Raintree Utama, Batu Caves, Selangor",2014.0,23,744,Service Residence,2,Medium,Non Bumi Lot,320000,Selangor,10,316.20553359683794
3.0,2.0,1432,"Security, Lift, Parking, Swimming Pool, Playground, Gymnasium, Multipurpose hall",Tribeca,,Leasehold,"Lorong Urat Mata 4, Jalan Urat Mata, Kuching, Sarawak",,,684,Condominium,2,High,Non Bumi Lot,750000,Sarawak,7,523.7430167597765
3.0,2.0,933,"Parking, Lift, Swimming Pool, Gymnasium, Multipurpose hall",The Podium,Chen Ling Group,Leasehold,"Jalan Tun Ahmad Zaidi Adruce, Kuching, Sarawak",,,,Service Residence,1,High,Non Bumi Lot,600000,Sarawak,5,643.0868167202573
2.0,2.0,815,"Parking, Security, Lift, Swimming Pool, Barbeque area, Gymnasium",Royal Richmond Gold,Kenbest Group,Leasehold,"Richmond Hill, Kuching, Sarawak",,,,Condominium,2,High,Non Bumi Lot,575000,Sarawak,6,705.5214723926381
3.0,2.0,933,"Parking, Security, Lift, Swimming Pool, Playground, Gymnasium, Club house",HK Square,Libing Sdn Bhd,Leasehold,"Jalan Stapok Utama, Kuching, Sarawak",,,,Service Residence,2,Medium,Non Bumi Lot,495000,Sarawak,7,530.5466237942122
3.0,2.0,1004,"Parking, Security, Lift, Swimming Pool, Playground, Gymnasium, Sauna, Jogging Track",Jazz Suites @ Vivacity,,Leasehold,"Jalan Wan Alwi, Tabuan Jaya, Kuching, Sarawak",,,,Condominium,1,High,Non Bumi Lot,715000,Sarawak,8,712.1513944223108
3.0,2.0,852,"Security, Playground, Multipurpose hall, Parking, Minimart, Lift",Vista Lavender,Talam Transform Berhad,Leasehold,"Persiaran Kinrara Seksyen 3, Bandar Kinrara, Puchong, Selangor",2000.0,12,,Apartment,1,High,Non Bumi Lot,299900,Selangor,6,351.99530516431923
3.0,2.0,800,"Parking, Security",Aprtment Lotus,,Freehold,"Taman Puchong Prima Puchong Selangor, Selangor, Puchong",,,,Apartment,1,Low,Non Bumi Lot,270000,Puchong,2,337.5
3.0,2.0,1000,,Edgecumbe House,,Freehold,"Jalan Edgecumbe, Off Gurney Drive, Georgetown, Penang",1996.0,15,54,Condominium,1,,Non Bumi Lot,510000,Penang,,510.0
3.0,2.0,743,,Taman Orchard Heights,,Freehold,"Taman Orchard Heights, Batu Pahat, Johor",,,,Flat,2,High,Non Bumi Lot,65000,Johor,,87.48317631224765
4.0,3.0,1464,"Gymnasium, Parking, Security, Swimming Pool, Playground, Jogging Track, Barbeque area",Summer Place,Jelutong Development Sdn. Bhd. (IJM Land),Leasehold,"Lebuh Sungai Pinang 8, Jelutong, Georgetown, Penang",2011.0,22,531,Condominium,2,,Non Bumi Lot,930000,Penang,7,635.2459016393443
3.0,3.0,1400,,Raffel Tower,BSG Property,Freehold,"1 Off Jalan Bukit Gambir, Bukit Gambir, Gelugor, Penang",2015.0,29,260,Condominium,2,,Non Bumi Lot,1030000,Penang,,735.7142857142857
3.0,2.0,1936,Multipurpose hall,Ria @ Amaniah Mulia,ARA ASA DEVELOPMENT SDN BHD,Leasehold,"Jalan Amaniah Mulia 5, Taman Amaniah Mulia, Batu Caves, Selangor",,,,Apartment,3,,Non Bumi Lot,470000,Selangor,1,242.76859504132233
3.0,2.0,753,"Tennis Court, Minimart, Swimming Pool, Squash Court, Jogging Track, Multipurpose hall, Security, Playground, Gymnasium, Barbeque area, Parking, Lift",The Academia @ South City Plaza,Andaman Group,Leasehold,"Persiaran Serdang Perdana, Seri Kembangan, Seri Kembangan, Selangor",,,419,Service Residence,1,Low,Non Bumi Lot,220000,Selangor,12,292.16467463479415
2.0,1.0,712,"Parking, Playground, Jogging Track, Security, Swimming Pool",Bandar Sierra Apartment,,Leasehold,"Bandar Sierra Boulevard 2, Tuaran, Sabah",,,,Apartment,1,Medium,Non Bumi Lot,225000,Sabah,5,316.0112359550562
3.0,2.0,925,"Parking, Security, Barbeque area, Playground, Minimart, Jogging Track",Jasmine Court,,Freehold,"Jalan Bandar Puchong Jaya, Bandar Puchong Jaya, Puchong, Selangor",,5,,Apartment,1,Low,Non Bumi Lot,368000,Selangor,6,397.8378378378378
3.0,3.0,1200,"Security, Gymnasium, Swimming Pool, Parking, Playground",Villa OUG,Kumpulan Hartanah,Freehold,"Jalan Awan Dandan, Old Klang Road, Kuala Lumpur",,6,116,Condominium,2,,Non Bumi Lot,550000,Kuala Lumpur,5,458.3333333333333
3.0,2.0,850,"Security, Parking, Playground",Sri Wira Apartment,,Leasehold,"Jalan Ukay Perdana 2, Ampang, Selangor",,5,,Apartment,1,Low,Bumi Lot,320000,Selangor,3,376.47058823529414
3.0,2.0,1055,"Parking, Security, Lift, Swimming Pool, Playground, Gymnasium, Sauna, Barbeque area, Minimart, Multipurpose hall, Club house, Jogging Track, Tennis Court, Squash Court",Pangsapuri Puncak Saujana,,Freehold,"Taman Puncak Saujana, Kajang Saujana, Kajang, Selangor",2017.0,,,Apartment,2,High,Non Bumi Lot,268000,Selangor,14,254.02843601895734
3.0,2.0,900,"Parking, Security, Lift, Playground, Gymnasium, Sauna, Barbeque area, Minimart, Multipurpose hall, Club house, Jogging Track, Tennis Court, Squash Court",Trifolia Apartment,Y&G Corporation Bhd,Freehold,"Jalan Samarinda Taman Saga, Bandar Parklands, Klang, Selangor",,,,Apartment,1,Low,Bumi Lot,330000,Selangor,13,366.6666666666667
3.0,2.0,750,"Parking, Security, Lift, Swimming Pool, Playground, Gymnasium, Sauna, Barbeque area, Minimart, Multipurpose hall, Club house, Jogging Track, Tennis Court, Squash Court",Seri Utama,,Freehold,"Jalan Puchong Utama 6, Puchong, Selangor",,,,Apartment,1,High,Bumi Lot,275000,Selangor,14,366.6666666666667
3.0,2.0,1023,"Parking, Security, Lift, Swimming Pool, Playground, Gymnasium, Sauna, Barbeque area, Minimart, Multipurpose hall, Club house, Jogging Track, Tennis Court, Squash Court",Residensi Zamrud @ Kajang,Cheras Hong Soon Development Sdn. Bhd.,Freehold,"Jalan Zamrud Utama, Kajang 2, Kajang, Selangor",2019.0,,1205,Condominium,2,High,Bumi Lot,300000,Selangor,14,293.2551319648094
3.0,2.0,850,"Parking, Security, Lift, Swimming Pool, Playground, Gymnasium, Sauna, Barbeque area, Minimart, Multipurpose hall, Club house, Jogging Track, Tennis Court, Squash Court",Asteria,Mah Sing Group Berhad,Leasehold,"Persiaran Delima 4/KS09, Klang, Selangor",,,,Apartment,1,High,Bumi Lot,266000,Selangor,14,312.94117647058823
3.0,2.0,883,"Parking, Security, Playground, Minimart",Riviera Apartment,,Leasehold,"Jalan Bunga Mawar 5a Taman Muda, Ampang, Selangor",,5,,Apartment,,Medium,Non Bumi Lot,230000,Selangor,4,260.475651189128
3.0,1.0,732,Minimart,Bandar Baru Ampang,,Leasehold,"Bandar Baru Ampang, Ampang, Selangor",,,,Apartment,,,Non Bumi Lot,168000,Selangor,1,229.50819672131146
3.0,2.0,800,"Security, Lift, Swimming Pool, Gymnasium",The 19 Usj City Mall,,Freehold,"Jalan Usj 19/1, Off Persiaran Kewajipan, USJ, Selangor",,,,Condominium,1,Medium,Non Bumi Lot,300000,Selangor,4,375.0
3.0,2.0,1173,"Parking, Minimart, Swimming Pool, Security, Playground, Lift",Sri Mahligai,,Leasehold,"Jalan Tengku Ampuan Rahimah 9/20, Section 9, 40100, Shah Alam, Selangor",,15,,Condominium,1,Medium,Bumi Lot,355000,Selangor,6,302.64279624893436
3.0,1.0,650,"Security, Playground, Lift",Teratai Mewah Apartment,,Freehold,"Jalan Langkawi, Setapak, Kuala Lumpur",,12,216,Apartment,,,Non Bumi Lot,185000,Kuala Lumpur,3,284.61538461538464
4.0,2.0,1650,"Parking, Security, Lift, Swimming Pool, Playground, Gymnasium",Shineville Park,Zantalite Enterprise (M) Sdn Bhd,Freehold,"Off Jalan Taman Thean Teik 2, Ayer Itam, Penang",,24,234,Condominium,1,High,Non Bumi Lot,550000,Penang,6,333.3333333333333
2.0,1.0,657,"Sauna, Barbeque area, Parking, Playground, Security, Jogging Track",The Amber Residences,Gamuda Land Sdn Bhd,Leasehold,"Twentyfive.7 Experience Gallery, Lot 43495, Persiaran Oleander, 42500, Telok Panglima Garang, Selangor, Kota Kemuning, Selangor",2022.0,,596,Service Residence,,,Non Bumi Lot,430000,Selangor,6,654.4901065449011
3.0,2.0,850,"Security, Sauna, Parking, Jogging Track, Playground, Minimart",Mutiara Perdana 1 (Lengkuk Kelicap),,Freehold,"Off Persiaran Kelicap, Bayan Lepas, Penang",1997.0,,216,Apartment,2,Low,Non Bumi Lot,390000,Penang,6,458.8235294117647
3.0,2.0,652,,Nuri Apartment,,Freehold,"67, Jalan BM 4/3, Bandar Bukit Mahkota, Kajang, Selangor",,5,,Apartment,,Low,Bumi Lot,140000,Selangor,,214.72392638036808
3.0,2.0,946,"Parking, Security, Lift, Swimming Pool, Playground, Multipurpose hall, Minimart, Tennis Court, Squash Court",Endah Ria,Soon Tiek Development & PJ Development,Leasehold,"Taman Sri Endah, Sri Petaling, Kuala Lumpur",2000.0,18,752,Condominium,1,Medium,Bumi Lot,386000,Kuala Lumpur,9,408.0338266384778
1.0,1.0,600,"Parking, Security, Swimming Pool, Gymnasium, Lift, Playground",Axis Pandan,Reliable Capacity,Leasehold,"Jalan Cempaka 8, Taman Cempaka, Ampang, Selangor",2009.0,33,384,Service Residence,,,Non Bumi Lot,245000,Selangor,6,408.3333333333333
3.0,2.0,1100,"Parking, Security, Lift, Swimming Pool, Playground, Gymnasium, Sauna, Barbeque area, Minimart, Multipurpose hall, Club house, Jogging Track, Tennis Court, Squash Court",Selangor » Kajang,,Freehold,"Selangor » Kajang, Selangor, Kajang",,,,Condominium,2,Medium,Non Bumi Lot,394000,Kajang,14,358.1818181818182
3.0,2.0,1334,"Jogging Track, Playground, Swimming Pool",BM Residence,Tambun Indah Land Berhad,Freehold,"Taman Manggis Indah, Bukit Mertajam, Penang",2017.0,11,147,Condominium,,,Non Bumi Lot,380000,Penang,3,284.8575712143928
4.0,3.0,2809,"Security, Playground, Swimming Pool, Parking, Gymnasium, Sauna, Barbeque area, Minimart, Multipurpose hall, Jogging Track, Lift",Puteri Palma Condominium,IOI Properties Group,Freehold,"SKVE, IOI Resort, Putrajaya, Putrajaya",1998.0,15,198,Condominium,2,High,Non Bumi Lot,930000,Putrajaya,11,331.07867568529724
3.0,2.0,700,"Minimart, Playground, Parking, Security, Lift",Medan Mutiara,,Freehold,"Lebuh Nipah 1, Off Jalan Sultan Azlan Shah, Sungai Nibong, Penang",,5,,Apartment,1,,Non Bumi Lot,295000,Penang,5,421.42857142857144
3.0,2.0,1100,"Parking, Barbeque area, Tennis Court, Multipurpose hall, Minimart, Playground, Gymnasium, Security, Swimming Pool, Lift",Villa Angsana,Mudajaya Group,Freehold,"No. 56 Jalan Krian, Off Jalan Ipoh,, Jalan Ipoh, Kuala Lumpur",1999.0,18,,Condominium,1,Medium,Non Bumi Lot,488000,Kuala Lumpur,10,443.6363636363636
3.0,2.0,1100,,Halaman Kristal,,Freehold,"Lengkok Free School, Jelutong, Penang",2001.0,31,360,Condominium,2,Low,Non Bumi Lot,530000,Penang,,481.8181818181818
1.0,1.0,400,"Parking, Security, Lift, Swimming Pool, Playground, Gymnasium, Sauna, Barbeque area, Minimart, Multipurpose hall, Club house, Jogging Track, Tennis Court, Squash Court",Damansara PJ New Condo,,Leasehold,"Damansara Jaya, Petaling Jaya, Selangor, Selangor, Damansara Jaya",,,,Studio,1,,Non Bumi Lot,200500,Damansara Jaya,14,501.25
3.0,2.0,680,"Security, Parking, Lift",Taman Kheng Tian,Belleview Group,Freehold,"Jalan Van Praagh, Jelutong, Penang",2006.0,20,,Apartment,1,Medium,Non Bumi Lot,335000,Penang,3,492.6470588235294
3.0,2.0,850,"Security, Sauna, Playground, Parking, Minimart, Gymnasium, Jogging Track",Relau Vista,Alor Vista Sdn Bhd,Freehold,"Lebuh Relau 6, Bayan Lepas, Penang",2008.0,29,,Apartment,,High,Non Bumi Lot,350000,Penang,7,411.7647058823529
3.0,2.0,750,"Parking, Security",Damai Vista Apartment,OHM Group,Freehold,"Jalan Damai, Jelutong, Penang",,18,112,Apartment,1,,Non Bumi Lot,370000,Penang,2,493.3333333333333
3.0,1.0,600,"Parking, Lift",Pinang Emas Flat,,Freehold,"Jalan Sungai Satu, Batu Ferringhi, Penang",2005.0,20,,Apartment,,,Non Bumi Lot,135000,Penang,2,225.0
4.0,2.0,1349,"Security, Multipurpose hall, Parking, Barbeque area, Playground, Gymnasium",Palm Palladium,Harta Intan Construction Sdn. Bhd.,Freehold,"Gelugor, Gelugor, Penang",2008.0,28,134,Condominium,1,Low,Non Bumi Lot,645000,Penang,6,478.1319495922906
1.0,1.0,400,"Parking, Security, Lift, Swimming Pool, Playground, Gymnasium, Sauna, Barbeque area, Minimart, Multipurpose hall, Club house, Jogging Track, Tennis Court, Squash Court",Damansara PJ New Condo,,Leasehold,"Bandar Utama, Petaling Jaya, Selangor, Selangor, Bandar Utama",,,,Studio,1,,Non Bumi Lot,200200,Bandar Utama,14,500.5
4.0,3.0,1282,"Gymnasium, Squash Court, Barbeque area, Club house, Security, Swimming Pool, Sauna, Playground, Minimart, Multipurpose hall, Parking, Lift, Jogging Track",Atmosfera,Villamas Group of Companies,Freehold,"Jalan Pipit, Bandar Puchong Jaya, Puchong, Selangor",2012.0,18,453,Condominium,2,High,Non Bumi Lot,485000,Selangor,13,378.3151326053042
1.0,1.0,400,"Parking, Security, Lift, Swimming Pool, Playground, Gymnasium, Sauna, Barbeque area, Minimart, Multipurpose hall, Club house, Jogging Track, Tennis Court, Squash Court",Damansara PJ New Condo,,Leasehold,"SS2 , Petaling Jaya, Selangor, Selangor, SS2",,,,Studio,1,,Non Bumi Lot,200000,SS2,14,500.0
3.0,2.0,953,"Parking, Jogging Track, Lift, Swimming Pool, Security, Playground, Sauna, Multipurpose hall, Club house, Gymnasium, Barbeque area",Amverton Greens,A&M Realty,Freehold,"Jalan 32/112, Bukit Kemuning Golf & Country Resort, Seksyen 32, Shah Alam, Selangor",2020.0,,280,Condominium,,,Non Bumi Lot,505000,Selangor,11,529.9055613850996
2.0,1.0,657,"Sauna, Barbeque area, Parking, Playground, Security, Jogging Track",The Amber Residences,Gamuda Land Sdn Bhd,Leasehold,"Twentyfive.7 Experience Gallery, Lot 43495, Persiaran Oleander, 42500, Telok Panglima Garang, Selangor, Kota Kemuning, Selangor",2022.0,,596,Service Residence,,,Non Bumi Lot,468000,Selangor,6,712.3287671232877
2.0,2.0,1001,"Security, Sauna, Parking, Swimming Pool, Gymnasium, Playground, Tennis Court, Jogging Track, Lift, Barbeque area, Minimart, Multipurpose hall, Club house",Magna Ville Condominium,Magna Park Sdn Bhd,Leasehold,"Off Lebuhraya Selayang - Kepong, Taman Selayang Jaya, Selayang, Selangor",2010.0,22,1074,Condominium,1,Low,Non Bumi Lot,280000,Selangor,13,279.72027972027973
3.0,2.0,957,"Security, Swimming Pool, Parking, Lift, Playground",Sri Dahlia Apartment (Kajang),TLS Group,Freehold,"Jalan Sepakat Indah 2/1, Taman Sepakat Indah 2, Kajang, Selangor",2004.0,18,332,Apartment,1,Low,Bumi Lot,250000,Selangor,5,261.2330198537095
3.0,2.0,910,"Minimart, Security, Gymnasium, Parking, Playground, Swimming Pool, Jogging Track, Multipurpose hall, Lift",Ampang Prima,Demi-Prima Sdn Bhd,Leasehold,"Jalam Wawasan 3/4, Kampung Baru Ampang, Ampang, Selangor",2006.0,17,702,Condominium,3,,Non Bumi Lot,360000,Selangor,9,395.6043956043956
3.0,2.0,1100,"Parking, Security, Lift, Swimming Pool, Playground, Gymnasium, Sauna, Barbeque area, Minimart, Multipurpose hall, Club house, Jogging Track, Tennis Court, Squash Court",Selangor » Kajang,,Freehold,"Selangor » Kajang, Selangor, Kajang",,,,Condominium,2,Medium,Non Bumi Lot,390000,Kajang,14,354.54545454545456
3.0,2.0,775,"Swimming Pool, Gymnasium, Security, Parking, Minimart, Playground",Seasons Garden Residences @ Wangsa Maju,SCP Group,Leasehold,"Jalan 26/26, Taman Setapak Jaya, Wangsa Maju, Kuala Lumpur",2017.0,34,1502,Apartment,1,High,Non Bumi Lot,324000,Kuala Lumpur,6,418.06451612903226
3.0,2.0,850,"Multipurpose hall, Security, Parking, Playground, Swimming Pool, Gymnasium, Lift, Minimart, Jogging Track",Residensi Aman,Top Home Builder Development,Freehold,"Jalan Dana Permai, Bandar Teknologi Kajang, Semenyih, Selangor",2020.0,17,299,Condominium,2,Medium,Non Bumi Lot,325000,Selangor,9,382.3529411764706
3.0,2.0,925,"Parking, Security, Playground, Lift, Swimming Pool, Gymnasium, Multipurpose hall, Jogging Track",M3 Residency,Mega Planner Jaya Sdn. Bhd.,Leasehold,"Off Jalan Taman Melati 1/5, Taman Melati, Setapak, Kuala Lumpur",2017.0,16,412,Service Residence,1,Medium,Bumi Lot,365000,Kuala Lumpur,8,394.5945945945946
3.0,2.0,1000,"Swimming Pool, Playground, Lift",Apartment Bukit Saujana,,Leasehold,"Jalan Bendara Off Jalan Yahya Awal, Johor Bahru, Johor",,,,Apartment,,Medium,Bumi Lot,229999,Johor,3,229.999
3.0,2.0,1049,"Jogging Track, Parking, Swimming Pool, Security, Minimart, Lift",Kondominium Kristal,Worldwide Holdings,Leasehold,"Jalan Pualam 7/32, Seksyen 7, Shah Alam, Selangor",2006.0,12,260,Condominium,1,High,Bumi Lot,360000,Selangor,6,343.1839847473785
3.0,2.0,1173,"Security, Minimart, Playground, Swimming Pool, Parking, Lift, Gymnasium, Multipurpose hall",Sri Mahligai,,Leasehold,"Jalan Tengku Ampuan Rahimah 9/20, Section 9, 40100, Shah Alam, Selangor",,15,,Condominium,1,Medium,Bumi Lot,355000,Selangor,8,302.64279624893436
3.0,2.0,700,"Minimart, Swimming Pool, Playground, Gymnasium, Jogging Track, Parking, Security, Barbeque area, Lift, Multipurpose hall",U-Garden,,Freehold,"No. 50A, Gelugor, Penang",1997.0,28,422,Condominium,1,Medium,Non Bumi Lot,340000,Penang,10,485.7142857142857
3.0,2.0,1144,"Parking, Sauna, Playground, Minimart, Swimming Pool, Multipurpose hall, Security",Impian Senibong Residences,TRC Synergy Berhad,Leasehold,"Jalan Persiaran Senibong, Masai, Johor",,,243,Service Residence,1,High,Non Bumi Lot,489000,Johor,7,427.4475524475524
3.0,2.0,700,,Apartment cempaka bukit beruntung,,Leasehold,"Block F, Selangor, Bukit Beruntung",,,,Apartment,2,Medium,Bumi Lot,99000,Bukit Beruntung,,141.42857142857142
3.0,2.0,650,"Parking, Security, Lift, Minimart",FARLIM 4A FLAT,,Leasehold,"Lorong Semarak Api, Ayer Itam, Penang",,,,Flat,,,Non Bumi Lot,175000,Penang,4,269.2307692307692
2.0,2.0,797,"Parking, Security, Lift, Swimming Pool, Playground, Gymnasium",KSL Residence 2 @ Kangkar Tebrau,KSL Holdings Berhad,Leasehold,"Jalan Kangkar Tebrau, Johor Bahru, Johor",,,,Condominium,1,High,Non Bumi Lot,380790,Johor,6,477.77917189460476
3.0,2.0,750,"Parking, Security, Playground, Multipurpose hall, Minimart, Jogging Track",GROUND FLOOR APARTMENT LAS PALMAS RAWANG BLOCK NIPAH,,Freehold,"block nipah las palmas apartment  bandar country homes 48000 rawang, Selangor, Rawang",,,,Apartment,1,Low,Non Bumi Lot,170000,Rawang,6,226.66666666666666
3.0,2.0,950,"Security, Playground, Parking, Lift, Barbeque area, Multipurpose hall",Taman Seri Damai,,Leasehold,"Lebuhraya Batu Lanchang, Jelutong, Penang",1989.0,17,592,Apartment,1,,Non Bumi Lot,295000,Penang,6,310.5263157894737
3.0,2.0,1250,"Swimming Pool, Multipurpose hall, Security, Playground, Gymnasium, Parking, Lift, Minimart",Oasis 1 @ Mutiara Heights,TLS Group,Freehold,"Jalan Mutiara 3, Mutiara Height, Kajang, Selangor",2018.0,,461,Condominium,2,High,Non Bumi Lot,499000,Selangor,8,399.2
3.0,2.0,881,"Parking, Security, Lift, Swimming Pool, Playground, Gymnasium, Barbeque area, Multipurpose hall, Minimart",Lexa Residence @ The Quartz WM,Beverly Group Sdn Bhd,Freehold,"Jalan 34/26, Wangsa Maju, Kuala Lumpur",,,,Service Residence,2,Medium,Bumi Lot,610000,Kuala Lumpur,9,692.3950056753689
3.0,3.0,1557,"Parking, Security, Lift, Swimming Pool, Playground, Gymnasium, Barbeque area",SkyVue Residence,Eng Han Property Sdn Bhd,Leasehold,"Lorong Tosaraya, Kota Kinabalu, Sabah",,,,Condominium,2,Medium,Non Bumi Lot,1059888,Sabah,7,680.7244701348748
3.0,2.0,1335,"Parking, Security, Lift, Swimming Pool, Playground, Gymnasium, Sauna, Minimart, Tennis Court, Jogging Track",E Park Residence,,Freehold,"Taman Sri Putra Mas, Sungai Buloh, Selangor",,,,Condominium,2,Medium,Non Bumi Lot,549000,Selangor,10,411.23595505617976
3.0,2.0,811,"Barbeque area, Playground, Security, Parking, Minimart",SD Apartments,Land & General Berhad,Freehold,"Persiaran Meranti, PJU 9, Bandar Sri Damansara, Selangor",1996.0,4,368,Condominium,1,Medium,Non Bumi Lot,285000,Selangor,5,351.41800246609125
3.0,2.0,926,"Parking, Security, Lift, Swimming Pool, Playground, Gymnasium, Barbeque area, Club house, Jogging Track",Raintree Residence,,Freehold,"Jalan Bestari 7/ks09, Selangor, Klang",,,,Service Residence,2,Low,Non Bumi Lot,456000,Klang,9,492.44060475161984
3.0,2.0,1073,"Parking, Security, Lift, Swimming Pool, Playground, Gymnasium, Sauna, Barbeque area, Minimart, Multipurpose hall, Club house, Jogging Track, Tennis Court, Squash Court",The Havre @ Bukit Jalil,Aset Kayamas Sdn Bhd,Leasehold,"Lebuhraya Bukit Jalil, Bukit Jalil, Kuala Lumpur",2020.0,40,1052,Condominium,2,,Non Bumi Lot,520000,Kuala Lumpur,14,484.62255358807084
3.0,2.0,997,"Playground, Tennis Court, Barbeque area, Security, Sauna, Multipurpose hall, Parking, Swimming Pool, Squash Court, Lift, Gymnasium, Club house, Jogging Track",Teratai Mewah Condominium,,Freehold,"Jalan Langkawi, Setapak, Kuala Lumpur",,5,400,Condominium,,Low,Non Bumi Lot,400000,Kuala Lumpur,13,401.2036108324975
3.0,2.0,900,"Security, Barbeque area, Minimart, Playground, Parking",Goodyear Court 10,,Freehold,"Jalan Subang Indah, USJ 15, Subang Jaya, Selangor",1997.0,5,,Apartment,,Low,Bumi Lot,379000,Selangor,5,421.1111111111111
4.0,4.0,1850,"Security, Gymnasium, Parking, Minimart, Playground, Swimming Pool, Sauna, Lift",The Bay Residences,,Leasehold,"Jalan Tuaran, Likas, Sabah",,,82,Condominium,2,Medium,Non Bumi Lot,1338000,Sabah,8,723.2432432432432
3.0,2.0,1002,,The Park @ Mak Mandin,Silver Channel Sdn. Bhd. (Tamarins Group),Freehold,"Jalan Mak Mandin, Butterworth, Penang",2020.0,14,780,Apartment,1,Low,Non Bumi Lot,360000,Penang,,359.2814371257485
2.0,2.0,820,"Gymnasium, Multipurpose hall, Parking, Playground, Jogging Track, Swimming Pool, Security, Minimart, Tennis Court",Greenfield Regency,Alpha Astral,Freehold,"Jalan Skudai Lama, Taman Tampoi Indah, Johor Bahru, Johor",2014.0,,561,Apartment,,Medium,Non Bumi Lot,380000,Johor,9,463.4146341463415
3.0,2.0,1001,,Lily & Jasmine,,Leasehold,"Taman Tampoi Indah, Johor Bahru, Johor",,4,,Apartment,,High,Non Bumi Lot,210000,Johor,,209.7902097902098
3.0,4.0,2124,"Swimming Pool, Jogging Track, Barbeque area, Parking, Minimart, Playground, Tennis Court, Sauna, Security, Gymnasium",Danga View Apartment,Ekovest Berhad,Freehold,"Jalan Persiaran Danga,Kampung Skudai Kiri, Skudai, Johor",,14,319,Apartment,,High,Non Bumi Lot,520000,Johor,10,244.8210922787194
4.0,3.0,2214,"Swimming Pool, Jogging Track, Gymnasium, Sauna, Multipurpose hall, Club house, Minimart, Playground, Barbeque area, Parking, Security",Maple Residences,KSL Holdings Berhad,Freehold,"Jalan Langat KS9, Bandar Bestari, Klang, Selangor",2018.0,22,576,Service Residence,4,High,Non Bumi Lot,950000,Selangor,11,429.08762420957544
3.0,2.0,982,"Security, Swimming Pool, Gymnasium, Playground, Minimart, Parking, Lift, Barbeque area, Club house, Jogging Track",The Gardens (Penampang),SC Land Group,Leasehold,"Lorong Taman Formosa 2, Taman Farmosa, Penampang, Sabah",2017.0,,,Condominium,2,Medium,Non Bumi Lot,515000,Sabah,10,524.4399185336049
3.0,2.0,1000,"Swimming Pool, Barbeque area, Club house, Parking, Security, Lift, Gymnasium, Playground, Sauna",One Sulaman,,Leasehold,"Jalan Sulaman, Kota Kinabalu, Sabah, Kota Kinabalu, Sabah",,,109,Condominium,1,Medium,Non Bumi Lot,408000,Sabah,9,408.0
3.0,2.0,1165,"Parking, Security, Lift, Swimming Pool, Playground, Gymnasium, Sauna, Barbeque area, Multipurpose hall, Jogging Track",The Golden Triangle,GSV Development Sdn Bhd,Freehold,"Jalan Paya Terubong, Off Jalan Dato Ismail Hashim, Relau, Penang",2021.0,,406,Condominium,2,,Non Bumi Lot,620000,Penang,10,532.1888412017167
3.0,2.0,800,"Parking, Security, Lift, Swimming Pool, Playground, Gymnasium, Barbeque area, Minimart, Multipurpose hall, Club house, Jogging Track",J.Satine,Gandingan Jakel,Leasehold,"Jalan 3/23a, Setapak, Kuala Lumpur",2026.0,,3600,Service Residence,1,Medium,Non Bumi Lot,300000,Kuala Lumpur,11,375.0
3.0,2.0,1000,"Parking, Sauna, Barbeque area, Multipurpose hall, Squash Court, Tennis Court","{Lakefield KL} Fully Furnished MRT Condo Monthly RM1,600",,Leasehold,"Lakefield Residence, Kuala Lumpur, Sungai Besi",,,,Condominium,,Low,Non Bumi Lot,380000,Sungai Besi,6,380.0
3.0,2.0,755,"Lift, Security, Swimming Pool, Playground, Parking, Minimart, Gymnasium, Club house",Ketumbar Heights,Mahajaya Berhad,Freehold,"Jalan 6/95B, Taman Cheras, Cheras, Kuala Lumpur",2010.0,14,336,Condominium,1,Medium,Non Bumi Lot,259999,Kuala Lumpur,8,344.36953642384105
3.0,2.0,1080,,Taman Megah Cheras Apartment,,Freehold,"Jalan Megah 37C, Taman Megah, Cheras, Selangor",,4,1,Apartment,,Medium,Non Bumi Lot,240000,Selangor,,222.22222222222223
3.0,2.0,1049,,Kristal View,PKNS,Leasehold,"Jalan Kristal 7/70G, Section 7, Shah Alam, Selangor",,,,Condominium,1,High,Bumi Lot,360000,Selangor,,343.1839847473785
3.0,2.0,883,"Security, Sauna, Minimart, Parking, Playground, Swimming Pool, Gymnasium, Jogging Track, Lift",Garden Park,SHL Consolidated Berhad,Leasehold,"Jalan Sungai Long 12/1 A, Tmn Sungai Long Makmur 2, Bandar Sungai Long, Selangor",2001.0,14,704,Condominium,1,Low,Non Bumi Lot,250000,Selangor,9,283.12570781426956
2.0,2.0,703,"Parking, Security, Swimming Pool, Playground, Lift, Gymnasium, Sauna, Barbeque area, Minimart, Multipurpose hall, Club house",Batu Kawan New Condominium,,Freehold,"Batu Kawan, Penang, Batu Kawan",,,,Condominium,1,Medium,Non Bumi Lot,350000,Batu Kawan,11,497.86628733997156
2.0,1.0,519,"Parking, Playground, Minimart",Flat Dato Ahmad Razali,,Leasehold,"Jalan Mamanda Kecil 1, Kampung Melayu Ampang, Ampang, Selangor",,,,Flat,,High,Bumi Lot,142000,Selangor,3,273.60308285163774
3.0,2.0,1000,"Parking, Security, Lift, Swimming Pool, Playground, Gymnasium, Club house, Jogging Track, Barbeque area","Luxury Condo at Bayan Lepas, Near to Airport, FTZ",,Freehold,"Bayan Lepas, Penang, Bayan Lepas",,,,Condominium,2,Medium,Non Bumi Lot,410000,Bayan Lepas,9,410.0
3.0,2.0,1000,"Parking, Security, Lift, Gymnasium, Club house, Jogging Track, Barbeque area, Playground, Swimming Pool",Bayan Lepas New Condominium Near to Airport,,Freehold,"Bayan Lepas, Penang, Bayan Lepas",,,,Condominium,2,Medium,Non Bumi Lot,415000,Bayan Lepas,9,415.0
3.0,2.0,950,"Parking, Security, Minimart, Playground",Cempaka Apartment,,Leasehold,"Jalan TBK 1/11, Bandar Kinrara, Selangor",,5,,Apartment,1,Low,Non Bumi Lot,230000,Selangor,4,242.10526315789474
3.0,2.0,820,"Parking, Security, Playground",Pangsapuri Seri Pegaga,,Freehold,"Jalan Pegaga U12/1, Shah Alam, Selangor",,,,Apartment,2,Low,Bumi Lot,280000,Selangor,3,341.4634146341463
1.0,1.0,573,,Nusa Heights,,Freehold,"Jalan Gelang Patah, Iskandar Puteri, Johor",,,,Condominium,,,Non Bumi Lot,260000,Johor,,453.7521815008726
3.0,1.0,650,Parking,Pangsapuri Laksamana,Oscartech Development / Zacklim Properties,Leasehold,"Kampung Laksamana, Batu Caves, Selangor",,,,Apartment,,Low,Bumi Lot,180000,Selangor,1,276.9230769230769
3.0,2.0,925,"Security, Lift, Playground, Swimming Pool, Parking, Gymnasium, Sauna, Minimart, Multipurpose hall",M3 Residency,Mega Planner Jaya Sdn. Bhd.,Leasehold,"Off Jalan Taman Melati 1/5, Taman Melati, Setapak, Kuala Lumpur",2017.0,16,412,Service Residence,1,High,Bumi Lot,365000,Kuala Lumpur,9,394.5945945945946
3.0,2.0,860,,Taman Paya Terubong,,Freehold,"Tingkat Paya Terubong 3, Paya Terubong, Penang",,,,Apartment,1,Medium,Non Bumi Lot,300000,Penang,,348.83720930232556
3.0,2.0,650,,PPR Desa Rejang,,Leasehold,"Persiaran Rejang, Taman Setapak Jaya, Setapak, Kuala Lumpur",,,,Flat,,,Non Bumi Lot,170000,Kuala Lumpur,,261.53846153846155
3.0,2.0,1184,,Desa Skudai Apartment,,Freehold,"Jalan Sejahtera 1, Skudai, Johor",,,,Apartment,,,Non Bumi Lot,338000,Johor,,285.47297297297297
3.0,2.0,1184,,Desa Skudai Apartment,,Freehold,"Jalan Sejahtera 1, Skudai, Johor",,,,Apartment,,,Non Bumi Lot,330000,Johor,,278.7162162162162
1.0,1.0,541,"Parking, Security, Lift, Swimming Pool, Playground, Gymnasium, Sauna, Barbeque area, Minimart, Multipurpose hall, Club house, Jogging Track, Tennis Court, Squash Court",Sunway GRID Residence,,Leasehold,"Persiaran Medini 3, Iskandar Puteri, Johor",,,,Service Residence,2,Medium,Non Bumi Lot,366000,Johor,14,676.5249537892792
3.0,2.0,1050,"Parking, Security, Lift, Swimming Pool, Playground, Gymnasium, Sauna, Barbeque area, Minimart, Multipurpose hall, Club house, Jogging Track, Tennis Court, Squash Court",Selangor » Kajang,,Freehold,"Selangor » Kajang, Selangor, Kajang",,,,Condominium,2,Medium,Non Bumi Lot,394000,Kajang,14,375.23809523809524
3.0,3.0,1300,"Parking, Minimart, Playground, Security",TriTower Residence @ Johor Bahru Sentral,MB Group,Freehold,"Off Bukit Chagar, Johor Bahru, Johor",2020.0,55,360,Condominium,2,High,Non Bumi Lot,399000,Johor,4,306.9230769230769
1.0,1.0,463,"Parking, Security, Lift, Swimming Pool, Playground, Gymnasium, Sauna, Barbeque area, Minimart, Multipurpose hall, Club house, Jogging Track, Tennis Court, Squash Court",KSL Residence 2 @ Kangkar Tebrau,KSL Holdings Berhad,Leasehold,"Jalan Kangkar Tebrau, Johor Bahru, Johor",,,,Condominium,1,High,Non Bumi Lot,209000,Johor,14,451.40388768898487
3.0,2.0,955,,Pangsapuri Perdana Villa,,Freehold,"Jalan Sungai Jati, Taman Sentosa Perdana, Klang, Selangor",,,,Apartment,,Low,Non Bumi Lot,288000,Selangor,,301.57068062827227
3.0,2.0,950,"Parking, Security, Lift, Swimming Pool, Playground, Gymnasium, Sauna, Barbeque area, Minimart, Multipurpose hall, Club house, Jogging Track",LSH Sentul,Lim Seong Hai Holdings Sdn Bhd,Leasehold,"Lot 30256 & 3952, Jalan Sentul Pasar, Sentul, Kuala Lumpur",2023.0,38,900,Apartment,2,Medium,Non Bumi Lot,450000,Kuala Lumpur,12,473.6842105263158
3.0,2.0,850,,"Orchis Apartment, Bandar Parklands",WCT Holding Berhad,Freehold,"Jalan Delima 4, Bandar Parklands,, Klang, Selangor",2017.0,5,400,Apartment,,Low,Non Bumi Lot,318000,Selangor,,374.11764705882354
3.0,2.0,850,"Multipurpose hall, Lift",Asteria,Mah Sing Group Berhad,Freehold,"Persiaran Delima 4/KS09, Klang, Selangor",,,,Apartment,,,Non Bumi Lot,275000,Selangor,2,323.52941176470586
3.0,2.0,850,,Villa Sentosa,,Freehold,"Jalan Dato Shahbudin 3, Klang, Selangor",,,,Apartment,,Low,Non Bumi Lot,228000,Selangor,,268.2352941176471
3.0,3.0,1277,"Parking, Security, Lift, Swimming Pool, Playground, Gymnasium, Multipurpose hall",Opal Residensi,PKNS,Leasehold,"Jalan Baiduri Bulan 7/28, Shah Alam, Selangor",2016.0,15,138,Condominium,3,Medium,Bumi Lot,660000,Selangor,7,516.8363351605325
3.0,2.0,1065,,Perdana Villa (Klang),,Freehold,"Jalan Temenggung 37, Taman Sentosa Perdana, Klang, Selangor",,9,,Apartment,,,Non Bumi Lot,245000,Selangor,,230.04694835680752
2.0,2.0,906,"Minimart, Tennis Court, Barbeque area, Security, Playground, Gymnasium, Multipurpose hall, Swimming Pool",Austin Suites,Mah Sing Group Berhad,Freehold,"Jalan Austin Perdana 1, Johor Bahru, Johor",2014.0,21,460,Service Residence,2,Medium,Non Bumi Lot,388000,Johor,8,428.2560706401766
3.0,2.0,754,,Low Cost Apartment Seksyen 7 Shah Alam,,Leasehold,"Seksyen 7, Shah Alam, Selangor, Shah Alam",,,,Apartment,,Low,Bumi Lot,270000,Shah Alam,,358.0901856763926
3.0,2.0,900,"Parking, Security, Lift, Minimart",Taman Seri Setia,,Freehold,"Jalan Lembah Permai, Tanjung Bungah, Penang",,5,,Apartment,1,Low,Non Bumi Lot,330000,Penang,4,366.6666666666667
3.0,2.0,900,"Playground, Security, Swimming Pool, Gymnasium, Tennis Court, Parking, Club house",Aspire Residence,Syarikat Perumahan Negara Berhad,Freehold,"Persiaran Aspirasi, Cyber 10, Cyberjaya, Selangor",2023.0,25,1168,Apartment,2,Medium,Bumi Lot,345000,Selangor,7,383.3333333333333
3.0,2.0,1100,"Swimming Pool, Barbeque area, Club house, Parking, Security, Lift, Playground, Gymnasium, Sauna",One Sulaman,,Leasehold,"Jalan Sulaman, Kota Kinabalu, Sabah, Kota Kinabalu, Sabah",,,109,Condominium,1,Medium,Non Bumi Lot,451000,Sabah,9,410.0
3.0,2.0,1000,"Swimming Pool, Security, Gymnasium, Parking, Playground",Lido Four Seasons Residence,,Freehold,"35, Lorong Raffelesia 1, Kota Kinabalu, Sabah",2015.0,,,Condominium,1,Low,Non Bumi Lot,528000,Sabah,5,528.0
1.0,2.0,884,"Parking, Security, Lift, Swimming Pool, Playground, Gymnasium, Multipurpose hall, Club house, Jogging Track",LikasVue,,Leasehold,"Jalan Teluk Likas, Kota Kinabalu, Sabah",,,,Others,2,Medium,Non Bumi Lot,607000,Sabah,9,686.6515837104073
3.0,2.0,650,"Security, Parking, Playground, Jogging Track, Lift",I-Park Apartment,Ideal Property Group,Freehold,"Jalan Rajawali Off Jalan Dato Ismail Hashim, Sungai Ara, Penang",2014.0,,,Apartment,,,Non Bumi Lot,215000,Penang,5,330.7692307692308
2.0,2.0,914,"Playground, Swimming Pool, Security, Parking, Lift, Gymnasium","Paisley @ Tropicana Metropark, Subang Jaya",Tropicana Corporation Berhad,Freehold,"Jalan Delima 1/1,Subang Hi-Tech, Shah Alam, Selangor",2021.0,,,Service Residence,2,,Non Bumi Lot,680000,Selangor,6,743.9824945295405
4.0,3.0,1346,"Gymnasium, Security, Playground, Parking, Swimming Pool, Lift",USJ One Avenue,USJ One Avenue Sdn Bhd,Leasehold,"Persiaran Mewah, USJ 1, Subang Jaya, Selangor",2008.0,19,448,Condominium,2,,Bumi Lot,520000,Selangor,6,386.3298662704309
3.0,2.0,700,Lift,Desa Green Apartment (Jelutong),,Freehold,"Jalan Van Praagh, off Perak Road, Jelutong, Penang",1997.0,22,1008,Apartment,1,,Non Bumi Lot,298000,Penang,1,425.7142857142857
3.0,2.0,1400,"Parking, Swimming Pool, Security, Lift, Minimart",Seri Mas (Cheras),Amber Resources,Leasehold,"Jalan 1/89A, Taman Ikhsan, Cheras, Kuala Lumpur",,18,288,Condominium,,Medium,Non Bumi Lot,395000,Kuala Lumpur,5,282.14285714285717
3.0,2.0,1050,"Gymnasium, Parking, Security, Swimming Pool, Lift, Playground, Jogging Track",Maxim Residences,Meridian Maxim Sdn Bhd,Leasehold,"Off Taman Len Seng, Cheras, Cheras, Kuala Lumpur",2017.0,34,542,Service Residence,2,Medium,Non Bumi Lot,530000,Kuala Lumpur,7,504.76190476190476
2.0,2.0,715,"Multipurpose hall, Swimming Pool, Gymnasium, Security, Playground, Sauna, Parking, Lift, Barbeque area, Minimart",Desa Green Serviced Apartment,UOA Group,Freehold,"Jalan Desa Bakti, Taman Desa, Taman Desa, Kuala Lumpur",2016.0,486,1388,Service Residence,1,High,Non Bumi Lot,480000,Kuala Lumpur,10,671.3286713286714
3.0,2.0,1030,"Parking, Security, Lift, Swimming Pool, Playground, Gymnasium, Sauna, Barbeque area, Minimart, Multipurpose hall, Club house, Jogging Track, Tennis Court, Squash Court",Melawati Condo,,Freehold,"Melawati, Kuala Lumpur, Taman Melawati",,,,Condominium,2,Low,Non Bumi Lot,470000,Taman Melawati,14,456.31067961165047
3.0,2.0,1382,"Sauna, Squash Court, Jogging Track, Club house, Security, Playground, Swimming Pool, Tennis Court, Parking, Gymnasium, Barbeque area",Seri Riana Residence,IJM LAND BERHAD,Leasehold,"No Address, Wangsa Maju, Kuala Lumpur",2016.0,,396,Condominium,2,Low,Non Bumi Lot,770000,Kuala Lumpur,11,557.163531114327
3.0,2.0,1300,"Parking, Security, Tennis Court, Lift, Swimming Pool, Playground, Gymnasium, Sauna, Barbeque area, Multipurpose hall",Cristal Serin Residence,,Freehold,"Jalan Fauna 1, Cyberjaya, Selangor",2012.0,,350,Condominium,3,Medium,Non Bumi Lot,470000,Selangor,10,361.53846153846155
2.0,1.0,500,,,,Leasehold,,,,,Others,,,Non Bumi Lot,99000,,,198.0
3.0,2.0,700,"Security, Parking",Century Park,,Freehold,"No. 35 Persiaran Batu Uban, Gelugor, Penang",1999.0,9,155,Apartment,1,Low,Non Bumi Lot,328000,Penang,2,468.57142857142856
3.0,1.0,600,"Jogging Track, Playground, Minimart",Taman Pinggiran Batu Caves Flat,,Leasehold,"Off Jalan Lebuhraya Pinggiran, Batu Caves, Selangor",,,,Flat,1,High,Non Bumi Lot,128000,Selangor,3,213.33333333333334
3.0,2.0,1010,"Parking, Security, Playground, Multipurpose hall, Swimming Pool, Lift, Jogging Track, Barbeque area",LakeFront Residence,MCT Berhad,Leasehold,"Off Persiaran Bestari, Cyberjaya, Selangor",2017.0,42,1932,Condominium,2,Medium,Bumi Lot,450000,Selangor,8,445.54455445544556
3.0,2.0,689,"Security, Multipurpose hall, Playground, Parking, Jogging Track",Pangsapuri Seri Kayan,,Freehold,"Jalan Pinggiran USJ 2/1, Taman Pinggiran USJ, Subang Jaya, Selangor",,,,Apartment,1,,Bumi Lot,195000,Selangor,5,283.0188679245283
5.0,2.0,928,,Residensi Platinum Teratai,Platinum Victory Group Sdn. Bhd.,Freehold,"Jalan Langkawi, Setapak, Kuala Lumpur",,,,Service Residence,2,High,Non Bumi Lot,410000,Kuala Lumpur,,441.8103448275862
3.0,2.0,850,"Security, Parking, Lift, Playground, Multipurpose hall",Masreca n19eteen (Masreca-19),Sterling Group,Freehold,"Persiaran Rimba Permai, Cyber 10, Cyberjaya, Selangor",,,960,Apartment,1,Medium,Bumi Lot,280000,Selangor,5,329.4117647058824
3.0,2.0,850,"Security, Playground, Minimart, Parking, Lift",Flora Damansara Flat,Saujana Triangle,Leasehold,"Jalan PJU 8/9, Damansara Perdana, Selangor",,20,,Apartment,1,Medium,Non Bumi Lot,245000,Selangor,5,288.2352941176471
3.0,2.0,1349,"Parking, Security, Lift, Swimming Pool, Playground, Gymnasium, Sauna",The Suritz,Casa Sara (SCland),Leasehold,"Taman Kelombong, Kota Kinabalu, Sabah",2015.0,,128,Condominium,2,High,Non Bumi Lot,548000,Sabah,7,406.2268346923647
3.0,2.0,900,,Hartamas Height,,Leasehold,"Jalan Kepayan Kobusak, Penampang, Sabah",,,,Condominium,1,Medium,Non Bumi Lot,420000,Sabah,,466.6666666666667
2.0,1.0,753,"Parking, Security, Lift, Swimming Pool, Playground, Gymnasium",Akademik Suites @ Austin Heights,AUSTIN HEIGHTS SDN BHD,Freehold,"Jalan Austin Heights Utama, Johor Bahru, Johor",2014.0,,,Apartment,1,Low,Non Bumi Lot,318000,Johor,6,422.31075697211156
3.0,2.0,1000,,Residensi Klebang 2,,Leasehold,"Jalan Klebang, Melaka, Melaka City",,,,Apartment,1,Medium,Non Bumi Lot,200000,Melaka City,,200.0
3.0,3.0,1177,"Parking, Minimart, Security, Playground, Swimming Pool",Sri Mahligai,,Leasehold,"Jalan Tengku Ampuan Rahimah 9/20, Section 9, 40100, Shah Alam, Selangor",,15,,Condominium,,Low,Bumi Lot,450000,Selangor,5,382.3279524214104
3.0,2.0,980,"Parking, Security, Lift, Swimming Pool, Playground, Gymnasium, Sauna, Barbeque area, Minimart, Multipurpose hall, Club house, Jogging Track, Tennis Court, Squash Court",DENGKIL SEPANG INVESTMENT KONDO TEPI KOLEJ JANJI UNTUNG,,Freehold,"KOTA WARISAN SALAK TINGGI DENGKIL CYBERSOUTH SEPANG SELANGOR, Selangor, Dengkil",,,,Condominium,1,Medium,Non Bumi Lot,299000,Dengkil,14,305.1020408163265
3.0,2.0,945,"Parking, Security, Lift, Swimming Pool, Playground, Gymnasium, Sauna, Barbeque area, Minimart, Multipurpose hall, Club house, Jogging Track, Tennis Court, Squash Court",Freehold 3 & 4 Room @ Kota Warisan Sepang【Super Cheap】100% Earn,,Freehold,"Kota Warisan Salak Tinggi Dengkil Cybersouth Sepang, Selangor, Salak Tinggi",,,,Condominium,2,Medium,Non Bumi Lot,319000,Salak Tinggi,14,337.56613756613757
4.0,3.0,1000,"Parking, Security, Lift, Swimming Pool, Playground, Gymnasium, Sauna, Barbeque area, Minimart, Multipurpose hall, Club house, Jogging Track, Tennis Court, Squash Court",KOTA WARISAN SEPANG FREEHOLD KONDO 3-4 BILIK,,Freehold,"KOTA WARISAN DENGKIL SEPANG, Selangor, Sepang",,,,Condominium,2,Medium,Non Bumi Lot,320000,Sepang,14,320.0
3.0,2.0,807,"Parking, Lift",Pangsapuri Perai Utama,,Freehold,"Jalan Perai Utama 4, Perai, Penang",,,,Apartment,1,Medium,Non Bumi Lot,210000,Penang,2,260.2230483271375
2.0,2.0,818,"Parking, Security, Lift, Swimming Pool, Playground, Gymnasium, Sauna, Barbeque area, Minimart, Multipurpose hall, Club house, Jogging Track, Tennis Court, Squash Court",The Wharf Residence,Bolton Berhad,Leasehold,"Persiaran Taman Tasik Prima 3, Lake Vista, Puchong, Selangor",2014.0,33,1002,Service Residence,1,High,Non Bumi Lot,270000,Selangor,14,330.07334963325184
4.0,3.0,1458,"Parking, Security, Swimming Pool, Playground, Gymnasium, Sauna, Barbeque area, Minimart, Multipurpose hall, Club house, Jogging Track, Tennis Court, Squash Court",Cyberia SmartHomes,Paramoden (MK Land),Freehold,"Persiaran Multimedia, Cyberjaya, Selangor",2002.0,,1188,Condominium,1,High,Non Bumi Lot,258000,Selangor,13,176.95473251028807
3.0,2.0,865,"Barbeque area, Club house, Parking, Playground, Security, Jogging Track",Desaminium Flora,,Leasehold,"Persiaran Desaminium, Taman Desaminium, Seri Kembangan, Selangor",,15,,Apartment,1,High,Bumi Lot,220000,Selangor,6,254.33526011560693
3.0,2.0,850,"Multipurpose hall, Parking, Security, Minimart, Swimming Pool, Gymnasium",Residensi Bistaria,,Freehold,"Jalan Ukay Bistari, Taman Ukay Bistari, Ampang, Selangor",2013.0,15,,Condominium,1,Medium,Bumi Lot,300000,Selangor,6,352.94117647058823
3.0,2.0,1087,"Multipurpose hall, Minimart, Parking, Playground, Squash Court, Security, Swimming Pool, Lift",The Palladium,,Freehold,"Jalan Gurney 2, Kampung Datok Keramat, 54000 Kuala Lumpur, Wilayah Persekutuan, Keramat, Kuala Lumpur",,6,,Condominium,,,Non Bumi Lot,500000,Kuala Lumpur,8,459.9816007359706
3.0,2.0,920,"Parking, Security, Gymnasium, Sauna, Lift, Barbeque area, Swimming Pool, Playground, Multipurpose hall, Jogging Track",Tuas 2ND LINK Apartment （ FULL LOAN ),,Freehold,"SKUDAI, Johor, Skudai",,,,Apartment,2,Medium,Non Bumi Lot,360000,Skudai,10,391.30434782608694
3.0,2.0,1040,"Parking, Swimming Pool, Club house, Playground, Security, Gymnasium, Minimart",Platinum Lake PV 21,Platinum Victory Development Sdn Bhd,Leasehold,"Jalan Usahawan, Off Jalan Genting Kelang, Setapak, Kuala Lumpur",2016.0,28,700,Service Residence,2,High,Non Bumi Lot,430000,Kuala Lumpur,7,413.46153846153845
4.0,2.0,1272,"Jogging Track, Barbeque area, Multipurpose hall, Parking, Security, Squash Court, Club house, Playground, Tennis Court, Minimart, Swimming Pool, Gymnasium",PV 10 Platinum Lake Condominium,Platinum Victory Sdn. Bhd.,Leasehold,"No. 2 Jalan Danau Saujana 2, Danau Kota, Setapak, Kuala Lumpur",2008.0,22,800,Condominium,2,Medium,Non Bumi Lot,480000,Kuala Lumpur,12,377.35849056603774
3.0,2.0,1411,"Multipurpose hall, Gymnasium, Playground, Security, Squash Court, Jogging Track, Barbeque area, Parking, Swimming Pool",Zen Residence,SENTRAL CITY (M) SDN BHD,Leasehold,"Jalan Puchong Batu 13/12, Puchong, Selangor",2011.0,21,286,Condominium,2,Medium,Bumi Lot,479000,Selangor,9,339.47554925584694
3.0,2.0,736,"Parking, Security, Lift, Playground",Kemuning Aman,Paramount Property Development,Freehold,"Kemuning, Shah Alam, Selangor",2010.0,,596,Apartment,2,,Non Bumi Lot,250000,Selangor,4,339.67391304347825
3.0,2.0,860,"Playground, Security, Jogging Track, Swimming Pool",Amazing Heights,,Freehold,"Jalan Sungai Udang, Kg Sungai Udang, Klang 42000, Klang, Selangor",,,,Apartment,1,,Non Bumi Lot,240000,Selangor,4,279.06976744186045
5.0,4.0,2509,"Parking, Security, Lift, Swimming Pool, Playground, Gymnasium, Sauna, Barbeque area, Multipurpose hall, Club house, Jogging Track",Cassia Resort Condominium,,Freehold,"Jalan Raja Uda, Butterworth, Penang",2008.0,,,Condominium,2,High,Non Bumi Lot,790000,Penang,11,314.86648066958946
3.0,3.0,1124,"Security, Parking, Gymnasium, Swimming Pool, Multipurpose hall, Playground, Lift, Minimart, Sauna, Barbeque area, Jogging Track",V-Residensi 2,B&G Property,Freehold,"Seksyen 22, Shah Alam, Selangor",2016.0,22,616,Service Residence,2,Low,Non Bumi Lot,535000,Selangor,11,475.97864768683274
4.0,2.0,1272,"Parking, Security, Minimart, Playground, Swimming Pool, Gymnasium",Platinum Hill PV 3,Platinum Victory Development Sdn Bhd,Freehold,"No. 3 Jalan Melati Utama, Taman Melati Utama, Setapak, Kuala Lumpur",2013.0,17,475,Condominium,2,Medium,Non Bumi Lot,410000,Kuala Lumpur,6,322.32704402515725
3.0,3.0,1250,"Playground, Jogging Track, Gymnasium, Minimart, Swimming Pool, Lift, Barbeque area, Multipurpose hall, Sauna, Club house, Security, Parking, Tennis Court",K Avenue Residential,Megacity Avenue sdn bhd,Leasehold,"Jalan Cyber City, Kota Kinabalu, Sabah",2022.0,,630,Service Residence,2,High,Non Bumi Lot,835000,Sabah,13,668.0
2.0,2.0,750,"Security, Lift, Swimming Pool",Nusa Heights,,Freehold,"Jalan Gelang Patah, Iskandar Puteri, Johor",,,,Condominium,2,Medium,Non Bumi Lot,350000,Johor,3,466.6666666666667
1.0,1.0,450,"Parking, Security, Lift, Swimming Pool, Playground, Gymnasium, Barbeque area, Minimart, Multipurpose hall",THE VYBE SOHO,,Freehold,"CYBER 4, CYBERJAYA, Selangor, Cyberjaya",,,,Studio,1,High,Non Bumi Lot,199000,Cyberjaya,9,442.22222222222223
3.0,2.0,1227,"Parking, Swimming Pool, Security, Gymnasium, Jogging Track, Lift, Playground",Flora Rosa,Putrajaya Holdings Sdn Bhd,Freehold,"Residence Flora Rosa Presint 11 Putrajaya, Putrajaya, Putrajaya",2020.0,17,676,Condominium,2,High,Non Bumi Lot,596957,Putrajaya,7,486.51752241238796
3.0,2.0,984,,Residensi Setia Impian @ Kajang,Trans Loyal Development Sdn Bhd,Freehold,"Jalan Setia Menanti, Kajang, Selangor",2020.0,26,420,Apartment,2,,Non Bumi Lot,355000,Selangor,,360.7723577235772
3.0,2.0,680,"Parking, Security, Lift",Sri Aman Apartment,Chong Company Sdn. Bhd.,Freehold,"Persiaran Paya Terubong 5, Relau, Penang",,,,Apartment,2,Medium,Non Bumi Lot,315000,Penang,3,463.2352941176471
2.0,1.0,500,"Lift, Security, Playground, Minimart",Taman Paya Terubong,,Freehold,"Tingkat Paya Terubong 3, Paya Terubong, Penang",,,,Apartment,,Low,Non Bumi Lot,165000,Penang,4,330.0
3.0,2.0,1378,"Swimming Pool, Playground, Parking, Security",The Chancellor Condominium,,Leasehold,"Jalan Kosas 2, Ampang, Kuala Lumpur",2017.0,15,368,Condominium,,,Bumi Lot,400000,Kuala Lumpur,4,290.2757619738752
3.0,2.0,731,"Parking, Playground",Ceria,,Freehold,"Jalan Sungai Kapar Indah 1/Ku7, Kapar, Selangor",,,,Apartment,,Medium,Non Bumi Lot,220000,Selangor,2,300.9575923392613
3.0,2.0,786,"Parking, Jogging Track, Lift, Playground, Minimart",Jelutong Apartment @ Selayang Heights,,Leasehold,"Off Jalan Ipoh, Selayang Heights, Gombak, Selangor",,,,Apartment,1,Low,Bumi Lot,229000,Selangor,5,291.34860050890586
2.0,1.0,560,,Prima Setapak Flat,,Leasehold,"Jalan Prima Setapak, Setapak, Kuala Lumpur",,,,Flat,,,Non Bumi Lot,175000,Kuala Lumpur,,312.5
3.0,2.0,1001,"Security, Playground, Parking, Swimming Pool, Barbeque area, Gymnasium, Multipurpose hall",Sentul Point Suite Apartment,UOA Group,Freehold,"Jalan Sentul Pasar, Sentul, Kuala Lumpur",2020.0,44,1400,Condominium,1,,Non Bumi Lot,500000,Kuala Lumpur,7,499.5004995004995
3.0,2.0,700,"Parking, Security, Gymnasium, Jogging Track, Barbeque area, Playground",Taman Kheng Tian,Belleview Group,Freehold,"Jalan Van Praagh, Jelutong, Penang",2006.0,20,,Apartment,1,,Non Bumi Lot,350000,Penang,6,500.0
3.0,2.0,800,Playground,Pangsapuri Lotus (Teratai),,Freehold,"Taman Puchong Prima, Puchong, Selangor",,5,,Apartment,,Low,Bumi Lot,270000,Selangor,1,337.5
3.0,2.0,700,"Tennis Court, Squash Court, Parking, Playground, Security, Swimming Pool",Casa Impian,,Freehold,"No. 78, Jalan Ooi Thiam Siew, Jelutong, Penang",2006.0,18,182,Apartment,1,,Non Bumi Lot,410000,Penang,6,585.7142857142857
5.0,4.0,2200,Parking,"Double Storey, Damai Puri, Kepong, Aman Puri",,Freehold,"Double Storey, Damai Puri, Kepong, Aman Puri, Kuala Lumpur, Kepong",,,,Others,2,,Non Bumi Lot,1150000,Kepong,1,522.7272727272727
1.0,1.0,538,"Parking, Security, Swimming Pool, Playground, Lift, Gymnasium, Minimart",Sky View,Setia Promenade Sdn Bhd (SP Setia),Freehold,"Persiaran Indah Utama, Iskandar Puteri, Johor",,,316,Service Residence,1,High,Non Bumi Lot,350000,Johor,7,650.5576208178438
2.0,1.0,530,Parking,Jentayu,,Freehold,"Jalan Pulai Harmoni 4, Bandar Baru Kangkar Pulai, Skudai, Johor",,,,Flat,5,High,Non Bumi Lot,108000,Johor,1,203.77358490566039
3.0,2.0,1044,"Lift, Sauna, Swimming Pool, Gymnasium, Playground, Parking, Security, Minimart, Barbeque area, Club house, Jogging Track, Multipurpose hall",d'Brightton,GSD Group,Leasehold,"Jalan Titiwangsa Tiara 3, Titiwangsa, Kuala Lumpur",2024.0,11,628,Condominium,2,Medium,Non Bumi Lot,570000,Kuala Lumpur,12,545.9770114942529
3.0,2.0,1110,"Sauna, Multipurpose hall, Gymnasium, Swimming Pool, Security, Barbeque area, Parking, Playground, Minimart",Casa Desa Condominium,Faber Group,Freehold,"Jalan Desa Utama, Taman Desa, Kuala Lumpur",2008.0,,410,Condominium,2,Medium,Non Bumi Lot,570000,Kuala Lumpur,9,513.5135135135135
3.0,2.0,900,"Multipurpose hall, Jogging Track, Swimming Pool, Parking, Security, Gymnasium, Lift, Barbeque area, Playground",Eco Bloom @ Eco Meadows,Eco World Development Group Berhad,Freehold,"Jalan Paboi, Simpang Ampat, Penang",2020.0,33,490,Condominium,2,High,Non Bumi Lot,490000,Penang,9,544.4444444444445
4.0,3.0,1200,,Bangi,,Freehold,"bangi, Selangor, Bangi",,,,Condominium,2,,Non Bumi Lot,290000,Bangi,,241.66666666666666
3.0,2.0,1100,"Security, Parking",Apartment Sentul,,Freehold,"Jalan 2/48B, Sentul Pasar, Sentul, Kuala Lumpur",,5,,Apartment,,,Non Bumi Lot,290000,Kuala Lumpur,2,263.6363636363636
3.0,2.0,1250,"Parking, Security, Lift, Swimming Pool, Playground, Gymnasium, Sauna, Barbeque area, Minimart, Multipurpose hall, Club house, Jogging Track, Tennis Court, Squash Court",Selangor » Serdang,,Freehold,"Selangor » Serdang, Selangor, Serdang",,,,Condominium,2,Medium,Non Bumi Lot,385000,Serdang,14,308.0
3.0,2.0,904,"Multipurpose hall, Lift, Parking, Gymnasium, Barbeque area, Playground, Swimming Pool, Security",Arena Residence @ Warisan Puteri,IOI Properties Group Berhad,Freehold,"Jalan warisan sentral 3, Sepang, Selangor",2025.0,,406,Service Residence,2,High,Non Bumi Lot,352000,Selangor,8,389.3805309734513
4.0,3.0,1766,"Swimming Pool, Multipurpose hall, Playground, Gymnasium, Jogging Track, Barbeque area, Parking, Security, Lift",Celesta Residency,TGB Group Of Companies,Freehold,"1-2-10, Elit Avenue, Jalan Mayang Pasir 3, Bayan Lepas, Penang",2022.0,25,89,Condominium,2,,Non Bumi Lot,1009000,Penang,9,571.3476783691959
3.0,2.0,1000,"Parking, Security, Lift, Swimming Pool, Playground, Gymnasium, Sauna, Barbeque area, Minimart, Multipurpose hall, Club house, Jogging Track, Tennis Court, Squash Court",Putrajaya » Putrajaya,,Freehold,"Putrajaya » Putrajaya, Putrajaya, Putrajaya",,,,Condominium,2,Medium,Non Bumi Lot,399000,Putrajaya,14,399.0
3.0,2.0,700,,Pangsapuri Baiduri Bandar Tasik Kesuma,,Freehold,"Pangsapuri Baiduri Bandar Tasik Kesuma, Selangor, Semenyih",,,,Flat,,High,Bumi Lot,100000,Semenyih,,142.85714285714286
2.0,1.0,547,"Security, Parking",Kelumpuk Pinang,,Leasehold,"Jalan 30/56, Setiawangsa, Kuala Lumpur",,,,Flat,,,Bumi Lot,195000,Kuala Lumpur,2,356.48994515539306
4.0,3.0,1338,"Playground, Security, Swimming Pool, Sauna, Gymnasium, Parking, Lift, Barbeque area, Multipurpose hall, Club house, Jogging Track",Sandilands @ Jelutong,BHL Group of Companies,Freehold,"Off Lebuhraya Tun Dr. Lim Chong Eu, Jelutong, Penang",2020.0,,803,Condominium,2,Medium,Non Bumi Lot,840000,Penang,11,627.8026905829596
3.0,2.0,1219,"Security, Jogging Track, Sauna, Parking, Playground, Swimming Pool, Gymnasium, Lift, Barbeque area, Multipurpose hall",QuayWest Residence,Asia Green Group,Freehold,"Persiaran Bayan Indah Off Bayan Mutiara, Batu Uban, Penang",2021.0,24,1235,Condominium,2,High,Non Bumi Lot,800000,Penang,10,656.2756357670221
3.0,2.0,1130,,Sri Awana Townhouse,,Freehold,"Jalan Silat Lincah, Bandar Selesa Jaya, Johor Bahru, Johor",,5,,Apartment,,High,Non Bumi Lot,258000,Johor,,228.31858407079645
3.0,2.0,860,,Casa Prima (Perai),,Freehold,"Jalan Sutera Prima, Taman Sutera Prima,, Perai, Penang",,,,Apartment,1,Medium,Non Bumi Lot,298000,Penang,,346.51162790697674
3.0,2.0,828,"Parking, Lift, Playground, Jogging Track",Pangsapuri Seri Pinang (Sungai Puyu),JKP Sdn. Bhd.,Freehold,"Persiaran Seri Pinang, Off Jalan Sungai Puyu, Butterworth, Penang",,12,,Apartment,1,Medium,Non Bumi Lot,200000,Penang,4,241.54589371980677
3.0,1.0,656,Parking,Taman Sungai Batu,,Freehold,"Tingkat Sungai Batu, Teluk Kumbar, Penang",,,,Flat,,Low,Bumi Lot,220000,Penang,1,335.3658536585366
2.0,1.0,500,,Taman Terubong Jaya,,Leasehold,"Paya Terubong, Georgetown, Penang",,,,Flat,,Medium,Non Bumi Lot,105000,Penang,,210.0
3.0,2.0,850,"Multipurpose hall, Security, Swimming Pool, Gymnasium, Parking, Minimart",Residensi Bistaria,,Freehold,"Jalan Ukay Bistari, Taman Ukay Bistari, Ampang, Selangor",2013.0,15,,Condominium,1,,Bumi Lot,275000,Selangor,6,323.52941176470586
3.0,2.0,1000,,Sunny Ville Condominium,,Freehold,"Jalan Batu Uban, Gelugor, Penang",1994.0,22,504,Condominium,1,Medium,Non Bumi Lot,375000,Penang,,375.0
3.0,2.0,750,"Parking, Security, Lift, Playground",Idaman Lavender 3,Sri Tunas Sdn Bhd,Freehold,"Lilitan Sungai Ara Off Jalan Dato Ismail Hashim, Bayan Lepas, Penang",,20,608,Apartment,1,Low,Non Bumi Lot,360000,Penang,4,480.0
3.0,2.0,904,"Playground, Swimming Pool, Gymnasium, Parking, Security, Lift, Barbeque area, Minimart, Jogging Track",Saraka Apartment,,Freehold,"Jalan Wawasan 4/12, Puchong, Selangor",,12,,Condominium,1,,Non Bumi Lot,325000,Selangor,9,359.5132743362832
3.0,2.0,1159,"Parking, Playground, Barbeque area, Lift, Security",Seri Emas Apartment,,Freehold,"Taman Limau Manis, Bukit Mertajam, Penang",,,,Apartment,,Medium,Non Bumi Lot,350000,Penang,5,301.98446937014666
3.0,2.0,815,"Swimming Pool, Gymnasium, Barbeque area, Parking, Minimart, Playground, Security",Vista Pinggiran,LBS Bina Group Berhad,Leasehold,"Jalan Pinggiran Putra 1, Seksyen 2, Taman Pinggiran Putra, Seri Kembangan, Selangor",2004.0,20,998,Apartment,1,Medium,Non Bumi Lot,232000,Selangor,7,284.66257668711654
2.0,1.0,560,"Club house, Security, Playground",Cyber Residency,Country Heights Holdings Berhad,Freehold,"Jalan Cyber Suria, Off Persiaran Rimba Permai, Cyber Heights Villa , Cyberjaya, Selangor",,,,Condominium,1,Medium,Non Bumi Lot,223880,Selangor,3,399.7857142857143
3.0,2.0,1043,"Parking, Security, Lift, Swimming Pool, Playground, Gymnasium, Sauna, Barbeque area, Minimart, Multipurpose hall, Club house, Jogging Track, Tennis Court, Squash Court",Lakefront Condo,,Freehold,"Puchong, Selangor, Puchong",,,,Condominium,2,Low,Non Bumi Lot,400000,Puchong,14,383.5091083413231
3.0,2.0,1002,,LakeFront Residence,MCT Berhad,Leasehold,"Off Persiaran Bestari, Cyberjaya, Selangor",2017.0,42,1932,Condominium,2,Low,Non Bumi Lot,348000,Selangor,,347.3053892215569
3.0,2.0,929,"Parking, Security, Lift, Swimming Pool, Playground, Gymnasium, Sauna, Minimart, Jogging Track",Kiara Court,,Freehold,"Jalan Nilam 3, Nilai, Negeri Sembilan",,,,Apartment,2,Medium,Bumi Lot,315000,Negeri Sembilan,9,339.0742734122713
3.0,2.0,700,"Parking, Security",Damai Vista Apartment,OHM Group,Freehold,"Jalan Damai, Jelutong, Penang",,18,112,Apartment,1,,Non Bumi Lot,380000,Penang,2,542.8571428571429
3.0,2.0,650,"Gymnasium, Squash Court, Barbeque area, Minimart, Swimming Pool, Lift, Jogging Track, Sauna, Multipurpose hall, Club house, Security, Tennis Court",Gugusan Seroja,Perbadanan Kemajuan Negeri Selangor (PKNS),Leasehold,"Off Persiaran Kenanga, Kota Damansara, Selangor",,5,,Flat,,High,Bumi Lot,160000,Selangor,12,246.15384615384616
2.0,2.0,913,"Barbeque area, Swimming Pool, Playground, Sauna, Parking, Squash Court, Gymnasium, Security",i-Zen @ Kiara 1,Ireka Development,Freehold,"No. 1, Jalan Kiara, Mont Kiara, Mont Kiara, Kuala Lumpur",2008.0,35,302,Condominium,2,,Non Bumi Lot,630000,Kuala Lumpur,8,690.0328587075575
3.0,2.0,871,,Chendana,,Freehold,"Jalan BP 7/13, Selangor, Puchong",,,,Apartment,,Low,Non Bumi Lot,190000,Puchong,,218.14006888633753
5.0,4.0,2293,"Minimart, Playground, Lift, Sauna, Security, Gymnasium, Tennis Court, Squash Court, Club house, Parking, Jogging Track, Swimming Pool, Barbeque area, Multipurpose hall",Impian Heights,IOI Properties Group Berhad,Freehold,"Jalan Pipit, Bandar Puchong Jaya, Puchong, Selangor",1999.0,16,520,Condominium,2,High,Non Bumi Lot,548000,Selangor,14,238.98822503270824
3.0,2.0,850,"Swimming Pool, Parking, Security, Playground",Bandar Baru Permas Jaya,,Freehold,"Jln Permas 7, Bandar Baru Permas Jaya, Permas Jaya, Johor",,,,Flat,,High,Non Bumi Lot,198000,Johor,4,232.94117647058823
3.0,2.0,969,"Barbeque area, Security, Playground, Swimming Pool, Lift, Parking, Gymnasium, Sauna, Minimart, Multipurpose hall, Jogging Track",The Netizen @ Bandar Tun Hussein Onn,KEB Group,Freehold,"Jalan Lengkok 1-B, Taman Cheras Perdana, Batu 10, Cheras, Selangor",2019.0,,1196,Apartment,2,Medium,Non Bumi Lot,505000,Selangor,11,521.1558307533539
2.0,2.0,700,"Parking, Security, Lift, Swimming Pool, Playground, Sauna, Gymnasium, Barbeque area, Multipurpose hall",Arte S,Arte Corp,Freehold,"Off Persiaran Bukit Gambier, Gelugor, Penang",2018.0,49,480,Service Residence,1,High,Non Bumi Lot,500000,Penang,9,714.2857142857143
3.0,2.0,675,"Lift, Playground, Minimart, Parking",Apartment Tanjung Merdeka Villa,,Leasehold,"Jalan Merdeka Permai 2, Ampang, Ampang, Selangor",,,,Flat,,Medium,Non Bumi Lot,218000,Selangor,4,322.962962962963
3.0,2.0,1080,"Parking, Security, Lift, Swimming Pool, Playground, Gymnasium, Sauna, Barbeque area, Minimart, Multipurpose hall, Club house, Jogging Track, Tennis Court, Squash Court",Selangor » Seri Kembangan,,Freehold,"Selangor » Seri Kembangan, Selangor, Seri Kembangan",,,,Condominium,2,Medium,Non Bumi Lot,390000,Seri Kembangan,14,361.1111111111111
2.0,2.0,875,"Minimart, Security, Tennis Court, Lift, Squash Court, Jogging Track, Sauna, Parking, Playground",Zen 66 Apartment,Tecktonic & Sons Holdings Sdn Bhd,Leasehold,"Jalan Burung Lilin, Kuching, Sarawak",,,,Apartment,,Medium,Non Bumi Lot,428000,Sarawak,9,489.14285714285717
3.0,2.0,678,"Playground, Minimart",Rumah Pangsa Gentam,,Freehold,"Off Kuala Pilah / Bahau, Kuala Pilah, Negeri Sembilan",,,,Flat,,Medium,Bumi Lot,79000,Negeri Sembilan,2,116.51917404129793
3.0,2.0,818,"Parking, Minimart, Gymnasium, Security, Playground, Swimming Pool, Lift, Jogging Track",Golden Villa,,Freehold,"Jalan Temenggung 37, Klang, Selangor",,15,,Apartment,1,High,Non Bumi Lot,180000,Selangor,8,220.04889975550122
2.0,2.0,686,"Parking, Swimming Pool, Playground, Security, Minimart, Multipurpose hall",Country Heights,The W Property Collection,Leasehold,"Penampang, Kota Kinabalu, Sabah",,,,Apartment,1,Medium,Non Bumi Lot,268000,Sabah,6,390.6705539358601
2.0,2.0,900,,One Borneo,,Leasehold,"88450, Sabah, Kota Kinabalu",,,,Condominium,1,Low,Non Bumi Lot,318000,Kota Kinabalu,,353.3333333333333
2.0,2.0,950,"Parking, Security, Swimming Pool, Playground",Grace Garden,,Leasehold,"Jln Pantai Sembulan, Kota Kinabalu, Sabah",,,,Condominium,1,Medium,Non Bumi Lot,560000,Sabah,4,589.4736842105264
3.0,2.0,1035,"Swimming Pool, Parking, Security, Minimart, Gymnasium, Playground, Lift, Barbeque area",Serini Melawati,Sime Darby Property Berhad,Freehold,"Off Jalan Taman Melawati, Taman Melawati, Kuala Lumpur",2018.0,38,528,Service Residence,3,High,Non Bumi Lot,700000,Kuala Lumpur,8,676.328502415459
3.0,2.0,650,"Parking, Playground, Minimart, Multipurpose hall",Pangsapuri Laksamana (Batu Caves),,Leasehold,"Jalan Laksamana, Kampung Laksamana, Batu Caves, Selangor",,5,,Apartment,1,Medium,Non Bumi Lot,128000,Selangor,4,196.92307692307693
3.0,2.0,715,,Pangsapuri Randa,,Freehold,"Jalan Anggerik Tania 31/112,Kota Kemuning, Sect 31, Shah Alam, Selangor",,5,,Apartment,,Low,Non Bumi Lot,295000,Selangor,,412.5874125874126
3.0,2.0,1054,"Parking, Lift, Playground, Security, Swimming Pool, Gymnasium, Jogging Track, Barbeque area",Presint 11 Apartment,,Freehold,"Jalan Presint P11, 62000, Selangor, Putrajaya, Putrajaya",,20,,Apartment,,Medium,Bumi Lot,365000,Putrajaya,8,346.29981024667933
4.0,3.0,1403,"Parking, Security, Swimming Pool, Playground",Grace Garden,,Leasehold,"Jln Pantai Sembulan, Kota Kinabalu, Sabah",,,,Condominium,,High,Non Bumi Lot,830000,Sabah,4,591.5894511760513
3.0,2.0,930,"Jogging Track, Parking, Playground, Security, Lift, Multipurpose hall",Tunas Residensi @ Nada Bidara,Seri Pajam Development Sdn Bhd,Freehold,"71800, Negeri Sembilan, Nilai, Negeri Sembilan",2022.0,,460,Apartment,2,Medium,Non Bumi Lot,275000,Negeri Sembilan,6,295.6989247311828
3.0,2.0,1550,"Parking, Jogging Track, Security, Lift, Swimming Pool, Playground, Gymnasium, Barbeque area",Riverine Emerald,,Leasehold,"Jalan Petanak, Kuching, Sarawak",,,,Condominium,1,Medium,Non Bumi Lot,600000,Sarawak,8,387.0967741935484
2.0,2.0,800,"Security, Lift, Swimming Pool, Playground, Gymnasium, Barbeque area, Multipurpose hall, Jogging Track",i-Soho @ i-City,i-Berhad,Freehold,"Jalan Plumbum 7/102, Shah Alam, Selangor",,43,956,Apartment,,Medium,Non Bumi Lot,460000,Selangor,8,575.0
3.0,2.0,1098,"Parking, Jogging Track, Security, Playground, Gymnasium, Minimart, Multipurpose hall",Taman Pinggiran Putra,LBS Bina Group Berhad,Leasehold,"Bandar Putra Permai, Seri Kembangan, Selangor",,,,Apartment,,High,Non Bumi Lot,99000,Selangor,7,90.1639344262295
3.0,2.0,642,,Dahlia (Seremban),,Leasehold,"Jalan S2 G5, Seremban, Negeri Sembilan",,,,Flat,,,Non Bumi Lot,95000,Negeri Sembilan,,147.97507788161994
2.0,1.0,615,,Regency Park,,Freehold,"Jalan Dimpoukon, Penampang, Sabah",,,,Apartment,,Low,Non Bumi Lot,270000,Sabah,,439.0243902439024
4.0,2.0,1271,,Skycube Residence,GSD Land (M) Sdn Bhd,Freehold,"Off Jalan Paya Terubong, Sungai Ara, Penang",2017.0,30,410,Condominium,2,Medium,Non Bumi Lot,660000,Penang,,519.2761605035405
3.0,2.0,1010,"Parking, Security, Swimming Pool, Gymnasium, Playground, Minimart, Multipurpose hall, Barbeque area, Tennis Court, Squash Court, Lift",Boulevard Serviced Apartment,,Freehold,"Off Jalan Kuching, Jalan Ipoh, Kuala Lumpur",2014.0,,,Service Residence,1,Medium,Bumi Lot,488888,Kuala Lumpur,11,484.0475247524752
10.0,3.0,4500,,1 Desa Residence,UOA Group,Freehold,"Jalan Desa Bakti 2, Taman Desa, Taman Desa, Kuala Lumpur",2007.0,13,104,Condominium,2,Medium,Non Bumi Lot,3499999,Kuala Lumpur,,777.7775555555555
2.0,2.0,550,"Parking, Jogging Track, Security, Lift",PD Tiara Bay,,Freehold,"Jalan Pasir Panjang, Pasir Panjang, Negeri Sembilan",,,,Apartment,,Low,Bumi Lot,98000,Negeri Sembilan,4,178.1818181818182
2.0,3.0,1200,"Parking, Security, Lift, Swimming Pool, Playground, Gymnasium, Barbeque area, Multipurpose hall",E Park Residence,,Freehold,"Taman Sri Putra Mas, Sungai Buloh, Selangor",,,,Condominium,,Medium,Non Bumi Lot,558000,Selangor,8,465.0
3.0,1.0,676,"Parking, Playground, Barbeque area",Taman Bukit Ria (Kajang),,Freehold,"Jalan 3/149e, Kajang, Selangor",,,,Flat,,High,Non Bumi Lot,150000,Selangor,3,221.89349112426035
3.0,2.0,950,"Swimming Pool, Playground, Gymnasium, Lift, Parking, Security, Minimart, Barbeque area",Dwiputra Residences,Setia Promenade Sdn Bhd (SP Setia),Freehold,"Precinct 15, Putrajaya, Putrajaya",2017.0,25,452,Apartment,2,High,Non Bumi Lot,460000,Putrajaya,8,484.2105263157895
3.0,2.0,700,"Parking, Playground",Taman Segar Indah,,Freehold,"Taman Segar Indah, Butterworth, Penang",,,,Flat,,Low,Non Bumi Lot,250000,Penang,2,357.14285714285717
2.0,2.0,650,"Lift, Security, Parking, Playground, Multipurpose hall, Minimart",Desa Mawar,,Leasehold,"Lintang Kampung Melayu 2, Ayer Itam, Penang",1999.0,19,1632,Apartment,,High,Bumi Lot,155000,Penang,6,238.46153846153845
3.0,2.0,600,,Taman Pasir Putih Phase 3C,,Leasehold,"Jalan Pasir Putih, Penampang, Sabah",,,,Flat,,Medium,Non Bumi Lot,175000,Sabah,,291.6666666666667
3.0,2.0,1002,"Parking, Security, Tennis Court, Lift, Squash Court, Swimming Pool, Playground, Gymnasium, Minimart, Club house",OHako,Marimo Land Sdn Bhd,Freehold,"Bandar Puchong Jaya, Puchong, Kuala Lumpur",2019.0,31,718,Service Residence,2,Medium,Non Bumi Lot,550000,Kuala Lumpur,10,548.9021956087824
3.0,2.0,750,"Parking, Jogging Track, Security, Swimming Pool, Playground, Barbeque area, Minimart, Multipurpose hall",Apartment Saujana Damansara Damai,,Leasehold,"10/1C, Petaling Jaya, Selangor, Damansara Damai",,,,Apartment,1,Medium,Non Bumi Lot,270000,Damansara Damai,8,360.0
2.0,2.0,715,"Parking, Security, Lift, Swimming Pool, Playground, Gymnasium, Barbeque area, Minimart, Multipurpose hall",Amber Cove,,Leasehold,"Lorong Hajah Maznah, Melaka City, Melaka",,,,Service Residence,,High,Non Bumi Lot,365000,Melaka,9,510.4895104895105
3.0,2.0,800,"Jogging Track, Security, Lift",Taman Tun Teja,,Leasehold,"Jalan Bayu, Taman Tun Teja, Rawang, Selangor",,,,Flat,,Low,Non Bumi Lot,245000,Selangor,3,306.25
3.0,2.0,750,"Parking, Security, Lift, Playground, Multipurpose hall, Minimart, Barbeque area",Simfoni @ Eco Majestic,,Freehold,"Jalan Eco Majestic 3A/5, Semenyih, Selangor",,,,Apartment,1,High,Non Bumi Lot,198000,Selangor,7,264.0
3.0,2.0,1151,"Parking, Jogging Track, Security, Lift, Swimming Pool, Playground, Gymnasium, Sauna, Barbeque area, Minimart",Serin Residency,Trientel Land (Villamas Group),Freehold,"Jalan Fauna 1, OFF Persiaran Multimedia, Cyberjaya, Selangor",2014.0,30,600,Condominium,2,Medium,Non Bumi Lot,425000,Selangor,10,369.244135534318
2.0,1.0,455,"Parking, Security, Swimming Pool, Playground, Minimart",Country Heights,The W Property Collection,Leasehold,"Penampang, Kota Kinabalu, Sabah",,,,Apartment,,Medium,Bumi Lot,140000,Sabah,5,307.6923076923077
3.0,2.0,1936,"Multipurpose hall, Parking, Gymnasium, Security, Lift, Swimming Pool, Playground",Ria @ Amaniah Mulia,ARA ASA DEVELOPMENT SDN BHD,Leasehold,"Jalan Amaniah Mulia 5, Taman Amaniah Mulia, Batu Caves, Selangor",,,,Apartment,3,,Non Bumi Lot,470000,Selangor,7,242.76859504132233
2.0,2.0,1010,"Parking, Security, Lift, Swimming Pool, Playground, Multipurpose hall, Minimart, Barbeque area, Sauna, Gymnasium, Jogging Track, Club house, Tennis Court, Squash Court",Parc Regency Serviced Apartment,Malaysia Land Properties Sdn. Bhd.,Freehold,"Off Jalan Masai Baru, Plentong, Johor Bahru, Johor",2019.0,25,2003,Service Residence,2,High,Non Bumi Lot,396000,Johor,14,392.0792079207921
4.0,2.0,850,"Security, Parking, Minimart, Gymnasium, Multipurpose hall, Swimming Pool, Lift, Playground",Residensi Bistaria,,Freehold,"Jalan Ukay Bistari, Taman Ukay Bistari, Ampang, Selangor",2013.0,15,,Condominium,1,,Bumi Lot,260000,Selangor,8,305.88235294117646
3.0,2.0,754,"Minimart, Security, Playground, Parking, Gymnasium",Spring Ville,Talam Transform Berhad,Leasehold,"Jalan UP 1/1, Ukay Perdana, Ampang, Selangor",2011.0,12,1000,Service Residence,1,High,Bumi Lot,230000,Selangor,5,305.0397877984085
3.0,2.0,800,"Parking, Security, Lift, Swimming Pool, Playground, Jogging Track, Minimart, Multipurpose hall",Mentari Court,Mentari Group,Leasehold,"Jalan PJS8/9, Petaling Jaya, Selangor",2006.0,18,200,Apartment,1,High,Non Bumi Lot,260000,Selangor,8,325.0
3.0,2.0,860,"Parking, Security, Lift, Swimming Pool, Playground, Barbeque area, Multipurpose hall",Aliran Damai Apartments,,Freehold,"Of Jalan Damai Perdana 5/2, Bandar Damai Perdana, Cheras, Kuala Lumpur",,11,,Apartment,1,Low,Non Bumi Lot,315000,Kuala Lumpur,7,366.27906976744185
3.0,2.0,750,Parking,Flat Bukit Indah,,Freehold,"Jalan Indah 23/1, Iskandar Puteri, Johor",,,,Flat,,Medium,Non Bumi Lot,185000,Johor,1,246.66666666666666
5.0,6.0,2723,"Sauna, Parking, Swimming Pool, Club house, Squash Court, Barbeque area, Gymnasium, Security, Playground",Kiara 1888,Prisma Melody,Freehold,"Jalan Kiara 3,, Mont Kiara, Kuala Lumpur",2008.0,28,182,Condominium,2,High,Non Bumi Lot,1520000,Kuala Lumpur,9,558.2078589790672
3.0,2.0,1200,"Parking, Security",Tamara,Putrajaya Holdings,Freehold,"Jalan P8h, Presint 8,  Wilayah Persekutuan, Putrajaya, Putrajaya",2016.0,,,Condominium,2,,Non Bumi Lot,600000,Putrajaya,2,500.0
3.0,2.0,1200,"Security, Jogging Track, Lift, Barbeque area, Sauna, Minimart, Playground, Swimming Pool, Gymnasium, Parking, Tennis Court",EkoCheras Service Apartment,Ekovest Berhad,Freehold,"Jalan Cheras, Taman Mutiara Barat, Cheras 9 Miles, Cheras, Kuala Lumpur",2017.0,60,1516,Service Residence,,Medium,Non Bumi Lot,660000,Kuala Lumpur,11,550.0
3.0,2.0,660,"Parking, Minimart",Kesturi Apartment (Taman Tasik Jaya),,Freehold,"Taman Tasik Jaya, Seremban, Paroi, Negeri Sembilan",,,,Apartment,,Medium,Bumi Lot,120000,Negeri Sembilan,2,181.8181818181818
3.0,2.0,1050,"Parking, Security, Lift, Swimming Pool, Playground, Gymnasium, Sauna, Barbeque area, Minimart, Multipurpose hall, Club house, Jogging Track, Tennis Court, Squash Court",Selangor » Seri Kembangan,,Freehold,"Selangor » Seri Kembangan, Selangor, Seri Kembangan",,,,Condominium,2,Medium,Non Bumi Lot,390000,Seri Kembangan,14,371.42857142857144
3.0,2.0,650,"Parking, Lift, Security",Permai Jaya Apartment,,Freehold,"Lintang Lembah Permai 4, Off Jalan Lembah Permai, Tanjung Bungah, Penang",,17,,Apartment,1,High,Non Bumi Lot,285000,Penang,3,438.46153846153845
3.0,2.0,1100,"Parking, Security, Lift, Swimming Pool, Playground, Gymnasium, Sauna, Barbeque area, Minimart, Multipurpose hall, Club house, Jogging Track, Tennis Court, Squash Court",Selangor » Seri Kembangan,,Freehold,"Selangor » Seri Kembangan, Selangor, Seri Kembangan",,,,Condominium,2,Medium,Non Bumi Lot,395000,Seri Kembangan,14,359.09090909090907
3.0,2.0,950,"Parking, Lift, Playground, Swimming Pool, Gymnasium",Dwiputra Residences,Setia Promenade Sdn Bhd (SP Setia),Freehold,"Precinct 15, Putrajaya, Putrajaya",2017.0,25,452,Condominium,2,,Bumi Lot,420000,Putrajaya,5,442.10526315789474
3.0,2.0,1080,"Multipurpose hall, Security, Swimming Pool, Lift, Playground, Parking, Gymnasium",Alami Residensi,Worlwide Holdings,Leasehold,"Jalan Akuatik, Seksyen 13, Shah Alam, Selangor",,17,444,Service Residence,2,,Non Bumi Lot,582000,Selangor,7,538.8888888888889
2.0,2.0,740,"Security, Parking, Lift, Swimming Pool, Playground, Barbeque area, Gymnasium",One Sentral Serviced Residence Nusajaya,Country View Berhad,Freehold,"Nusa Sentral, Iskandar Puteri, Johor",2016.0,20,426,Service Residence,1,Medium,Non Bumi Lot,355000,Johor,7,479.72972972972974
3.0,2.0,1063,"Security, Parking, Gymnasium, Playground, Multipurpose hall",Taman Anggerik Villa,,Freehold,"Taman Anggerik Villa, Kajang, Selangor",,,,Apartment,,Medium,Non Bumi Lot,220000,Selangor,5,206.96142991533395
3.0,2.0,700,"Sauna, Minimart, Jogging Track, Security",Julita Apartment,,Freehold,"Lebuh Rambai 17, Ayer Itam, Penang",,5,50,Apartment,1,Medium,Non Bumi Lot,248000,Penang,4,354.2857142857143
3.0,2.0,800,"Gymnasium, Security, Minimart, Jogging Track, Parking, Swimming Pool, Playground",Mutiara Heights,,Leasehold,"2A & 2B, Lintang Hajjah Rehmah,, Jelutong, Penang",2005.0,29,525,Apartment,1,High,Non Bumi Lot,328000,Penang,7,410.0
3.0,3.0,1493,"Barbeque area, Club house, Parking, Playground, Minimart, Swimming Pool, Jogging Track, Sauna, Security",Damansara Foresta,Land & General Berhad,Freehold,"Persiaran Meranti, Bandar Sri Damansara, Sri Damansara, Kuala Lumpur",2016.0,,229,Condominium,2,,Non Bumi Lot,680000,Kuala Lumpur,9,455.45880776959143
1.0,1.0,450,"Parking, Security, Lift, Swimming Pool, Playground, Gymnasium, Sauna, Barbeque area, Minimart, Multipurpose hall, Club house, Jogging Track, Tennis Court, Squash Court",Solstice @ Pan'gaea,OSK Property Holdings Berhad,Freehold,"Persiaran Bestari, Cyber 11, Cyberjaya, Selangor",2016.0,40,946,Condominium,1,Medium,Bumi Lot,199000,Selangor,14,442.22222222222223
3.0,2.0,940,"Security, Parking, Lift, Swimming Pool, Playground, Multipurpose hall, Minimart, Barbeque area, Sauna, Gymnasium, Club house, Jogging Track, Tennis Court, Squash Court",Perdana Puri,KIP Group,Freehold,"Jalan Puri, Desa Aman Puri, Kepong, Kepong, Kuala Lumpur",,13,240,Condominium,2,Medium,Non Bumi Lot,380000,Kuala Lumpur,14,404.25531914893617
3.0,2.0,850,"Playground, Swimming Pool, Tennis Court, Parking, Security, Jogging Track, Gymnasium, Lift",Putatan Platinum Apartment,Syarikat Perumahan Negara Berhad,Leasehold,"Jalan Putatan, Penampang, Sabah",,12,1012,Apartment,1,High,Non Bumi Lot,265000,Sabah,8,311.7647058823529
3.0,2.0,1080,"Security, Multipurpose hall, Swimming Pool",Alami Residensi,Worlwide Holdings,Leasehold,"Jalan Akuatik, Seksyen 13, Shah Alam, Selangor",,17,444,Condominium,2,,Bumi Lot,460000,Selangor,3,425.9259259259259
2.0,2.0,1010,"Parking, Security, Playground, Lift, Swimming Pool, Gymnasium, Barbeque area, Sauna, Minimart, Multipurpose hall, Squash Court, Tennis Court, Jogging Track, Club house",Parc Regency Serviced Apartment,Malaysia Land Properties Sdn. Bhd.,Freehold,"Off Jalan Masai Baru, Plentong, Johor Bahru, Johor",2019.0,25,2003,Service Residence,2,High,Non Bumi Lot,396000,Johor,14,392.0792079207921
3.0,2.0,870,"Swimming Pool, Jogging Track, Minimart, Security, Gymnasium, Sauna, Parking, Playground, Lift",Ashton Tower,SCP Group,Leasehold,"Off Kolombong, Kota Kinabalu, Sabah",2016.0,29,391,Service Residence,,Medium,Non Bumi Lot,420000,Sabah,9,482.7586206896552
3.0,2.0,1001,"Parking, Security, Swimming Pool, Playground, Jogging Track, Multipurpose hall",,,Leasehold,,,,,Condominium,1,Medium,Bumi Lot,400000,,6,399.6003996003996
3.0,2.0,700,"Gymnasium, Jogging Track, Barbeque area, Parking, Security, Playground",Taman Kheng Tian,Belleview Group,Freehold,"Jalan Van Praagh, Jelutong, Penang",2006.0,20,,Apartment,,High,Non Bumi Lot,360000,Penang,6,514.2857142857143
4.0,5.0,5619,"Gymnasium, Playground, Swimming Pool, Squash Court, Multipurpose hall, Parking, Sauna, Security, Lift, Barbeque area, Club house, Jogging Track, Tennis Court",The Light Collection IV,IJM LAND BERHAD,Freehold,"Jalan Pantai Sinaran, Gelugor, Penang",2017.0,6,98,Condominium,4,High,Non Bumi Lot,4000000,Penang,13,711.8704395799964
3.0,2.0,1168,"Minimart, Multipurpose hall, Gymnasium, Barbeque area, Playground, Swimming Pool, Lift, Parking, Security, Tennis Court, Squash Court, Jogging Track, Sauna, Club house",The Sky Executive Suites @ Bukit Indah,Setia Promenade Sdn Bhd (SP Setia),Freehold,"Jalan Indah 15, Bukit Indah, Johor Bahru, Johor",2013.0,25,364,Service Residence,,Medium,Non Bumi Lot,470000,Johor,14,402.3972602739726
1.0,1.0,513,"Parking, Security, Lift, Swimming Pool, Playground, Gymnasium, Sauna, Barbeque area, Minimart, Multipurpose hall, Club house, Jogging Track, Tennis Court",D'Ambience,IJM LAND BERHAD,Freehold,"Jalan Permas 2, Taman Permas Jaya, Johor Bahru, Johor",,21,780,Service Residence,1,High,Non Bumi Lot,280000,Johor,13,545.8089668615985
1.0,1.0,484,"Security, Swimming Pool, Tennis Court, Minimart, Jogging Track, Sauna, Playground, Gymnasium, Multipurpose hall",Palazio,Malaysia Land Properties Sdn. Bhd.,Freehold,"Jalan Mutiara Emas 9/23, Taman Mount Austin, Johor Bahru, Johor",2013.0,,1160,Studio,,Medium,Non Bumi Lot,240000,Johor,9,495.8677685950413
2.0,1.0,494,"Parking, Playground",Flat Taman Ungku Tun Aminah,Tasek Maju Realty Sdn Bhd,Freehold,"Taman Ungku Tun Aminah, Skudai, Johor",,,,Apartment,,Low,Non Bumi Lot,158000,Johor,2,319.83805668016197
4.0,3.0,1200,"Parking, Lift, Playground, Gymnasium, Swimming Pool",Dwiputra Residences,Setia Promenade Sdn Bhd (SP Setia),Freehold,"Precinct 15, Putrajaya, Putrajaya",2017.0,25,452,Condominium,2,,Non Bumi Lot,500000,Putrajaya,5,416.6666666666667
4.0,2.0,864,"Parking, Playground, Security",Putra Indah Apartment,,Leasehold,"Jalan PP 16, Taman Pinggiran Putra, Seri Kembangan, Selangor",,5,,Apartment,1,Medium,Bumi Lot,210000,Selangor,3,243.05555555555554
3.0,2.0,950,"Playground, Gymnasium, Lift, Parking, Swimming Pool",Dwiputra Residences,Setia Promenade Sdn Bhd (SP Setia),Freehold,"Precinct 15, Putrajaya, Putrajaya",2017.0,25,452,Condominium,2,,Bumi Lot,410000,Putrajaya,5,431.57894736842104
3.0,2.0,914,"Barbeque area, Parking, Security, Swimming Pool, Playground, Gymnasium, Lift, Multipurpose hall",Sky88 Residences,North Borneo Properties (S) Sdn. Bhd.,Leasehold,"Bundusan, Kota Kinabalu, Sabah",,30,294,Condominium,1,Low,Bumi Lot,467000,Sabah,8,510.94091903719914
3.0,2.0,1098,,Jentayu Residency,Achwell Property Sdn Bhd,Freehold,"Jalan Tampoi, Johor Bahru, Johor",2013.0,,512,Service Residence,,Medium,Non Bumi Lot,368000,Johor,,335.1548269581057
2.0,3.0,950,"Swimming Pool, Gymnasium, Parking, Lift, Playground",Dwiputra Residences,Setia Promenade Sdn Bhd (SP Setia),Freehold,"Precinct 15, Putrajaya, Putrajaya",2017.0,25,452,Condominium,2,,Non Bumi Lot,410000,Putrajaya,5,431.57894736842104
3.0,2.0,650,"Playground, Security, Parking",Mutiara Court,,Leasehold,"Jalan Bukit Permai, Ampang, Selangor",,5,90,Apartment,1,Low,Non Bumi Lot,160000,Selangor,3,246.15384615384616
3.0,2.0,860,"Lift, Minimart, Parking, Security, Swimming Pool",Bangi Idaman Apartment,,Leasehold,"Jalan 5c/5, Off Jalan Fairuza, Seksyen 5, Bandar Baru Bangi, Bangi, Selangor",,10,,Apartment,,Medium,Bumi Lot,280000,Selangor,5,325.5813953488372
3.0,2.0,1148,"Parking, Security, Lift, Playground, Multipurpose hall",Anggerik Villa 2 Apartment,,Freehold,"Jalan Anggerik Villa 2/2, Taman Anggerik Perdana, Kajang, Selangor",,12,,Apartment,1,Low,Non Bumi Lot,320000,Selangor,5,278.74564459930315
3.0,2.0,1097,"Parking, Security, Playground, Barbeque area",Lite View Park,,Leasehold,"Jalan Bakam, Miri, Sarawak",,,,Apartment,,Low,Non Bumi Lot,320000,Sarawak,4,291.7046490428441
3.0,2.0,1069,"Gymnasium, Swimming Pool, Security, Squash Court, Barbeque area, Lift, Parking, Playground",The Oasis,Arte Corp,Leasehold,"Off Jalan Yeap Choy Ee, Gelugor, Penang",2010.0,38,,Condominium,1,,Non Bumi Lot,560000,Penang,8,523.8540692235734
3.0,2.0,1116,"Swimming Pool, Barbeque area, Gymnasium, Squash Court, Security, Parking, Lift",The Oasis,Arte Corp,Leasehold,"Off Jalan Yeap Choy Ee, Gelugor, Penang",2010.0,38,,Condominium,1,,Non Bumi Lot,550000,Penang,7,492.831541218638
3.0,2.0,1052,"Gymnasium, Squash Court, Barbeque area, Swimming Pool, Security, Lift, Parking",The Oasis,Arte Corp,Leasehold,"Off Jalan Yeap Choy Ee, Gelugor, Penang",2010.0,38,,Condominium,1,,Non Bumi Lot,560000,Penang,7,532.319391634981
4.0,2.0,1349,"Security, Swimming Pool, Parking, Lift, Playground, Gymnasium",Pearl Tower,,Leasehold,"Off Jalan Lintas, Taman BDC, Kota Kinabalu, Kota Kinabalu, Sabah",,,,Condominium,1,Low,Non Bumi Lot,600000,Sabah,6,444.7739065974796
3.0,2.0,850,"Parking, Playground, Gymnasium, Tennis Court, Security, Swimming Pool, Jogging Track, Lift",Putatan Platinum Apartment,Syarikat Perumahan Negara Berhad,Leasehold,"Jalan Putatan, Penampang, Sabah",,12,1012,Apartment,1,Low,Non Bumi Lot,255000,Sabah,8,300.0
3.0,2.0,1100,,Halaman Kristal,,Freehold,"Lengkok Free School, Jelutong, Penang",2001.0,31,360,Apartment,2,,Non Bumi Lot,510000,Penang,,463.6363636363636
3.0,2.0,1000,,Molek Ria,Berinda Properties Sdn Bhd,Freehold,"Persiaran Bumi Hijau, Johor Bahru, Johor",,,,Apartment,1,Medium,Non Bumi Lot,288000,Johor,,288.0
3.0,2.0,730,"Parking, Security, Lift",Desa Delima,,Leasehold,"Lorong Semarak Api Dua, Bandar Baru Farlim, Ayer Itam, Penang",1992.0,17,3,Apartment,1,,Non Bumi Lot,265000,Penang,3,363.013698630137
3.0,2.0,700,"Security, Parking, Lift",Desa Permata Ruby Block 17,,Freehold,"Lintang Paya Terubong 1, Ayer Itam, Penang",1995.0,11,100,Apartment,1,,Non Bumi Lot,270000,Penang,3,385.7142857142857
3.0,2.0,700,"Parking, Security, Lift",Desa Permata Amethyst Block 11,,Freehold,"Lintang Paya Terubong 4, Ayer Itam, Penang",1995.0,12,192,Apartment,,,Non Bumi Lot,280000,Penang,3,400.0
3.0,1.0,650,"Playground, Minimart",Taman Subang Perdana Flat,Bumimas Usaha Sdn Bhd / State Secretary Selangor,Leasehold,"Off Seksyen 2 Subang Perdana, Shah Alam, Selangor",,,,Flat,,High,Bumi Lot,190000,Selangor,2,292.3076923076923
2.0,2.0,855,"Parking, Minimart, Playground, Swimming Pool, Squash Court, Security, Lift, Sauna, Gymnasium",Impiria Residensi Bukit Tinggi Klang,WCT Holding Berhad,Freehold,"16A/KS06 Persiaran Batu Nilam, Bandar Bukit Tinggi 2, Klang, Selangor",2018.0,,403,Service Residence,1,Medium,Non Bumi Lot,530000,Selangor,9,619.8830409356725
4.0,3.0,1300,"Security, Gymnasium, Playground, Swimming Pool, Squash Court, Jogging Track, Parking, Tennis Court, Lift, Barbeque area, Multipurpose hall, Club house",LPR Freehold @ Cyberjaya,YanJian Group,Freehold,"Persiaran Sepang, Cyberjaya, Selangor",2021.0,29,550,Condominium,2,Medium,Non Bumi Lot,299000,Selangor,12,230.0
4.0,3.0,1300,"Club house, Security, Playground, Parking, Lift, Gymnasium, Sauna, Jogging Track, Tennis Court, Barbeque area, Swimming Pool, Minimart, Multipurpose hall, Squash Court",Cyber Residency,Country Heights Holdings Berhad,Freehold,"Jalan Cyber Suria, Off Persiaran Rimba Permai, Cyber Heights Villa , Cyberjaya, Selangor",,,,Condominium,2,Medium,Non Bumi Lot,299000,Selangor,14,230.0
3.0,2.0,1100,"Sauna, Minimart, Playground, Tennis Court, Barbeque area, Security, Swimming Pool, Gymnasium, Parking, Lift",Sri Putramas,Mayland,Freehold,"No. 1, Jalan Putramas 1, Off Jalan Kuching, Jalan Kuching, Kuala Lumpur",2004.0,25,1220,Condominium,1,Low,Non Bumi Lot,375000,Kuala Lumpur,10,340.90909090909093
3.0,2.0,1300,"Parking, Security, Lift, Swimming Pool, Playground, Gymnasium, Sauna, Barbeque area, Minimart, Multipurpose hall, Club house, Jogging Track, Tennis Court, Squash Court",Mont Kiara Pelangi,Sunrise,Freehold,"Jalan Kiara 1, Mont Kiara, Kuala Lumpur",1994.0,27,299,Condominium,,High,Non Bumi Lot,708000,Kuala Lumpur,14,544.6153846153846
3.0,2.0,1195,"Parking, Security, Lift, Swimming Pool, Playground, Gymnasium, Sauna, Barbeque area, Minimart, Multipurpose hall, Club house, Jogging Track, Tennis Court, Squash Court",Awana Puri Condominiums,NATWEST DEVELOPMENT SDN. BHD,Freehold,"Jalan 15/119, Taman Mutiara Barat, Cheras, Kuala Lumpur",,15,348,Condominium,,High,Non Bumi Lot,515000,Kuala Lumpur,14,430.9623430962343
3.0,2.0,755,"Parking, Security, Lift, Swimming Pool, Playground, Gymnasium, Sauna, Barbeque area, Minimart, Multipurpose hall, Club house, Jogging Track, Tennis Court, Squash Court",Ketumbar Heights,Mahajaya Berhad,Freehold,"Jalan 6/95B, Taman Cheras, Cheras, Kuala Lumpur",2010.0,14,336,Condominium,,Medium,Non Bumi Lot,250000,Kuala Lumpur,14,331.12582781456956
3.0,2.0,700,"Minimart, Playground, Parking, Barbeque area",Pangsapuri Orchid,,Freehold,"Taman Puchong Prima, Puchong, Selangor",,5,,Apartment,,Medium,Bumi Lot,220000,Selangor,4,314.2857142857143
3.0,2.0,850,"Parking, Security, Lift, Swimming Pool, Playground, Gymnasium, Sauna, Barbeque area, Multipurpose hall, Club house, Jogging Track",The Clio 2 Residences,IOI Properties Group Berhad,Freehold,"Lebuh IRC, Putrajaya, Putrajaya",,,,Service Residence,2,,Non Bumi Lot,458000,Putrajaya,11,538.8235294117648
3.0,2.0,1100,"Parking, Security, Lift, Swimming Pool, Playground, Gymnasium, Sauna, Barbeque area, Minimart, Multipurpose hall, Club house, Jogging Track, Tennis Court, Squash Court",Selangor » Serdang,,Freehold,"Selangor » Serdang, Selangor, Serdang",,,,Condominium,2,Medium,Non Bumi Lot,392000,Serdang,14,356.3636363636364
3.0,2.0,760,"Security, Parking, Playground",Astana Alam,,Leasehold,"Off Persiaran Puncak Alam 6, Bandar Puncak Alam, Puncak Alam, Selangor",,,,Apartment,1,High,Bumi Lot,150000,Selangor,3,197.3684210526316
3.0,2.0,1005,"Parking, Security, Minimart",Pangsapuri Mawar (Sentul),,Leasehold,"Jalan 7/48A, Bandar Baru Sentul, Sentul, Kuala Lumpur",,23,,Condominium,,Medium,Bumi Lot,360000,Kuala Lumpur,3,358.2089552238806
3.0,2.0,762,,Pangsapuri Seri Proton,,Freehold,"Jalan Samarinda 5, Taman Kandis, Klang, Selangor",,,,Apartment,1,Medium,Non Bumi Lot,210000,Selangor,,275.59055118110234
3.0,2.0,1200,"Parking, Security, Lift, Swimming Pool, Playground, Barbeque area, Gymnasium, Sauna, Jogging Track, Multipurpose hall",Le Vista Residence,,Freehold,"Jalan Cheras, Kuala Lumpur, Cheras",,,,Condominium,2,Medium,Non Bumi Lot,630000,Cheras,10,525.0
3.0,2.0,1300,"Club house, Security, Playground, Gymnasium, Squash Court, Jogging Track, Minimart, Swimming Pool, Tennis Court, Sauna, Parking, Barbeque area, Lift, Multipurpose hall",Mont Kiara Pelangi,Sunrise,Freehold,"Jalan Kiara 1, Mont Kiara, Kuala Lumpur",1994.0,27,299,Condominium,1,Medium,Non Bumi Lot,708000,Kuala Lumpur,14,544.6153846153846
2.0,1.0,581,"Playground, Minimart",Bbu Susur Barli Flat,,Leasehold,"Tampoi, Johor Bahru, Johor, Tampoi, Johor",,,,Flat,,Low,Bumi Lot,150000,Johor,2,258.1755593803787
3.0,1.0,646,,Pangsapuri Sri Inai,,Leasehold,"Pandan Indah, Pandan Indah, Kuala Lumpur",,,,Apartment,,Medium,Bumi Lot,210000,Kuala Lumpur,,325.07739938080493
3.0,2.0,982,"Gymnasium, Playground, Swimming Pool, Minimart, Security, Parking, Lift",The Gardens (Penampang),SC Land Group,Leasehold,"Lorong Taman Formosa 2, Taman Farmosa, Penampang, Sabah",2017.0,,,Condominium,2,High,Non Bumi Lot,550000,Sabah,7,560.081466395112
2.0,2.0,700,"Playground, Minimart",Flat Taman Perling,I&P Group,Leasehold,"Taman Perling, Perling, Johor",,,,Apartment,,High,Bumi Lot,140000,Johor,2,200.0
4.0,2.0,1470,"Gymnasium, Jogging Track, Security, Sauna, Parking, Playground, Swimming Pool, Lift, Barbeque area, Multipurpose hall, Club house",QuayWest Residence,Asia Green Group,Freehold,"Persiaran Bayan Indah Off Bayan Mutiara, Batu Uban, Penang",2021.0,24,1235,Condominium,2,Medium,Non Bumi Lot,930000,Penang,11,632.6530612244898
2.0,1.0,520,"Playground, Minimart",Bandar Baru Uda (Johor Bahru),,Leasehold,"Bandar Baru Uda, Johor Bahru, Johor",,,,Flat,,Medium,Bumi Lot,175000,Johor,2,336.53846153846155
3.0,2.0,1017,"Parking, Security, Lift, Swimming Pool, Playground, Gymnasium, Barbeque area, Minimart, Multipurpose hall, Jogging Track, Tennis Court, Squash Court",Savanna Executive Suites,Mah Sing Group Berhad,Freehold,"Lebuhraya KL-Serermban, Sungai Besi, Bangi, Selangor",,,,Service Residence,2,Medium,Non Bumi Lot,365000,Selangor,12,358.8987217305801
3.0,2.0,1044,"Lift, Security, Playground, Parking, Gymnasium, Minimart, Swimming Pool",Sri Akasia,,Leasehold,"Taman Tampoi Indah, Johor Bahru, Johor",2005.0,,698,Apartment,,Low,Bumi Lot,360000,Johor,7,344.82758620689657
4.0,4.0,1364,"Security, Swimming Pool, Barbeque area, Sauna, Multipurpose hall, Playground, Gymnasium, Parking, Lift, Minimart, Jogging Track",Residence 8,Ong Chong Realty,Freehold,"Jalan Sri Jati 3, Taman Sri Jati, Old Klang Road, Kuala Lumpur",2013.0,23,308,Condominium,2,High,Non Bumi Lot,685000,Kuala Lumpur,11,502.19941348973606
3.0,2.0,883,"Parking, Security, Lift, Playground, Jogging Track",APARTMENT PR1MA PRESINT 11 (Apartment PR1MA),,Leasehold,"Jalan P11E/5, Presint 11, Putrajaya, Putrajaya",,,,Apartment,1,High,Bumi Lot,310000,Putrajaya,5,351.0758776896942
2.0,1.0,550,Lift,Macallum Street Ghaut PDC Flat,The Penang Development Corporation,Leasehold,"Off Lebuhraya Tun Dr. Lim Chong Eu, Georgetown, Penang",,,,Flat,,,Non Bumi Lot,210000,Penang,1,381.8181818181818
3.0,2.0,1000,"Parking, Security, Lift, Swimming Pool, Playground, Gymnasium, Sauna, Barbeque area, Minimart, Multipurpose hall, Club house, Jogging Track, Tennis Court, Squash Court",Selangor » Serdang,,Freehold,"Selangor » Serdang, Selangor, Serdang",,,,Condominium,2,Medium,Non Bumi Lot,390000,Serdang,14,390.0
2.0,1.0,750,"Parking, Security, Lift, Playground",Plaza Sinar Apartment,,Freehold,"Off Jalan Lang Emas, Taman Sri Sinar, Kepong, Kepong, Kuala Lumpur",,,,Apartment,1,Medium,Non Bumi Lot,279000,Kuala Lumpur,4,372.0
3.0,1.0,657,,Pangsapuri Seroja @ Setia Alam,,Freehold,"U13/50, Seksyen U13, Shah Alam, Selangor",,5,,Apartment,,High,Bumi Lot,225000,Selangor,,342.4657534246575
3.0,2.0,861,"Security, Minimart, Playground, Jogging Track",Larkin Idaman Apartment,,Leasehold,"Off Jalan Dato Jaafar, Larkin Idaman, Johor Bahru, Johor",2009.0,13,,Apartment,,Medium,Bumi Lot,230000,Johor,4,267.13124274099886
2.0,1.0,936,"Playground, Minimart, Gymnasium, Jogging Track, Lift, Multipurpose hall, Club house, Parking, Security",Vista Perdana (Butterworth),,Leasehold,"Off Jalan Bagan Jermal, Kampung Gajah, Butterworth, Butterworth, Penang",,,,Apartment,1,High,Non Bumi Lot,298000,Penang,9,318.37606837606836
4.0,3.0,1800,"Parking, Security, Lift, Swimming Pool, Playground, Gymnasium, Club house, Minimart, Barbeque area, Multipurpose hall, Jogging Track",Olive Tree Residences,Harta Intan Construction Sdn. Bhd.,Freehold,"Jalan Mahsuri, Bayan Baru, Penang",1993.0,23,91,Condominium,2,Medium,Non Bumi Lot,1300000,Penang,11,722.2222222222222
3.0,2.0,1100,"Swimming Pool, Playground, Multipurpose hall, Gymnasium, Barbeque area, Sauna, Parking, Security, Lift, Minimart, Club house",Penaga @ Taman Raintree,Impiana Land & Development Sdn Bhd,Leasehold,"Jalan Raintree Utama, Batu Caves, Selangor",2012.0,,342,Condominium,1,High,Non Bumi Lot,465000,Selangor,11,422.72727272727275
3.0,2.0,800,,Taman Sentosa Perdana,Poh & Chen Development,Freehold,"Taman Sentosa Perdana, Klang, Selangor",,4,,Flat,1,High,Non Bumi Lot,85000,Selangor,,106.25
4.0,5.0,1968,"Playground, Security, Swimming Pool, Gymnasium, Sauna, Barbeque area, Multipurpose hall, Squash Court, Jogging Track, Lift, Parking",Sandilands @ Jelutong,BHL Group of Companies,Freehold,"Off Lebuhraya Tun Dr. Lim Chong Eu, Jelutong, Penang",2020.0,,803,Condominium,2,High,Non Bumi Lot,1100000,Penang,11,558.9430894308944
3.0,2.0,1050,"Parking, Playground, Security, Swimming Pool, Lift, Gymnasium, Barbeque area, Minimart, Multipurpose hall, Jogging Track",Zen 6,Asia Green Group,Freehold,"Persiaran Bayan Mutiara, Gelugor, Penang",2023.0,46,730,Condominium,3,Medium,Non Bumi Lot,650000,Penang,10,619.047619047619
3.0,2.0,1492,"Lift, Multipurpose hall, Playground, Gymnasium, Security, Sauna, Parking, Barbeque area, Swimming Pool, Jogging Track",Iconic Skies,Iconic Group of Companies,Freehold,"Off Jalan Paya Terubong, Relau, Relau, Penang",2017.0,37,299,Condominium,2,Medium,Non Bumi Lot,710000,Penang,10,475.87131367292227
2.0,2.0,900,"Parking, Security, Lift, Swimming Pool, Gymnasium",,,Leasehold,,,,,Condominium,1,Medium,Non Bumi Lot,338000,,5,375.55555555555554
3.0,2.0,1522,"Parking, Security, Lift, Playground, Swimming Pool, Gymnasium",Kristal,,Leasehold,"Jalan Kepayan, Kota Kinabalu, Sabah",,,,Condominium,1,Low,Non Bumi Lot,700000,Sabah,6,459.9211563731932
3.0,2.0,1000,"Barbeque area, Club house, Security, Swimming Pool, Parking, Lift",One Sulaman,,Leasehold,"Jalan Sulaman, Kota Kinabalu, Sabah, Kota Kinabalu, Sabah",,,109,Condominium,1,Medium,Non Bumi Lot,448000,Sabah,6,448.0
3.0,2.0,1000,"Parking, Security, Gymnasium, Tennis Court, Minimart, Playground, Swimming Pool, Lift, Multipurpose hall, Barbeque area, Sauna",The Rise Collection 3,Zubicon Sdn. Bhd.,Freehold,"Jln Dr. Wu Lien Teh, Georgetown, Penang",2020.0,,,Apartment,1,Medium,Non Bumi Lot,430000,Penang,11,430.0
3.0,2.0,700,"Parking, Gymnasium, Swimming Pool, Lift, Security, Playground, Jogging Track",Taman Kristal,,Freehold,"Gerbang Mount Eskine, Tanjong Tokong, Penang",1999.0,21,520,Apartment,1,High,Non Bumi Lot,318000,Penang,7,454.2857142857143
3.0,2.0,750,"Parking, Security, Lift, Swimming Pool, Playground",Taman Kristal,,Freehold,"Gerbang Mount Eskine, Tanjong Tokong, Penang",1999.0,21,520,Apartment,1,,Non Bumi Lot,280000,Penang,5,373.3333333333333
3.0,2.0,654,"Parking, Security, Lift",Taman Bukit Erskine,Ivory Properties Group Sdn Bhd,Freehold,"Off Lebuhraya Halia, Mount Erskine, Tanjong Tokong, Penang",2014.0,38,554,Apartment,1,,Non Bumi Lot,285000,Penang,3,435.7798165137615
3.0,2.0,955,,Perdana Villa (Klang),,Freehold,"Jalan Temenggung 37, Taman Sentosa Perdana, Klang, Selangor",,9,,Apartment,,Low,Non Bumi Lot,310000,Selangor,,324.60732984293196
1.0,2.0,575,"Security, Minimart, Gymnasium, Playground, Parking, Tennis Court, Swimming Pool, Lift",The Domain @ NeoCyber,Laketown Sdn Bhd (EMKAY Group),Freehold,"Lingkaran Cyber Point Barat, Off Persiaran Ceria, Cyberjaya, Selangor",2009.0,,272,Service Residence,1,Medium,Non Bumi Lot,225000,Selangor,8,391.30434782608694
4.0,2.0,1313,"Barbeque area, Parking, Swimming Pool, Playground, Security, Minimart, Gymnasium, Sauna, Club house",Platinum Lake PV 13,Platinum Victory Group Sdn. Bhd.,Leasehold,"Jalan Danau Saujana 1, Danau Kota,, Setapak, Kuala Lumpur",,,,Condominium,3,High,Non Bumi Lot,490000,Kuala Lumpur,9,373.1911652703732
3.0,2.0,645,Parking,Taman Kota Permai,,Freehold,"Taman Kota Permai, Bukit Mertajam, Penang",,,,Flat,,Medium,Non Bumi Lot,105000,Penang,1,162.7906976744186
2.0,1.0,484,"Playground, Barbeque area, Minimart, Parking",Taman Asa Jaya,,Freehold,"Off Jalan Semenyih, Kajang, Selangor",,,,Apartment,,Low,Bumi Lot,95000,Selangor,4,196.28099173553719
3.0,2.0,969,"Parking, Security, Lift, Swimming Pool, Playground, Gymnasium, Sauna, Barbeque area, Minimart, Multipurpose hall, Club house, Jogging Track, Tennis Court, Squash Court",Putrajaya » Putrajaya,,Freehold,"Putrajaya » Putrajaya, Putrajaya, Putrajaya",,,,Condominium,2,High,Bumi Lot,460000,Putrajaya,14,474.7162022703818
3.0,2.0,900,"Parking, Security, Lift, Swimming Pool, Playground, Gymnasium, Sauna, Barbeque area, Minimart, Multipurpose hall",Residensi Armani @ Bukit Lanjan,,Freehold,"Jalan Bukit Lanjan, Damansara Perdana, Selangor",,,,Condominium,,Medium,Malay Reserved,498000,Selangor,10,553.3333333333334
3.0,2.0,1100,,The Pines Residence,,Leasehold,"Jalan Paya Mengkuang, Gelang Patah, Johor",,,,Apartment,,Medium,Non Bumi Lot,295000,Johor,,268.1818181818182
2.0,2.0,1268,"Squash Court, Sauna, Jogging Track, Gymnasium, Security, Playground, Tennis Court, Parking, Swimming Pool, Lift, Multipurpose hall",Waikiki Condominium,,Leasehold,"Jalan Tanjung Aru, Kota Kinabalu, Sabah",,,,Condominium,1,Low,Non Bumi Lot,598000,Sabah,11,471.608832807571
4.0,2.0,1365,"Playground, Tennis Court, Parking, Gymnasium, Swimming Pool, Jogging Track, Security, Lift",Fairway Mansions,,Leasehold,"Jalan Bundusan, Kota Kinabalu, Sabah",,,105,Condominium,1,Medium,Non Bumi Lot,480000,Sabah,8,351.64835164835165
3.0,2.0,2303,"Parking, Security, Swimming Pool, Playground, Gymnasium, Jogging Track, Club house",Taman D' Utama Baru,,Freehold,"Taman D' Utama Baru, Johor Bahru, Johor",,,,Townhouse Condo,1,Low,Non Bumi Lot,450000,Johor,7,195.39730785931394
2.0,2.0,1050,"Security, Minimart, Squash Court, Playground, Swimming Pool, Gymnasium, Parking, Lift",Suria Jelutong,Sunsuria Berhad,Freehold,"Jalan Bazar U8/99, Bukit Jelutong, Shah Alam, Selangor",2014.0,13,666,Service Residence,2,Low,Non Bumi Lot,530000,Selangor,8,504.76190476190476
2.0,2.0,829,,Brand New Condominium,,Freehold,"Precinct 11, Putrajaya, Putrajaya",,,,Condominium,2,Medium,Non Bumi Lot,399000,Putrajaya,,481.3027744270205
1.0,1.0,450,"Barbeque area, Swimming Pool, Gymnasium, Parking, Security, Sauna, Multipurpose hall, Playground, Lift, Minimart, Club house, Tennis Court, Jogging Track, Squash Court",CyberSquare SOHO,Binastra Land Sdn. Bhd.,Freehold,"Jalan Teknokrat 4, Cyber 5, Cyberjaya, Selangor",2017.0,38,1424,Service Residence,1,Medium,Non Bumi Lot,190000,Selangor,14,422.22222222222223
3.0,2.0,1144,"Swimming Pool, Multipurpose hall, Playground, Security, Minimart, Sauna, Parking",Impian Senibong Residences,TRC Synergy Berhad,Leasehold,"Jalan Persiaran Senibong, Masai, Johor",,,243,Service Residence,1,High,Non Bumi Lot,489000,Johor,7,427.4475524475524
2.0,1.0,646,,MJC SOHO,,Leasehold,"Jalan Batu Kawa, Kuching, Sarawak",,,,Apartment,1,,Non Bumi Lot,130000,Sarawak,,201.23839009287926
3.0,2.0,1118,"Multipurpose hall, Swimming Pool, Jogging Track, Security, Squash Court",Sutera Pines,Smart Niche Sdn Bhd (Joint Venture between Rivertree Group and Imaxland Sdn Bhd),Freehold,"Jalan Palma Utama, Twin Palms, Bandar Sungai Long, Kajang, Selangor",2017.0,20,424,Condominium,2,Low,Non Bumi Lot,408000,Selangor,5,364.93738819320214
3.0,2.0,1508,,Radiant Maisonette,,Leasehold,"Lorong Ranggung Batek, Off Jalan Tuaran, Likas, Penampang, Sabah",,,,Condominium,1,Low,Non Bumi Lot,528000,Sabah,,350.13262599469493
4.0,3.0,2250,"Tennis Court, Squash Court, Sauna, Parking, Playground, Swimming Pool, Jogging Track, Gymnasium, Security",Waikiki Condominium,,Leasehold,"Jalan Tanjung Aru, Kota Kinabalu, Sabah",,,,Condominium,1,Medium,Non Bumi Lot,980000,Sabah,9,435.55555555555554
2.0,2.0,850,"Barbeque area, Swimming Pool, Playground, Multipurpose hall",i-Suite @ i-City,i-Berhad,Freehold,"Off Jalan Plumbum 7/102, i-City, I-City, Selangor",2017.0,36,498,Service Residence,,Medium,Non Bumi Lot,600000,Selangor,4,705.8823529411765
2.0,1.0,750,Minimart,Hsiang Garden Flat,,Freehold,"Mile 1.5, Leila Road. Bandar Hsiang Garden.,<br><br>, Sabah, Sandakan",,,,Flat,,Low,Non Bumi Lot,62000,Sandakan,1,82.66666666666667
3.0,2.0,750,"Tennis Court, Swimming Pool, Barbeque area, Playground, Gymnasium, Parking, Security, Sauna, Lift, Minimart, Multipurpose hall",U Garden Resort Condominium,U Garden Resort Condominium,Freehold,"No. 50A, Persiaran Minden 1, Gelugor, Penang",1997.0,28,422,Condominium,1,Medium,Non Bumi Lot,340000,Penang,11,453.3333333333333
3.0,2.0,800,"Parking, Security, Lift, Swimming Pool, Playground, Gymnasium, Sauna, Barbeque area, Minimart, Multipurpose hall, Club house, Jogging Track, Tennis Court, Squash Court","4km to KLCC Studio & Duplex, High ROI, Next to LRT&Mall",,Leasehold,"Jalan Jelatek, Kuala Lumpur, KLCC",,,,Condominium,2,Medium,Non Bumi Lot,230000,KLCC,14,287.5
3.0,3.0,1050,"Parking, Security, Lift, Swimming Pool, Playground, Gymnasium, Sauna, Barbeque area, Minimart, Multipurpose hall, Club house, Jogging Track, Tennis Court, Squash Court",Pintasan Segambut,,Leasehold,"Jalan kepong, Bandar Baru Kepong, Kuala Lumpur, Kepong",,,,Condominium,2,Low,Non Bumi Lot,420000,Kepong,14,400.0
2.0,1.0,657,"Parking, Security, Lift, Swimming Pool, Playground, Gymnasium, Barbeque area, Minimart, Multipurpose hall",3 Elements,Titijaya Land Berhad,Leasehold,"Jalan Prima Tropika, Taman Prima Tropika, Seri Kembangan, Selangor",,,,Studio,1,High,Non Bumi Lot,335000,Selangor,9,509.89345509893457
3.0,2.0,1121,"Swimming Pool, Jogging Track, Playground, Gymnasium, Parking, Multipurpose hall",Suria Putra,Suria Land Development Sdn Bhd,Freehold,"Jalan BRP 2/1, Bukit Rahman Putra, Sungai Buloh, Selangor",2018.0,25,486,Service Residence,,,Non Bumi Lot,438000,Selangor,6,390.72256913470113
2.0,2.0,802,"Parking, Minimart",Taman Yeng seng,,Freehold,"Batu 2.5, jalan lama, Sabah, Sandakan",,,,Flat,3,High,Non Bumi Lot,110000,Sandakan,2,137.1571072319202
3.0,2.0,750,"Parking, Security, Lift, Playground, Minimart, Multipurpose hall",Flat PKNS Seksyen 7 Shah Alam,Perbadanan Kemajuan Negeri Selangor (PKNS),Leasehold,"Jalan Plumbum, Section 7, Shah Alam, Selangor",,5,,Flat,,Low,Non Bumi Lot,240000,Selangor,6,320.0
1.0,1.0,484,"Tennis Court, Jogging Track, Gymnasium, Multipurpose hall, Playground, Swimming Pool, Sauna, Security, Minimart",Palazio,Malaysia Land Properties Sdn. Bhd.,Freehold,"Jalan Mutiara Emas 9/23, Taman Mount Austin, Johor Bahru, Johor",2013.0,,1160,Service Residence,,Low,Non Bumi Lot,225000,Johor,9,464.87603305785126
3.0,2.0,1254,"Playground, Security, Gymnasium, Parking, Lift, Swimming Pool, Barbeque area, Multipurpose hall",Sierra East,Chong Company Sdn. Bhd.,Freehold,"Off Persiaran Paya Terubong 4, Bukit Jambul, Bukit Jambul, Penang",2017.0,21,256,Condominium,2,High,Non Bumi Lot,570000,Penang,8,454.54545454545456
3.0,2.0,550,,Seksyen 2 Wangsa Maju Flat,,Leasehold,"Seksyen 2, Wangsa Maju, Wangsa Maju, Kuala Lumpur",,,,Flat,,High,Non Bumi Lot,175000,Kuala Lumpur,,318.1818181818182
3.0,2.0,948,"Parking, Lift, Security, Minimart, Club house, Playground, Gymnasium, Multipurpose hall, Squash Court, Jogging Track",Sentul Village Mercury Service Apartment,UOA Group,Freehold,"Off Jalan Sentul Pasar, Sentul, Kuala Lumpur",2017.0,26,462,Service Residence,1,Medium,Non Bumi Lot,415000,Kuala Lumpur,10,437.76371308016877
3.0,2.0,1012,"Gymnasium, Barbeque area, Security, Minimart, Sauna, Playground, Swimming Pool, Parking, Lift, Multipurpose hall",Amara Service Residences,Jaya Megah Development Sdn Bhd,Freehold,"Jalan Raintree Utama, Batu Caves, Selangor",2014.0,23,744,Service Residence,,Medium,Non Bumi Lot,300000,Selangor,10,296.44268774703556
3.0,2.0,815,,Metrocity Condominium,,Leasehold,"Metrocity Commercial Presint, Q309, 93050 Kuching, Sarawak, Sarawak, Kuching",,,,Condominium,,,Non Bumi Lot,446400,Kuching,,547.7300613496933
3.0,2.0,771,,Sienna Residence,,Leasehold,"Jalan Matang, Petra Jaya, Kuching, Sarawak",,4,496,Apartment,2,,Non Bumi Lot,280000,Sarawak,,363.16472114137486
3.0,2.0,750,,De Cendana,,Freehold,"Persiaran Setia Makmur, Setia Alam, Selangor",,,,Apartment,1,,Bumi Lot,270000,Selangor,,360.0
3.0,2.0,1088,"Playground, Swimming Pool, Gymnasium, Sauna, Parking, Security, Lift, Multipurpose hall, Barbeque area",Parkland Residence @ Sungai Melaka,Parkland Group,Freehold,"Jalan Tun Perak, Bukit Baru, Melaka",2020.0,,809,Service Residence,,,Non Bumi Lot,498000,Melaka,9,457.72058823529414
3.0,2.0,1044,,Sri Akasia,,Leasehold,"Taman Tampoi Indah, Johor Bahru, Johor",2005.0,,698,Apartment,1,Medium,Bumi Lot,269000,Johor,,257.66283524904213
3.0,2.0,1000,"Playground, Jogging Track, Parking, Security, Barbeque area",Desa Anthurium,,Freehold,"Off Jalan Pahang, Tanah Rata, Cameron Highlands, Pahang",,,,Condominium,1,Low,Non Bumi Lot,320000,Pahang,5,320.0
3.0,2.0,1000,"Security, Swimming Pool, Gymnasium, Parking, Playground, Lift, Barbeque area, Minimart, Club house",Lido Four Seasons Residence,,Freehold,"35, Lorong Raffelesia 1, Kota Kinabalu, Sabah",2015.0,,,Condominium,1,Low,Non Bumi Lot,465000,Sabah,9,465.0
3.0,2.0,850,"Parking, Security, Lift, Swimming Pool, Playground, Gymnasium, Barbeque area, Minimart, Multipurpose hall, Club house, Jogging Track",Angkasa Apartment,Bina Puri Holdings Bhd,Leasehold,"Jalan Darau, Kampung Darau, Kota Kinabalu, Sabah",,,,Apartment,1,Low,Non Bumi Lot,270000,Sabah,11,317.6470588235294
3.0,2.0,850,"Barbeque area, Gymnasium, Jogging Track, Playground, Swimming Pool, Parking, Security",Villa Emas,Techware Enterprise Sdn Bhd,Leasehold,"Persiaran Bayan Indah,, Bayan Lepas, Penang",1998.0,16,488,Condominium,2,Low,Non Bumi Lot,440000,Penang,7,517.6470588235294
3.0,2.0,900,"Club house, Parking, Swimming Pool, Gymnasium, Tennis Court, Security, Playground, Lift, Multipurpose hall",Aspire Residence,Syarikat Perumahan Negara Berhad,Freehold,"Persiaran Aspirasi, Cyber 10, Cyberjaya, Selangor",2023.0,25,1168,Apartment,2,,Non Bumi Lot,280000,Selangor,9,311.1111111111111
3.0,2.0,800,"Security, Parking",Plaza Indah,TLS Group,Freehold,"Jalan Sepakat Indah 1, Off Jalan Sungai Shua, Taman Sepakat Indah, Kajang, Selangor",,,309,Apartment,1,Medium,Non Bumi Lot,245000,Selangor,2,306.25
3.0,2.0,828,,New Apartment At Precinct 11,,Freehold,"Precinct 11, Putrajaya, Putrajaya",,,,Apartment,1,Medium,Non Bumi Lot,371000,Putrajaya,,448.0676328502415
3.0,2.0,710,"Playground, Minimart",Taman Desa Rakyat Perdana,,Leasehold,"Jalan Persiaran Desa Rakyat, Pasir Gudang, Johor",,,,Flat,,High,Bumi Lot,100000,Johor,2,140.8450704225352
3.0,2.0,786,"Security, Playground, Sauna, Parking",Ilham Apartment,MK Land Holdings Berhad,Freehold,"Jalan Sastera U2/1, Seksyen U2, Taman TTDI Jaya, Shah Alam, Selangor",,18,,Apartment,1,,Non Bumi Lot,235000,Selangor,4,298.9821882951654
3.0,2.0,732,,Pangsapuri Mawar (Bandar Kinrara),,Leasehold,"Jalan TK 5/1, Taman Kinrara Seksyen 5, Bandar Kinrara, Selangor",,,,Apartment,1,Medium,Non Bumi Lot,220000,Selangor,,300.5464480874317
1.0,1.0,527,"Swimming Pool, Multipurpose hall, Club house, Parking, Sauna, Gymnasium, Jogging Track, Security, Playground, Lift, Barbeque area",D'Summit Residences,Wealthy Growth Sdn Bhd (IOI Properties),Freehold,"Jalan Kempas Utama 2/6, Taman Kempas Utama, Johor Bahru, Johor",2018.0,35,849,Service Residence,,Medium,Bumi Lot,211000,Johor,11,400.3795066413662
3.0,2.0,850,"Parking, Security, Lift, Swimming Pool, Playground, Gymnasium, Sauna, Barbeque area, Minimart, Multipurpose hall, Jogging Track",Aliff Heights,,Freehold,"Jalan Indah, Tampo, Johor Bahru, Johor",2025.0,,,Apartment,2,Low,Non Bumi Lot,320000,Johor,11,376.47058823529414
3.0,2.0,650,,Taman Bukit Kenangan,,Freehold,"Taman Bukit Kenangan, Kajang, Selangor",,,,Flat,,High,Non Bumi Lot,155000,Selangor,,238.46153846153845
2.0,2.0,650,"Security, Barbeque area, Jogging Track, Lift, Playground, Swimming Pool, Parking, Gymnasium, Multipurpose hall, Sauna, Minimart",Majestic Maxim,Maxim Holdings,Leasehold,"Jalan 9/142, Taman Connaught, Cheras, Kuala Lumpur",2021.0,44,2136,Service Residence,1,Low,Non Bumi Lot,340000,Kuala Lumpur,11,523.0769230769231
3.0,2.0,864,,Alam Sanjung @ Subang West,CB Land Sdn Bhd (Crest Builder Holdings Berhad),Freehold,"Off Persiaran Jubli Perak, Seksyen 22, Shah Alam, Selangor",2015.0,25,600,Condominium,2,,Non Bumi Lot,350000,Selangor,,405.0925925925926
3.0,2.0,1302,"Security, Playground, Swimming Pool, Gymnasium, Club house",Gardenville Townvilla,Dergahayu Sdn Bhd,Leasehold,"Jalan SH 2/1, Selayang Heights, Selayang, Selangor",2010.0,4,199,Apartment,1,Medium,Bumi Lot,330000,Selangor,5,253.45622119815667
1.0,1.0,640,"Multipurpose hall, Sauna, Security, Tennis Court, Barbeque area, Parking, Playground, Swimming Pool, Gymnasium, Squash Court, Jogging Track",Molek Regency,ALPHA ASTRAL REALTY SDN BHD,Freehold,"Jalan Molek 3/20, Taman Molek, Johor Bahru, Johor",2018.0,,1050,Condominium,1,High,Non Bumi Lot,380000,Johor,11,593.75
3.0,2.0,1043,"Swimming Pool, Gymnasium, Multipurpose hall, Security, Jogging Track, Barbeque area",Villa Pavilion,VILLAMAS GROUP OF COMPANIES,Freehold,"Jalan PBS 14/2, Taman Bukit Serdang, Seri Kembangan, Selangor",2009.0,,326,Condominium,1,Medium,Bumi Lot,369000,Selangor,6,353.78715244487057
2.0,2.0,802,"Parking, Security, Lift, Swimming Pool, Multipurpose hall, Jogging Track, Barbeque area, Gymnasium",Eco Bloom @ Eco Meadows,Eco World Development Group Berhad,Freehold,"Jalan Paboi, Simpang Ampat, Penang",2020.0,33,490,Condominium,,High,Non Bumi Lot,410000,Penang,8,511.2219451371571
3.0,1.0,678,"Parking, Playground, Minimart, Jogging Track",Flat Pandan Jaya,,Leasehold,"Persiaran Pandan 3, Pandan Jaya, Kuala Lumpur",,,,Apartment,,High,Non Bumi Lot,265000,Kuala Lumpur,4,390.85545722713863
3.0,2.0,1100,"Parking, Security, Jogging Track, Gymnasium, Multipurpose hall, Swimming Pool, Barbeque area",Ascenda Residences @ SkyArena Setapak,SkyWorld Development Sdn Bhd,Leasehold,"Jalan Air Jerneh, Off Jalan Genting Kelang, Setapak, Kuala Lumpur",2017.0,28,650,Condominium,,,Non Bumi Lot,510000,Kuala Lumpur,7,463.6363636363636
3.0,2.0,908,"Parking, Security, Jogging Track, Gymnasium, Multipurpose hall, Swimming Pool, Barbeque area",Ascenda Residences @ SkyArena Setapak,SkyWorld Development Sdn Bhd,Leasehold,"Jalan Air Jerneh, Off Jalan Genting Kelang, Setapak, Kuala Lumpur",2017.0,28,650,Condominium,,,Non Bumi Lot,420000,Kuala Lumpur,7,462.55506607929516
3.0,2.0,1105,"Parking, Security, Playground, Swimming Pool",Sri Mekar Apartment,,Freehold,"Jalan Tempua 3, Puchong, Selangor",,5,,Apartment,1,Low,Non Bumi Lot,408000,Selangor,4,369.2307692307692
1.0,1.0,687,,Stutong Tiarra,Jyrah Realty Sdn Bhd,Leasehold,"Kampung Stutong Baru, Kuching, Sarawak",,,,Apartment,1,Medium,Non Bumi Lot,398000,Sarawak,,579.3304221251819
3.0,2.0,907,"Parking, Security, Lift, Playground",Calisa Residences,Masteron Sdn Bhd,Leasehold,"Jalan Dagang Mas 3, Taman Mas, Puchong, Selangor",2015.0,,156,Service Residence,1,Medium,Non Bumi Lot,265000,Selangor,4,292.1719955898567
3.0,2.0,750,"Playground, Parking, Minimart, Multipurpose hall",Apartment Indah,,Leasehold,"Jalan PJU 10/1C, Damansara Damai, Selangor",,5,112,Apartment,,Low,Non Bumi Lot,280000,Selangor,4,373.3333333333333
3.0,1.0,700,"Parking, Security, Playground",Sri Aman Block C (Sri Aman Block 1 & 3),,Freehold,"Persiaran Paya Terubong 3, Bukit Jambul, Penang",2008.0,18,701,Apartment,1,High,Non Bumi Lot,285000,Penang,3,407.14285714285717
3.0,2.0,990,"Security, Minimart, Jogging Track, Barbeque area, Playground, Lift, Parking",Melana Apartment,,Freehold,"Jalan Pendidikan 1, Skudai, Johor",,4,,Apartment,,High,Non Bumi Lot,260000,Johor,7,262.62626262626264
2.0,2.0,883,"Playground, Gymnasium, Jogging Track, Sauna, Swimming Pool, Security, Lift, Barbeque area, Multipurpose hall, Parking",LBS Skylake Residence,LBS Bina Group Berhad,Leasehold,"alan Putra Perdana 5A, Taman Putra Perdana, Puchong, Selangor",2021.0,33,746,Condominium,2,Medium,Bumi Lot,475000,Selangor,10,537.9388448471121
3.0,2.0,960,"Security, Playground, Swimming Pool, Gymnasium, Parking, Barbeque area, Lift, Minimart",KiPark Selayang,KIP Group,Leasehold,"Persiaran 3, Bandar Baru Selayang, Selayang, Selangor",2008.0,12,196,Condominium,1,Medium,Bumi Lot,380000,Selangor,8,395.8333333333333
3.0,2.0,1010,"Parking, Gymnasium, Security, Lift, Swimming Pool, Playground, Multipurpose hall, Minimart",Boulevard Serviced Apartment,,Freehold,"Off Jalan Kuching, Jalan Ipoh, Kuala Lumpur",2014.0,,,Service Residence,1,Medium,Bumi Lot,485000,Kuala Lumpur,8,480.1980198019802
3.0,2.0,845,,Razak City Residences,Razak City Residences,Freehold,"Razak City, Lebuhraya Sungai Besi Besraya, Sungai Besi, Kuala Lumpur",,,,Service Residence,,,Non Bumi Lot,340000,Kuala Lumpur,,402.36686390532543
3.0,2.0,904,"Parking, Security, Lift",Vista Perdana (Butterworth),,Leasehold,"Off Jalan Bagan Jermal, Kampung Gajah, Butterworth, Butterworth, Penang",,,,Apartment,1,,Non Bumi Lot,290000,Penang,3,320.79646017699116
3.0,1.0,650,,Pangsapuri Teratai (Shah Alam),,Freehold,"Jalan Metafasa U16/3A, Seksyen U16, Shah Alam, Selangor",,,,Condominium,,High,Bumi Lot,130000,Selangor,,200.0
3.0,2.0,650,"Minimart, Playground",Apartment Harmoni,,Leasehold,"Jalan Pju 10/4C, Damansara Damai, Selangor",,,,Apartment,,Low,Bumi Lot,170000,Selangor,2,261.53846153846155
3.0,2.0,800,"Parking, Security, Swimming Pool, Playground, Lift, Jogging Track",Apartment Seroja (Puchong),,Leasehold,"Jalan Putra Perdana 10, Puchong, Selangor",,,,Apartment,1,Low,Bumi Lot,240000,Selangor,6,300.0
3.0,2.0,944,"Parking, Security, Playground, Jogging Track",Lily & Rose,,Freehold,"Jalan Ss 26/12 Off Taman Mayang Jaya, Petaling Jaya, Selangor",,,,Apartment,1,Medium,Non Bumi Lot,390000,Selangor,4,413.135593220339
3.0,2.0,1004,"Security, Swimming Pool, Parking, Gymnasium, Minimart, Playground, Barbeque area, Lift, Jogging Track",Desa Impiana,Mitrajaya,Freehold,"Taman Puchong Prima, Puchong, Selangor",2007.0,14,702,Apartment,1,High,Non Bumi Lot,345000,Selangor,9,343.62549800796813
2.0,2.0,604,"Parking, Security, Lift, Swimming Pool, Playground, Gymnasium, Sauna, Barbeque area, Minimart, Multipurpose hall",Traders Garden @ Cheras Selatan,SCP Group,Leasehold,"Jalan Dataran Cheras 6, Cheras, Selangor",2022.0,31,382,Service Residence,2,High,Non Bumi Lot,380000,Selangor,10,629.1390728476821
4.0,2.0,1238,"Playground, Security, Gymnasium, Squash Court, Sauna, Parking, Barbeque area, Club house, Swimming Pool",Aman Heights,Premier Consortium,Freehold,"Jalan Bersatu, Section 5, Taman Bukit Serdang, Seri Kembangan, Selangor",2008.0,27,798,Condominium,2,Low,Non Bumi Lot,440000,Selangor,9,355.4119547657512
3.0,1.0,734,Parking,Taman Desa Cheras,,Freehold,"Taman Desa Cheras, Cheras, Kuala Lumpur",,,,Apartment,,Low,Non Bumi Lot,120000,Kuala Lumpur,1,163.48773841961852
1.0,1.0,753,"Parking, Security, Lift, Swimming Pool, Playground, Gymnasium, Sauna, Barbeque area, Minimart, Multipurpose hall, Club house, Jogging Track, Tennis Court, Squash Court",Sawtelle Suites Cyberjaya,COUNTRY HEIGHTS HOLDINGS BERHAD,Freehold,"Off Persiaran Tasik, Cyber Heights Villa, Cyberjaya, Selangor",2017.0,16,128,Condominium,2,High,Non Bumi Lot,350000,Selangor,14,464.80743691899073
3.0,2.0,856,"Security, Barbeque area, Minimart, Playground, Parking, Swimming Pool",Sri Hijau,,Freehold,"Jalan Permaisuri 1/6, Taman Bukit Permai, Bandar Mahkota Cheras, Bandar Mahkota Cheras, Selangor",,9,,Condominium,1,,Non Bumi Lot,210000,Selangor,6,245.3271028037383
3.0,2.0,950,"Swimming Pool, Playground, Parking, Security",Connaught Avenue,Akisama Group,Leasehold,"Jalan Cheras, Taman Connaught, Cheras, Kuala Lumpur",2012.0,18,385,Apartment,1,High,Non Bumi Lot,320000,Kuala Lumpur,4,336.8421052631579
3.0,2.0,1500,"Parking, Security, Lift, Swimming Pool, Playground, Gymnasium, Multipurpose hall",Suria Residence,,Freehold,"Jalan Bazar U8/100, Seksyen U8, Bukit Jelutong, Selangor",,,144,Service Residence,4,High,Non Bumi Lot,530000,Selangor,7,353.3333333333333
3.0,2.0,868,"Playground, Parking, Security, Minimart, Multipurpose hall, Lift",Sri Ria Apartments,TLS Group,Freehold,"Jalan Pasir Emas 4, Kajang, Selangor",2007.0,15,,Apartment,1,Medium,Bumi Lot,269000,Selangor,6,309.9078341013825
4.0,5.0,2907,"Playground, Club house, Security, Swimming Pool, Multipurpose hall, Gymnasium, Jogging Track",The Tropics Condominium (Kuching),Regal Group,Leasehold,"Tabuan Heights, Kuching, Sarawak",,4,128,Condominium,2,High,Non Bumi Lot,1200000,Sarawak,7,412.79669762641896
4.0,2.0,1000,"Parking, Gymnasium, Security, Lift, Swimming Pool, Playground, Barbeque area, Multipurpose hall, Jogging Track",BK JH,,Freehold,"Jade hill, Selangor, Kajang",,,,Condominium,2,Medium,Non Bumi Lot,440000,Kajang,9,440.0
3.0,2.0,1100,"Playground, Gymnasium, Barbeque area, Swimming Pool, Jogging Track, Sauna, Multipurpose hall",Semarak & Penaga Condominium,Impiana Land & Development Sdn Bhd,Leasehold,"Jalan Raintree Utama, Taman Raintree, Batu Caves, Selangor",,,684,Condominium,,,Non Bumi Lot,349000,Selangor,7,317.27272727272725
4.0,2.0,1206,"Jogging Track, Barbeque area, Playground, Sauna, Swimming Pool, Gymnasium, Multipurpose hall",Semarak & Penaga Condominium,Impiana Land & Development Sdn Bhd,Leasehold,"Jalan Raintree Utama, Taman Raintree, Batu Caves, Selangor",,,684,Condominium,,,Non Bumi Lot,373000,Selangor,7,309.2868988391376
3.0,2.0,1100,"Parking, Security, Lift, Swimming Pool, Playground, Gymnasium, Sauna, Barbeque area, Minimart, Multipurpose hall, Club house, Jogging Track, Tennis Court, Squash Court",Bam Villa,,Leasehold,"Jalan Pria, Taman Maluri, Cheras, Kuala Lumpur",1996.0,19,,Condominium,,High,Non Bumi Lot,340000,Kuala Lumpur,14,309.09090909090907
2.0,2.0,740,"Lift, Swimming Pool, Playground, Jogging Track, Gymnasium, Parking, Security, Club house, Barbeque area",one sentral,,Freehold,"Pangsapuri Satu Sentral, Jalan Sentral 1, Taman Nusa Sentral, 79100 Iskandar Puteri, Johor, Malaysia, Johor, Johor Bahru",,,,Service Residence,1,Medium,Non Bumi Lot,360000,Johor Bahru,9,486.4864864864865
1.0,1.0,646,"Parking, Security",Manhattan @ Austin Heights,Detik Hartamas (Austin Height Group),Freehold,"Jalan Austin Heights 8/4, Johor Bahru, Johor",,20,306,Service Residence,,Medium,Non Bumi Lot,335000,Johor,2,518.5758513931888
3.0,2.0,800,"Jogging Track, Lift, Playground, Parking, Swimming Pool, Multipurpose hall",Karisma @ Eco Majestic,Eco World Development Group Berhad,Freehold,"Pangsapuri Karisma, Jalan Eco Majestic 3A/5, Semenyih, Selangor",2014.0,4,75,Apartment,2,,Non Bumi Lot,250000,Selangor,6,312.5
2.0,2.0,721,"Swimming Pool, Jogging Track, Security, Multipurpose hall, Club house, Gymnasium, Parking",The Embassy Suites (Duta Impian),,Freehold,"Jalan Dato Abdullah Tahir, Taman Century, Skudai, Johor",,24,,Service Residence,1,Medium,Non Bumi Lot,330000,Johor,7,457.69764216366156
2.0,2.0,810,"Lift, Multipurpose hall, Playground, Sauna, Parking, Swimming Pool, Security, Gymnasium, Minimart, Club house",Parc Regency Serviced Apartment,Malaysia Land Properties Sdn. Bhd.,Freehold,"Off Jalan Masai Baru, Plentong, Johor Bahru, Johor",2019.0,25,2003,Service Residence,1,Medium,Non Bumi Lot,290000,Johor,10,358.0246913580247
3.0,2.0,692,"Playground, Minimart, Parking",Taman Cempaka (Johor Bahru),,Freehold,"Off Jalan Persiaran Tanjung, Johor Bahru, Johor",,,,Flat,1,Medium,Non Bumi Lot,138000,Johor,3,199.42196531791907
3.0,2.0,990,"Minimart, Swimming Pool, Parking, Security, Playground, Gymnasium, Lift, Barbeque area, Multipurpose hall",Zentro Residences,IOI Properties Group,Leasehold,"Jalan Sierra 10/1, Bandar 16 Sierra, Puchong, Selangor",2020.0,23,241,Service Residence,2,Low,Non Bumi Lot,460000,Selangor,9,464.64646464646466
3.0,2.0,689,"Security, Minimart, Playground, Swimming Pool, Jogging Track, Club house, Parking, Gymnasium, Barbeque area",Sri Dahlia Apartment,TLS Group,Freehold,"Jalan Laman Puteri 3, Bandar Puteri, Puchong, Selangor",2004.0,18,332,Apartment,,Low,Non Bumi Lot,168000,Selangor,9,243.83164005805514
3.0,2.0,880,,Sentosa Dato Dagang 23 Shop Apartment,,Freehold,"Dato Dagang Sentosa Klang, Selangor, Klang",,,,Apartment,,Low,Non Bumi Lot,130000,Klang,,147.72727272727272
3.0,1.0,650,"Security, Parking, Barbeque area",Pangsapuri Sri Ayu,,Leasehold,"Jalan 4/2A, Klang, Selangor",,5,,Apartment,,High,Bumi Lot,150000,Selangor,3,230.76923076923077
3.0,2.0,1055,"Playground, Swimming Pool, Barbeque area, Sauna, Multipurpose hall, Security, Gymnasium",Central Residence @ Sg Besi,Yuk Tung Group,Freehold,"Jalan Sungai Besi, Sungai Besi, Kuala Lumpur",2015.0,27,526,Apartment,,,Non Bumi Lot,423000,Kuala Lumpur,7,400.9478672985782
3.0,2.0,1168,"Swimming Pool, Minimart, Sauna, Playground, Barbeque area, Jogging Track, Lift, Multipurpose hall, Club house, Security, Gymnasium, Tennis Court, Squash Court, Parking",The Sky Executive Suites @ Bukit Indah,Setia Promenade Sdn Bhd (SP Setia),Freehold,"Jalan Indah 15, Bukit Indah, Johor Bahru, Johor",2013.0,25,364,Service Residence,1,,Non Bumi Lot,470000,Johor,14,402.3972602739726
3.0,2.0,775,"Gymnasium, Security, Minimart, Parking, Playground, Swimming Pool",Seasons Garden Residences @ Wangsa Maju,SCP Group,Leasehold,"Jalan 26/26, Taman Setapak Jaya, Wangsa Maju, Kuala Lumpur",2017.0,34,1502,Apartment,,,Non Bumi Lot,324400,Kuala Lumpur,6,418.5806451612903
2.0,1.0,650,,Taman Alor Vista,,Leasehold,"Lebuh Relau Off Jalan Paya Terubong, Relau, Penang",,,,Apartment,,,Non Bumi Lot,165000,Penang,,253.84615384615384
5.0,3.0,2000,"Parking, Playground, Swimming Pool, Barbeque area, Tennis Court, Security, Lift",Desa Permai Indah Apartment,,Leasehold,"Lorong Helang 1, Sungai Dua, Penang",1997.0,14,528,Others,2,Medium,Non Bumi Lot,900000,Penang,7,450.0
3.0,2.0,818,"Swimming Pool, Security, Jogging Track, Lift, Barbeque area, Parking, Playground, Gymnasium",Majestic Maxim,Maxim Holdings,Leasehold,"Jalan 9/142, Taman Connaught, Cheras, Kuala Lumpur",2021.0,44,2136,Service Residence,,,Non Bumi Lot,340200,Kuala Lumpur,8,415.8924205378973
3.0,2.0,1055,"Swimming Pool, Tennis Court, Squash Court, Parking, Security, Minimart, Barbeque area, Sauna, Playground, Gymnasium",Pearl Garden,,Freehold,"Jalan Dato Ismail Hashim, Sungai Ara, Penang",1998.0,15,336,Condominium,1,High,Non Bumi Lot,420000,Penang,10,398.1042654028436
3.0,2.0,800,"Jogging Track, Swimming Pool, Sauna, Security, Gymnasium, Barbeque area, Parking, Lift, Playground, Multipurpose hall",Pulse,Arte Corp,Leasehold,"Jalan Kaki Bukit, Off Jalan Yeap Chor Ee,, Gelugor, Penang",2012.0,30,249,Apartment,1,,Non Bumi Lot,420000,Penang,10,525.0
3.0,2.0,1077,,Pangsapuri Seri Pelangi,,Freehold,"Jalan Usahaniaga 1, Bukit Mertajam, Penang",,,,Apartment,1,Low,Non Bumi Lot,320000,Penang,,297.12163416898795
3.0,2.0,798,"Parking, Minimart, Playground, Security, Swimming Pool",Pangsapuri Seri Iskandar,,Leasehold,"Jalan Teknologi 1, Seri Iskandar, Perak",,,,Apartment,,Low,Bumi Lot,218000,Perak,5,273.1829573934837
3.0,2.0,1173,"Security, Playground, Minimart, Parking, Swimming Pool, Lift",Sri Mahligai,,Leasehold,"Jalan Tengku Ampuan Rahimah 9/20, Section 9, 40100, Shah Alam, Selangor",,15,,Condominium,1,Low,Bumi Lot,355000,Selangor,6,302.64279624893436
3.0,2.0,1005,"Minimart, Parking, Security, Lift, Playground",Pangsapuri Mawar (Sentul),,Leasehold,"Jalan 7/48A, Bandar Baru Sentul, Sentul, Kuala Lumpur",,23,,Condominium,1,Low,Bumi Lot,360000,Kuala Lumpur,5,358.2089552238806
2.0,2.0,1164,"Swimming Pool, Security, Lift, Parking, Playground, Gymnasium, Barbeque area, Minimart, Club house",Allamanda (Ipoh),Kuala Lumpur Kepong Berhad,Freehold,"Lingkaran Meru Valley, Ipoh, Perak",,,,Condominium,1,Medium,Bumi Lot,310000,Perak,9,266.3230240549828
3.0,2.0,750,"Parking, Security, Swimming Pool, Playground, Multipurpose hall",Apartment Bayu,,Leasehold,"Jalan PJU 10/4, Damansara Damai, Petaling Jaya, Selangor",,5,40,Apartment,,Medium,Non Bumi Lot,280000,Selangor,5,373.3333333333333
3.0,2.0,1023,"Parking, Security, Lift, Swimming Pool, Playground, Gymnasium, Sauna, Barbeque area, Minimart, Multipurpose hall, Jogging Track, Club house",Residensi Zamrud,Cheras Hong Soon Development Sdn. Bhd.,Freehold,"Jalan Zamrud Utama, Kajang 2, Kajang, Selangor",2019.0,,1200,Condominium,2,Medium,Non Bumi Lot,310000,Selangor,12,303.030303030303
3.0,2.0,1421,"Playground, Swimming Pool, Tennis Court, Barbeque area, Parking, Security, Gymnasium, Lift, Jogging Track",Alila Horizon,Hunza Properties Berhad,Freehold,"Lorong Kejora, Tanjung Bungah, Penang",2008.0,,256,Condominium,2,Medium,Non Bumi Lot,900000,Penang,9,633.356790992259
4.0,3.0,1485,"Sauna, Security, Playground, Swimming Pool, Squash Court, Parking, Tennis Court, Gymnasium, Barbeque area, Minimart",Altitude 236,IJM LAND BERHAD,Leasehold,"Persiaran Alam Damai, Alam Damai, Cheras, Kuala Lumpur",2014.0,36,236,Condominium,2,,Non Bumi Lot,770000,Kuala Lumpur,10,518.5185185185185
4.0,3.0,1419,,North Point @ One Ampang Avenue,Perdana ParkCity Sdn Bhd,Leasehold,"Jalan Ampang Utama 2/2, Ampang, Selangor",2014.0,16,96,Condominium,2,,Non Bumi Lot,390000,Selangor,,274.8414376321353
3.0,2.0,856,"Minimart, Barbeque area, Security, Playground, Swimming Pool, Parking",Sri Hijau,,Freehold,"Jalan Permaisuri 1/6, Taman Bukit Permai, Bandar Mahkota Cheras, Bandar Mahkota Cheras, Selangor",,9,,Condominium,1,,Non Bumi Lot,220000,Selangor,6,257.0093457943925
1.0,1.0,416,"Sauna, Swimming Pool, Gymnasium, Security",Seri Cempaka,,Leasehold,"Jalan Pudu Hulu, Taman Pertama, Cheras, Kuala Lumpur",,22,176,Service Residence,,Medium,Non Bumi Lot,228000,Kuala Lumpur,4,548.0769230769231
3.0,2.0,700,"Parking, Gymnasium, Playground, Barbeque area, Multipurpose hall, Security, Jogging Track",Harmony View,Belleview Group,Freehold,"Lintang Slim, Off Perak Road, Jelutong, Penang",2009.0,23,,Apartment,1,,Non Bumi Lot,380000,Penang,7,542.8571428571429
3.0,2.0,710,,Pangsapuri Taman Tasik Utama,,Leasehold,"Malacca International Trade Centre (MITC), Ayer Keroh, Melaka",,,,Apartment,,,Non Bumi Lot,115000,Melaka,,161.9718309859155
3.0,2.0,1350,"Parking, Lift, Security, Swimming Pool, Playground, Gymnasium, Multipurpose hall, Club house, Jogging Track, Tennis Court, Squash Court, Barbeque area, Minimart",Andalucia,YTL Land,Leasehold,"Jalan Pantai Permai, Pantai Hill Park, Pantai, Kuala Lumpur",2010.0,4,227,Condominium,2,Low,Bumi Lot,750000,Kuala Lumpur,13,555.5555555555555
3.0,2.0,883,"Playground, Swimming Pool, Jogging Track, Gymnasium, Security, Barbeque area, Sauna, Lift, Multipurpose hall",LBS Skylake Residence,LBS Bina Group Berhad,Leasehold,"alan Putra Perdana 5A, Taman Putra Perdana, Puchong, Selangor",2021.0,33,746,Service Residence,,,Non Bumi Lot,218700,Selangor,9,247.67836919592298
2.0,1.0,550,"Minimart, Parking",Taman Terubong Jaya,,Leasehold,"Paya Terubong, Georgetown, Penang",,,,Flat,,Medium,Non Bumi Lot,138000,Penang,2,250.9090909090909
3.0,2.0,800,"Parking, Security, Lift, Swimming Pool, Playground, Gymnasium, Sauna, Barbeque area, Minimart, Multipurpose hall, Club house, Jogging Track, Tennis Court, Squash Court",The Rise Collection 2,Zubicon Sdn. Bhd.,Leasehold,"The Rise Collection 2, Georgetown, Penang",2016.0,,1900,Apartment,1,,Non Bumi Lot,360000,Penang,14,450.0
1.0,1.0,547,"Parking, Security, Gymnasium, Lift, Swimming Pool, Playground, Multipurpose hall, Minimart, Barbeque area, Sauna, Jogging Track",Cheras Perdana,,Freehold,"Cheras Perdana, Cheras, Selangor",,,,Condominium,1,Medium,Non Bumi Lot,345000,Selangor,11,630.7129798903107
3.0,2.0,1184,"Security, Swimming Pool, Gymnasium, Jogging Track, Parking, Playground, Lift, Multipurpose hall, Tennis Court, Barbeque area",Flora Rosa,Putrajaya Holdings Sdn Bhd,Freehold,"Residence Flora Rosa Presint 11 Putrajaya, Putrajaya, Putrajaya",2020.0,17,676,Condominium,2,Medium,Non Bumi Lot,433094,Putrajaya,10,365.78885135135135
2.0,2.0,800,"Parking, Security, Lift, Playground, Swimming Pool, Sauna, Gymnasium, Minimart, Barbeque area, Multipurpose hall",Razak City Residences,Razak City Residences,Freehold,"Razak City, Lebuhraya Sungai Besi Besraya, Sungai Besi, Kuala Lumpur",,,,Service Residence,1,Medium,Non Bumi Lot,395000,Kuala Lumpur,10,493.75
3.0,2.0,750,"Sauna, Minimart, Swimming Pool, Jogging Track, Security, Playground, Barbeque area",Taman Desa Relau 2,,Freehold,"1, Lebuh Relau 2, Taman Desa Relau, Relau, Penang",1999.0,21,838,Condominium,1,High,Non Bumi Lot,270000,Penang,7,360.0
3.0,2.0,1100,"Security, Barbeque area, Playground, Parking, Jogging Track, Swimming Pool, Lift",BBK Condominium,,Leasehold,"Persiaran Bukit Raja 1, Bandar Baru Klang, Klang, Selangor",,17,,Condominium,1,Medium,Non Bumi Lot,278000,Selangor,7,252.72727272727272
3.0,2.0,800,,Pusat Komersial Seksyen 7 Shop Apartment,,Leasehold,"Off Persiaran Permai, Seksyen 7, Shah Alam, Selangor",,,,Apartment,,Medium,Bumi Lot,260000,Selangor,,325.0
4.0,2.0,1148,"Swimming Pool, Tennis Court, Sauna, Security, Gymnasium, Squash Court, Barbeque area, Parking, Playground, Minimart, Jogging Track",Kelana D'Putera,,Leasehold,"Jalan SS 7/26, Kelana Jaya, Petaling Jaya, Selangor",,5,625,Condominium,1,Low,Non Bumi Lot,420000,Selangor,11,365.8536585365854
3.0,2.0,1200,"Gymnasium, Barbeque area, Security, Minimart, Playground, Sauna, Swimming Pool, Parking, Lift, Multipurpose hall",Amara Service Residences,Jaya Megah Development Sdn Bhd,Freehold,"Jalan Raintree Utama, Batu Caves, Selangor",2014.0,23,744,Service Residence,2,Low,Non Bumi Lot,330000,Selangor,10,275.0
3.0,2.0,918,"Minimart, Swimming Pool, Security, Playground, Gymnasium, Barbeque area, Sauna, Club house, Parking, Lift",Danau Impian,Faber Development Holdings,Leasehold,"Taman Danau Desa, Taman Desa, Kuala Lumpur",1997.0,15,450,Condominium,1,Medium,Non Bumi Lot,380000,Kuala Lumpur,10,413.9433551198257
5.0,7.0,4370,"Sauna, Club house, Parking, Minimart, Barbeque area, Swimming Pool, Gymnasium, Squash Court, Tennis Court, Jogging Track, Lift, Multipurpose hall, Security, Playground",280 Park Homes @ Puchong Prima,Mitrajaya Holdings Berhad,Leasehold,"Taman Puchong Prima, Puchong, Selangor",2015.0,6,280,Condominium,,High,Non Bumi Lot,1480000,Selangor,14,338.67276887871856
5.0,4.0,2240,"Security, Parking, Playground, Gymnasium, Sauna, Barbeque area, Multipurpose hall, Club house, Jogging Track, Tennis Court",Setia Tropika,SP Setia Berhad,Leasehold,"Jalan Setia Tropika Utama, Skudai, Johor",,,,Others,,,Bumi Lot,900000,Johor,10,401.7857142857143
1.0,1.0,658,"Security, Gymnasium, Multipurpose hall, Swimming Pool, Playground",Mansion One,Magna Putih,Freehold,"Jalan Sultan Ahmad Shah, Pulau Tikus, Georgetown, Penang",2014.0,31,336,Condominium,1,,Non Bumi Lot,510000,Penang,5,775.0759878419453
3.0,2.0,980,"Playground, Gymnasium, Barbeque area, Parking, Sauna, Multipurpose hall, Minimart, Swimming Pool, Club house, Security",Zenith Residences,South Malaysia Industries (SMI),Leasehold,"SS7/26 Kelana Jaya, Petaling Jaya, Selangor",2013.0,21,358,Condominium,1,High,Non Bumi Lot,460000,Selangor,10,469.38775510204084
3.0,2.0,900,"Swimming Pool, Lift, Multipurpose hall, Parking, Security, Playground, Minimart, Jogging Track",Residensi Kerinchi,Suez Capital Sdn Bhd,Leasehold,"Lorong Kerinchi Kiri 2,, Bangsar South, Kuala Lumpur",2016.0,,472,Condominium,1,High,Bumi Lot,490000,Kuala Lumpur,8,544.4444444444445
3.0,1.0,650,"Jogging Track, Playground",Taman Seri Orkid,,Leasehold,"Jalan Seri Orkid 34, Skudai, Johor",,,,Flat,,Low,Non Bumi Lot,196000,Johor,2,301.53846153846155
1.0,1.0,717,"Tennis Court, Security, Playground, Squash Court, Sauna, Parking, Swimming Pool, Gymnasium, Barbeque area",Prisma Cheras,,Freehold,"Jalan Midah 8A, Taman Midah, Cheras, Cheras, Kuala Lumpur",,11,,Condominium,1,,Non Bumi Lot,280000,Kuala Lumpur,9,390.5160390516039
2.0,1.0,527,Parking,Kemboja Apartment,,Leasehold,"Jalan Indah 4/5, Ampang Indah, 68000 Ampang, Selan, Ampang, Selangor",,5,,Apartment,,,Non Bumi Lot,150000,Selangor,1,284.6299810246679
3.0,2.0,755,,Ketumbar Heights,Mahajaya Berhad,Freehold,"Jalan 6/95B, Taman Cheras, Cheras, Kuala Lumpur",2010.0,14,336,Condominium,1,,Non Bumi Lot,255000,Kuala Lumpur,,337.74834437086093
3.0,2.0,907,"Playground, Minimart, Swimming Pool, Security, Tennis Court, Parking, Gymnasium",Juta Mines,Galian Juta Property,Leasehold,"Persiaran Seri Timah, Taman Seri Timah, Seri Kembangan, Selangor",2005.0,20,606,Condominium,1,Medium,Non Bumi Lot,240000,Selangor,7,264.6085997794928
3.0,2.0,1238,"Swimming Pool, Security, Jogging Track, Sauna, Minimart, Gymnasium, Barbeque area, Parking, Playground, Tennis Court",Danga View Apartment,Ekovest Berhad,Freehold,"Jalan Persiaran Danga,Kampung Skudai Kiri, Skudai, Johor",,14,319,Apartment,1,Medium,Non Bumi Lot,368000,Johor,10,297.25363489499193
1.0,1.0,636,"Jogging Track, Minimart, Squash Court, Sauna, Club house, Tennis Court, Gymnasium, Barbeque area, Multipurpose hall",Shaftsbury Residence,Shaftsbury Capital Sdn Bhd,Freehold,"Jalan Impact, Cyber 6, Cyberjaya, Selangor",,,,Condominium,1,Low,Non Bumi Lot,345000,Selangor,9,542.4528301886793
3.0,3.0,1453,,Metropol,Ramana Property Sdn Bhd,Freehold,"Jalan Perda Utara 1, Bukit Mertajam, Penang",,,,Condominium,4,Medium,Non Bumi Lot,500000,Penang,,344.1156228492774
3.0,2.0,1152,"Playground, Parking, Minimart, Swimming Pool, Security, Jogging Track",Zamrud Apartment,TPPT Sdn. Bhd.,Leasehold,"Jalan Klang Lama, Kuala Lumpur, Wilayah Persekutuan, Old Klang Road, Kuala Lumpur",2005.0,19,292,Apartment,1,Medium,Non Bumi Lot,365000,Kuala Lumpur,6,316.84027777777777
3.0,2.0,900,"Parking, Security, Playground, Swimming Pool, Gymnasium",Saraka Apartment,,Freehold,"Jalan Wawasan 4/12, Puchong, Selangor",,12,,Condominium,1,Low,Non Bumi Lot,310000,Selangor,5,344.44444444444446
4.0,2.0,1207,"Security, Playground, Multipurpose hall, Club house, Minimart, Swimming Pool, Lift, Parking, Gymnasium, Jogging Track",Astana Lumayan,Danau Lumayan Sdn Bhd,Leasehold,"Jalan Tasik Permaisuri 3, Bandar Sri Permaisuri, Cheras, Kuala Lumpur",2013.0,18,250,Service Residence,1,Medium,Non Bumi Lot,449000,Kuala Lumpur,10,371.996685998343
2.0,2.0,650,"Security, Lift, Parking, Swimming Pool, Playground, Gymnasium, Minimart, Jogging Track, Multipurpose hall, Barbeque area, Tennis Court",Kenwingston Platz,Kenwingston Group,Freehold,"Jalan Gombak, Setapak, Kuala Lumpur",,,,Service Residence,1,,Non Bumi Lot,420000,Kuala Lumpur,11,646.1538461538462
3.0,2.0,678,"Security, Parking, Playground",Pangsapuri Tun Teja 1 @ Alam Impian,,Freehold,"Jalan Tok Janggut 35/77A, Alam Impian, Shah Alam, Shah Alam, Selangor",,,,Apartment,,Low,Bumi Lot,185000,Selangor,3,272.8613569321534
3.0,1.0,645,,Taman Suria Jaya (Kuching),,Leasehold,"Jalan Matang, Kuching, Sarawak",,,,Flat,,,Non Bumi Lot,125000,Sarawak,,193.7984496124031
3.0,1.0,667,,Synergy Square,,Leasehold,"Jalan Matang, Kuching, Sarawak",,,,Apartment,1,,Non Bumi Lot,168000,Sarawak,,251.87406296851574
3.0,1.0,861,,Synergy Square,,Leasehold,"Jalan Matang, Kuching, Sarawak",,,,Apartment,1,,Non Bumi Lot,188000,Sarawak,,218.35075493612078
1.0,1.0,689,"Security, Swimming Pool, Multipurpose hall, Parking, Lift",Suria Apartment (Bukit Merah Laketown),Segi Objektif (M) Sdn. Bhd.,Leasehold,"Off Bukit Merah Laketown, Simpang Empat, Semanggol, Semanggol, Perak",,,,Service Residence,,Medium,Non Bumi Lot,38000,Perak,5,55.152394775036285
3.0,2.0,801,"Parking, Security, Lift, Swimming Pool, Playground, Barbeque area, Minimart, Multipurpose hall, Club house",Taman Mas Sepang,,Leasehold,"Taman Mas Sepang, Puchong, Selangor",,,,Apartment,1,Medium,Bumi Lot,249000,Selangor,9,310.8614232209738
3.0,2.0,853,"Jogging Track, Security, Playground, Parking",Casa Dahlia,Oriental Interest Bhd,Freehold,"Jalan Dahlia Perwira, Sepang, Selangor",2016.0,,,Apartment,1,Low,Non Bumi Lot,285000,Selangor,4,334.11488862837047
1.0,1.0,450,"Parking, Swimming Pool, Security, Playground, Lift, Gymnasium, Multipurpose hall, Sauna, Barbeque area, Jogging Track",Evo SOHO Suites @ Bandar Baru Bangi,Perbadanan Kemajuan Negeri Selangor (PKNS),Leasehold,"Persiaran Bangi, Bandar Baru Bangi, Bangi, Selangor",2016.0,32,704,Service Residence,1,High,Non Bumi Lot,317000,Selangor,10,704.4444444444445
3.0,2.0,953,"Minimart, Swimming Pool, Sauna, Parking, Security",Vistana Mahkota,,Freehold,"Jalan Pahlawan 42/3, Bandar Mahkota Cheras, Selangor",,,,Apartment,1,Medium,Bumi Lot,240000,Selangor,5,251.83630640083945
4.0,2.0,1207,"Multipurpose hall, Club house, Playground, Minimart, Security, Swimming Pool, Lift, Gymnasium, Sauna, Parking, Jogging Track",Astana Lumayan,Danau Lumayan Sdn Bhd,Leasehold,"Jalan Tasik Permaisuri 3, Bandar Sri Permaisuri, Cheras, Kuala Lumpur",2013.0,18,250,Service Residence,1,,Non Bumi Lot,470000,Kuala Lumpur,11,389.39519469759733
4.0,2.0,1366,"Barbeque area, Multipurpose hall, Parking, Security, Swimming Pool, Playground, Gymnasium",Elevia Residences,Prima Nova Harta Development,Leasehold,"Jalan Taman Tasik Prima, Taman Tasik Prima, Puchong, Selangor",2017.0,27,162,Condominium,,,Bumi Lot,470000,Selangor,7,344.07027818448023
2.0,2.0,915,"Parking, Security",Lafite Apartment (Subang Jaya),Sime Darby Property Berhad,Freehold,"Jalan SS 17/1, SS17, Subang Jaya, Selangor",1991.0,4,,Condominium,1,High,Non Bumi Lot,400000,Selangor,2,437.1584699453552
3.0,2.0,850,"Parking, Security, Lift, Swimming Pool, Playground, Minimart, Jogging Track, Multipurpose hall, Club house, Barbeque area",Mentari Court,Mentari Group,Leasehold,"Jalan PJS8/9, Petaling Jaya, Selangor",2006.0,18,200,Apartment,,,Non Bumi Lot,270000,Selangor,10,317.6470588235294
3.0,2.0,813,"Lift, Security, Parking, Swimming Pool, Playground, Multipurpose hall, Minimart, Gymnasium, Barbeque area, Club house",Seri Jati Apartment (Shah Alam),SP Setia,Freehold,"Selangor, Shah Alam, Setia Alam, Shah Alam, Selangor",,,,Apartment,2,,Non Bumi Lot,285000,Selangor,10,350.55350553505536
2.0,2.0,759,"Parking, Security, Lift, Swimming Pool, Playground, Gymnasium, Sauna, Barbeque area, Minimart, Multipurpose hall, Jogging Track, Squash Court",Vista Alam Serviced Apartment,Tahap Warisan Sdn Bhd,Leasehold,"Off Persiaran Dato Menteri, Vista Alam, Seksyen 14, Shah Alam, Selangor",2014.0,16,512,Service Residence,1,Medium,Bumi Lot,365000,Selangor,12,480.8959156785244
2.0,2.0,816,"Multipurpose hall, Gymnasium, Security, Swimming Pool, Playground, Parking",V-Residensi 2,B&G Property,Freehold,"Seksyen 22, Shah Alam, Selangor",2016.0,22,616,Service Residence,,Medium,Bumi Lot,360000,Selangor,6,441.1764705882353
3.0,2.0,650,"Parking, Security, Playground, Minimart, Jogging Track",Seri Pulai,,Leasehold,"Jalan Desa Serdang, Desa Serdang,, Seri Kembangan, Selangor",,,,Apartment,,Low,Non Bumi Lot,120000,Selangor,5,184.6153846153846
1.0,1.0,466,"Parking, Security, Minimart, Gymnasium, Lift, Swimming Pool, Playground, Sauna, Barbeque area, Multipurpose hall",i-Soho @ i-City,i-Berhad,Freehold,"Jalan Plumbum 7/102, Shah Alam, Selangor",,43,956,Studio,,Medium,Non Bumi Lot,290000,Selangor,10,622.3175965665237
3.0,2.0,850,"Swimming Pool, Multipurpose hall, Security, Gymnasium, Playground, Lift, Parking, Minimart, Barbeque area",Lagoon Perdana,Wonderful Insights Sdn Bhd,Leasehold,"Jalan PJS 9/1, Bandar Sunway, Petaling Jaya, Selangor",2021.0,,359,Apartment,1,,Non Bumi Lot,200000,Selangor,9,235.2941176470588
3.0,2.0,700,"Security, Jogging Track, Swimming Pool, Parking, Playground, Minimart, Multipurpose hall",saujana apartment,,Leasehold,"Jalan 10/1C, Damansara Damai, Selangor",,,,Apartment,,High,Bumi Lot,210000,Selangor,7,300.0
3.0,2.0,650,"Swimming Pool, Parking, Lift, Security, Playground",Desa Satu,,Freehold,"Persiaran Perdana, Taman Wangsa Permai, Kepong, Kuala Lumpur",,,,Apartment,1,,Non Bumi Lot,165000,Kuala Lumpur,5,253.84615384615384
3.0,2.0,900,"Jogging Track, Playground, Security, Minimart, Parking, Lift, Multipurpose hall",Larkin Idaman Apartment,,Leasehold,"Off Jalan Dato Jaafar, Larkin Idaman, Johor Bahru, Johor",2009.0,13,,Apartment,2,Low,Bumi Lot,230000,Johor,7,255.55555555555554
3.0,2.0,795,"Parking, Security, Barbeque area, Playground",Kekwa Apartment,,Leasehold,"Jalan Putra Perdana 5B, Puchong, Selangor",,5,,Apartment,,High,Non Bumi Lot,170000,Selangor,4,213.83647798742138
3.0,2.0,904,"Parking, Security, Minimart, Playground",Bayu Puteri 2,Iskandar Waterfront City Bhd,Leasehold,"Taman Bayu Puteri, Johor Bahru, Johor",2007.0,14,454,Apartment,,High,Bumi Lot,280000,Johor,4,309.7345132743363
3.0,2.0,700,"Security, Jogging Track, Parking, Playground, Gymnasium, Barbeque area, Lift, Minimart",Taman Kheng Tian,Belleview Group,Freehold,"Jalan Van Praagh, Jelutong, Penang",2006.0,20,,Apartment,1,High,Non Bumi Lot,461000,Penang,8,658.5714285714286
3.0,2.0,675,"Parking, Security, Minimart, Playground, Gymnasium",Apartment Permai (Damansara Damai),,Leasehold,"Jalan PJU 10/1, Damansara Damai, Selangor",,5,912,Apartment,,,Bumi Lot,200000,Selangor,5,296.2962962962963
3.0,2.0,850,"Playground, Swimming Pool, Security, Parking",Bandar Baru Permas Jaya,,Freehold,"Jln Permas 7, Bandar Baru Permas Jaya, Permas Jaya, Johor",,,,Flat,,Medium,Non Bumi Lot,198000,Johor,4,232.94117647058823
2.0,1.0,765,"Security, Playground, Tennis Court, Lift, Swimming Pool, Squash Court, Multipurpose hall, Gymnasium, Parking, Minimart, Jogging Track, Sauna, Club house",Tropicana Bay Residences @ PWC,Tropicana Ivory Sdn. Bhd.,Freehold,"Penang WorldCity Sales Gallery, Bayan Lepas, Penang",2017.0,22,1343,Condominium,2,,Non Bumi Lot,530000,Penang,13,692.8104575163399
4.0,3.0,2766,Playground,"Taman Desaria Indah, Batu Caves",,Leasehold,"Taman Desaria Indah, Batu Caves, Selangor, Selangor, Batu Caves",,,,Duplex,,Low,Malay Reserved,1350000,Batu Caves,1,488.0694143167028
2.0,2.0,857,"Security, Lift",Amerin Residence,One Amerin Residence Sdn Bhd,Freehold,"Off Lebuhraya SILK, Taman Impian Indah, Kajang, Selangor",2017.0,27,608,Service Residence,2,,Non Bumi Lot,370000,Selangor,2,431.7386231038506
3.0,2.0,800,"Security, Parking, Playground, Jogging Track",,,Leasehold,,,,,Apartment,1,Low,Bumi Lot,210000,,4,262.5
2.0,1.0,554,"Lift, Parking, Security",,,Freehold,,,,,Service Residence,1,High,Non Bumi Lot,420000,,3,758.1227436823104
5.0,4.0,2400,"Sauna, Parking, Security, Playground, Minimart, Swimming Pool",Windows on The Park,Selangor Dredging Berhad,Freehold,"Jalan Suadamai 10/1 Off Jalan Suakasih, Bandar Tun Hussein Onn, Cheras, Selangor",2015.0,33,540,Condominium,2,High,Non Bumi Lot,1200000,Selangor,6,500.0
3.0,2.0,1200,"Barbeque area, Gymnasium, Security, Swimming Pool, Playground",Mutiara Residence,,Leasehold,"Jalan Raya 4, Seri Kembangan, Selangor",,,228,Service Residence,1,Medium,Bumi Lot,290000,Selangor,5,241.66666666666666
3.0,1.0,657,"Parking, Lift, Playground",Desa Satu,,Freehold,"Persiaran Perdana, Taman Wangsa Permai, Kepong, Kuala Lumpur",,,,Apartment,1,Low,Bumi Lot,220000,Kuala Lumpur,3,334.85540334855403
3.0,2.0,1006,"Security, Playground, Minimart, Jogging Track",Larkin Idaman Apartment,,Leasehold,"Off Jalan Dato Jaafar, Larkin Idaman, Johor Bahru, Johor",2009.0,13,,Apartment,,Medium,Non Bumi Lot,330000,Johor,4,328.0318091451292
3.0,2.0,1173,"Parking, Security, Swimming Pool, Playground, Minimart, Gymnasium, Jogging Track, Multipurpose hall",Sri Mahligai,,Leasehold,"Jalan Tengku Ampuan Rahimah 9/20, Section 9, 40100, Shah Alam, Selangor",,15,,Condominium,1,Low,Bumi Lot,355000,Selangor,8,302.64279624893436
3.0,2.0,613,,Pangsapuri Jasa,Boustead Holdings Berhad,Leasehold,"Jalan Hang Hebat, Johor Bahru, Johor",,,,Apartment,,Low,Bumi Lot,140000,Johor,,228.38499184339315
4.0,2.0,1200,"Parking, Security, Lift, Swimming Pool, Playground, Gymnasium, Sauna, Barbeque area, Minimart, Multipurpose hall, Club house, Jogging Track, Tennis Court, Squash Court",Fortune Park,Dijaya Corporation,Leasehold,"Serdang Perdana, Seri Kembangan, Selangor",,,,Apartment,,,Non Bumi Lot,380000,Selangor,14,316.6666666666667
3.0,2.0,960,"Parking, Security, Lift, Swimming Pool, Playground, Gymnasium, Sauna, Barbeque area, Minimart, Multipurpose hall, Club house, Jogging Track, Tennis Court, Squash Court",Fortune Park,Dijaya Corporation,Leasehold,"Serdang Perdana, Seri Kembangan, Selangor",,,,Apartment,,,Bumi Lot,330000,Selangor,14,343.75
3.0,2.0,657,,Taman Permai Indah Flat,,Leasehold,"Jalan Pandamaran Jaya, Pandamaran, Selangor",,,,Flat,,Low,Bumi Lot,143000,Selangor,,217.65601217656013
3.0,2.0,1270,"Playground, Jogging Track, Barbeque area, Sauna, Multipurpose hall, Swimming Pool, Gymnasium, Security",Gardens Ville,GSD Land (M) Sdn Bhd,Freehold,"Jalan Kampong Batak off Jalan Paya Terubong, Sungai Ara, Penang",2017.0,31,476,Condominium,2,High,Non Bumi Lot,580000,Penang,8,456.6929133858268
3.0,2.0,1328,"Jogging Track, Security, Playground, Gymnasium, Squash Court, Lift, Multipurpose hall, Swimming Pool, Barbeque area, Sauna, Tennis Court, Club house, Parking, Minimart",Quayside @ Clear Water Bay Butterworth,Welcome Properties Sdn. Bhd.,Freehold,"Tingkat Laksamana 8,, Butterworth, Penang",,13,,Condominium,2,,Non Bumi Lot,460000,Penang,14,346.3855421686747
4.0,2.0,1206,,Ketumbar Hill,Mahajaya Berhad,Freehold,"Jalan Ketumbar, Taman Cheras, Cheras, Kuala Lumpur",,16,384,Condominium,,Medium,Non Bumi Lot,395000,Kuala Lumpur,,327.52902155887233
3.0,2.0,1161,"Security, Gymnasium, Tennis Court, Parking, Barbeque area, Multipurpose hall, Minimart, Playground, Swimming Pool",Pelangi Heights,Brem Holding Berhad,Freehold,"Jalan Pelangi, Kampung Bukit Kuda, Klang, Selangor",2007.0,10,396,Condominium,2,Medium,Bumi Lot,350000,Selangor,9,301.4642549526271
3.0,2.0,1399,"Playground, Swimming Pool, Security, Parking, Gymnasium",Seri Maya,Tan & Tan Developments Berhad,Freehold,"Jalan Jelatek, Off Jalan Ampang, Setiawangsa, Kuala Lumpur",2008.0,20,1400,Condominium,1,High,Bumi Lot,520000,Kuala Lumpur,5,371.6940671908506
3.0,2.0,810,"Parking, Security",Sri Cempaka (Bandar Puchong Jaya),,Freehold,"Jalan Merbuk, Bandar Puchong Jaya, Puchong, Selangor",,5,,Apartment,1,,Non Bumi Lot,230000,Selangor,2,283.95061728395063
3.0,2.0,780,"Security, Jogging Track, Parking, Barbeque area, Minimart, Playground",Penaga Mas,Masteron Sdn Bhd,Leasehold,"Jalan Pinggiran Mas 1, Taman Mas Sepang, Puchong, Selangor",2012.0,9,344,Condominium,1,,Non Bumi Lot,220000,Selangor,6,282.05128205128204
3.0,2.0,900,"Security, Minimart, Tennis Court, Multipurpose hall, Gymnasium, Jogging Track, Lift, Parking, Playground, Swimming Pool",De Bayu Apartment,Setia Promenade Sdn Bhd (SP Setia),Freehold,"Persiaran Setia Indah, Setia Alam, Selangor",2020.0,,723,Apartment,2,Medium,Bumi Lot,310000,Selangor,10,344.44444444444446
3.0,2.0,800,"Parking, Security, Swimming Pool, Playground, Jogging Track, Multipurpose hall",Mentari Court,Mentari Group,Leasehold,"Jalan PJS8/9, Petaling Jaya, Selangor",2006.0,18,200,Apartment,1,High,Bumi Lot,260000,Selangor,6,325.0
3.0,1.0,650,,Pangsapuri Teratai (Shah Alam),,Freehold,"Jalan Metafasa U16/3A, Seksyen U16, Shah Alam, Selangor",,,,Condominium,,High,Bumi Lot,145000,Selangor,,223.07692307692307
4.0,3.0,1626,"Swimming Pool, Barbeque area, Playground, Squash Court, Jogging Track, Parking, Gymnasium, Multipurpose hall, Lift, Security, Minimart",The Orion,Swasta Setia Holdings,Freehold,"Jalan Tun Razak, City Centre, Kuala Lumpur",2006.0,36,202,Condominium,,Medium,Non Bumi Lot,728000,Kuala Lumpur,11,447.72447724477246
3.0,2.0,1080,"Multipurpose hall, Security, Swimming Pool",Alami Residensi,Worlwide Holdings,Leasehold,"Jalan Akuatik, Seksyen 13, Shah Alam, Selangor",,17,444,Condominium,2,,Bumi Lot,420000,Selangor,3,388.8888888888889
3.0,2.0,1010,,Synergy Square,,Leasehold,"Jalan Matang, Kuching, Sarawak",,,,Apartment,1,Low,Non Bumi Lot,135000,Sarawak,,133.66336633663366
3.0,2.0,1101,,Matang Jaya,,Leasehold,"Jalan Matang, Kuching, Sarawak",,,,Flat,1,,Non Bumi Lot,148000,Sarawak,,134.42325158946412
1.0,1.0,548,,Papillon Street Mall,MJC City Development Sdn Bhd,Leasehold,"Jalan Batu Kawa, Bandar Baru Batu Kawa, Kuching, Sarawak",,,,Service Residence,1,,Non Bumi Lot,165000,Sarawak,,301.0948905109489
3.0,2.0,856,"Security, Swimming Pool",Pesona Villa (Taman Melawati),,Freehold,"Jalan Indah Melati 1, Kemensah Heights, Taman Melawati, Kuala Lumpur",,4,40,Apartment,,Medium,Non Bumi Lot,295000,Kuala Lumpur,2,344.6261682242991
3.0,2.0,633,"Parking, Security",Samajaya Apartment,,Leasehold,"Sama Jaya Free Industrial Zone, Kuching, Sarawak",,4,,Apartment,1,,Non Bumi Lot,250000,Sarawak,2,394.9447077409163
3.0,2.0,1173,"Security, Parking, Minimart, Playground, Swimming Pool",Sri Mahligai,,Leasehold,"Jalan Tengku Ampuan Rahimah 9/20, Section 9, 40100, Shah Alam, Selangor",,15,,Condominium,,Low,Bumi Lot,355000,Selangor,5,302.64279624893436
3.0,2.0,786,"Parking, Playground, Security, Gymnasium, Barbeque area, Swimming Pool, Squash Court, Jogging Track",Asia Heights,Asia Green Group,Freehold,"Lorong Semarak Api 3, Ayer Itam, Penang",2007.0,22,816,Condominium,1,High,Non Bumi Lot,345000,Penang,8,438.9312977099237
3.0,1.0,654,,Taman Bukit Erskine,Ivory Properties Group Sdn Bhd,Freehold,"Off Lebuhraya Halia, Mount Erskine, Tanjong Tokong, Penang",2014.0,38,554,Apartment,1,High,Non Bumi Lot,288000,Penang,,440.3669724770642
4.0,3.0,1442,,Crystal Creek Resort,AM-EL Group,Freehold,"Jalan Lembah Tupai 5, Taiping, Perak",,,,Condominium,1,,Non Bumi Lot,328000,Perak,,227.4618585298197
3.0,1.0,667,,Pangsapuri Seri Jati,,Freehold,"Jalan Wawasan 5/4, Puchong, Selangor",,,,Apartment,,,Bumi Lot,150000,Selangor,,224.88755622188904
3.0,2.0,670,Security,Sri Begonia,,Freehold,"Jalan Puteri 7/7, Bandar Puteri, Puchong, Selangor",,5,950,Flat,,,Non Bumi Lot,160000,Selangor,1,238.80597014925374
3.0,2.0,1207,"Multipurpose hall, Club house, Playground, Minimart, Security, Swimming Pool, Parking, Lift",Astana Lumayan,Danau Lumayan Sdn Bhd,Leasehold,"Jalan Tasik Permaisuri 3, Bandar Sri Permaisuri, Cheras, Kuala Lumpur",2013.0,18,250,Service Residence,,Medium,Bumi Lot,530000,Kuala Lumpur,8,439.10521955260975
3.0,2.0,1173,"Security, Parking, Swimming Pool, Jogging Track, Barbeque area, Gymnasium, Lift, Playground, Multipurpose hall",AraTre' Residences,Puncakdana Development Sdn Bhd,Leasehold,"Jalan PJU 1a/4a, Ara Damansara, Petaling Jaya, Selangor",2022.0,26,727,Condominium,2,Medium,Non Bumi Lot,750000,Selangor,9,639.386189258312
3.0,1.0,680,"Parking, Playground, Lift",Dafe Court,,Freehold,"Solok Kampung Relau 1, Bukit Jambul, Penang",,,,Apartment,,,Non Bumi Lot,230000,Penang,3,338.2352941176471
4.0,3.0,1386,"Parking, Security, Swimming Pool, Playground, Lift, Gymnasium, Squash Court, Tennis Court, Jogging Track, Minimart, Multipurpose hall, Barbeque area",One Damansara,MK Land Holdings,Leasehold,"Jalan PJU 10/1, Damansara Damai, Petaling Jaya, Selangor",2013.0,20,899,Condominium,2,,Non Bumi Lot,400000,Selangor,12,288.6002886002886
3.0,2.0,882,"Minimart, Playground, Security, Swimming Pool, Parking, Lift, Gymnasium",Bukit Awana Condominium,,Freehold,"Jalan Bukit Kukus, Paya Terubong, Ayer Itam, Penang",1996.0,31,360,Condominium,1,Low,Non Bumi Lot,250000,Penang,7,283.4467120181406
3.0,2.0,850,"Parking, Tennis Court, Security",Masreca n19eteen (Masreca-19),Sterling Group,Freehold,"Persiaran Rimba Permai, Cyber 10, Cyberjaya, Selangor",,,960,Apartment,2,High,Bumi Lot,319000,Selangor,3,375.29411764705884
3.0,2.0,850,,Kipark,KIP Group,Leasehold,"Jalan Titiwangsa 1, Taman Tampoi Indah, Johor Bahru, Johor",2008.0,16,196,Apartment,,Medium,Bumi Lot,275000,Johor,,323.52941176470586
3.0,2.0,989,"Jogging Track, Parking",Almyra Residences,IOI Properties Group Berhad,Freehold,"Bandar Puteri Bangi, Bangi, Selangor",2017.0,2,669,Service Residence,,Medium,Non Bumi Lot,340000,Selangor,2,343.7815975733064
3.0,2.0,810,,Taman Impian Warisan Flat,,Leasehold,"Pekan Batu 18 Jalan Impian Warisan 1, Taman Impian Warisan, Hulu Langat, Selangor",,,,Flat,1,Medium,Bumi Lot,140000,Selangor,,172.8395061728395
2.0,2.0,708,"Parking, Sauna, Security, Multipurpose hall, Playground, Swimming Pool, Gymnasium","Swiss-Garden Resort Residences, Kuantan",Swiss Garden Group,Freehold,"Jalan Kuantan-Kemaman, Mukim Sungai Karang, Kuantan, Pahang",2014.0,,177,Condominium,1,Medium,Non Bumi Lot,399000,Pahang,7,563.5593220338983
2.0,2.0,799,,Baiduri Apartment (Kijal),,Freehold,"Persiaran Meraga Beris, Kijal, Terengganu",,,,Apartment,1,Medium,Non Bumi Lot,275000,Terengganu,,344.180225281602
1.0,1.0,768,"Parking, Security, Lift, Swimming Pool, Playground, Gymnasium, Sauna, Tennis Court, Squash Court, Barbeque area",Kuantan Tembeling Resort,,Leasehold,"Jalan Padang Golf, Kuantan, Pahang",,,,Apartment,1,Low,Non Bumi Lot,270000,Pahang,10,351.5625
3.0,1.0,600,"Parking, Playground, Minimart, Multipurpose hall",Kelumpuk Melati,,Leasehold,"Keramat AU3, Setiawangsa, Kuala Lumpur",,,,Apartment,2,Medium,Bumi Lot,263000,Kuala Lumpur,4,438.3333333333333
1.0,1.0,777,"Playground, Swimming Pool, Gymnasium, Lift, Minimart, Sauna, Parking, Security, Tennis Court, Squash Court, Barbeque area, Multipurpose hall",Simfoni 1,SSH Group,Leasehold,"Jalan 3/20, Bandar Teknologi Kajang, Semenyih, Selangor",2016.0,21,336,Condominium,2,Medium,Non Bumi Lot,272000,Selangor,12,350.06435006435004
3.0,2.0,1258,"Parking, Security, Minimart, Lift, Playground, Swimming Pool, Gymnasium",Regency Heights Condo,Palmex Industries Sdn Bhd (IOI Group),Freehold,"Changkat Kenari, Sungai Ara, Penang",2007.0,16,529,Condominium,1,Low,Non Bumi Lot,520000,Penang,7,413.3545310015898
1.0,1.0,610,"Parking, Security, Gymnasium, Swimming Pool, Sauna, Minimart, Multipurpose hall, Barbeque area, Playground, Lift",Pertama Residency,Evolusi Bina (a subsidiary of SM Land Group),Leasehold,"Jalan Cheras, Cheras, Kuala Lumpur",2009.0,19,312,Condominium,1,,Non Bumi Lot,300000,Kuala Lumpur,10,491.8032786885246
3.0,1.0,657,,Pangsapuri Seroja @ Setia Alam,,Freehold,"U13/50, Seksyen U13, Shah Alam, Selangor",,5,,Apartment,,Low,Bumi Lot,225000,Selangor,,342.4657534246575
2.0,2.0,792,"Swimming Pool, Parking, Playground, Gymnasium, Multipurpose hall, Security, Lift, Sauna, Barbeque area, Minimart, Jogging Track",Gravit8,Mitraland Group,Freehold,"Kota Bayuemas, Klang South, Port Klang, Selangor",2018.0,,280,Service Residence,,,Non Bumi Lot,400000,Selangor,11,505.050505050505
3.0,1.0,603,"Minimart, Parking, Lift",Putra Ria Apartment,,Leasehold,"Kampung Abdullah Hukum, Off Jalan Maarof, Bangsar, Kuala Lumpur",,,,Apartment,1,High,Non Bumi Lot,239000,Kuala Lumpur,3,396.35157545605307
3.0,2.0,906,"Tennis Court, Playground, Jogging Track, Swimming Pool, Parking, Security, Gymnasium, Barbeque area",Bayu Puteri 3,Must Ehsan Development Sdn Bhd,Leasehold,"Jalan Bayu Puteri 1/2, Taman Bayu Puteri, Johor Bahru, Johor",2006.0,21,565,Apartment,,Medium,Non Bumi Lot,268000,Johor,8,295.8057395143488
2.0,1.0,700,,Taman Desa Cheras,,Freehold,"Taman Desa Cheras, Cheras, Kuala Lumpur",,,,Apartment,,Low,Non Bumi Lot,168000,Kuala Lumpur,,240.0
1.0,1.0,464,"Parking, Security, Lift, Swimming Pool, Playground, Multipurpose hall, Gymnasium, Minimart",i-Soho @ i-City,i-Berhad,Freehold,"Jalan Plumbum 7/102, Shah Alam, Selangor",,43,956,Condominium,,Medium,Non Bumi Lot,288000,Selangor,8,620.6896551724138
3.0,2.0,1009,"Security, Playground, Jogging Track, Minimart, Swimming Pool, Multipurpose hall, Parking, Lift, Gymnasium, Sauna, Barbeque area",Maxim Citilights,Meridian Maxim Sdn Bhd,Leasehold,"Jalan Sentul Pasar, Sentul Pasar, Sentul, Kuala Lumpur",2017.0,36,1338,Service Residence,2,High,Non Bumi Lot,350000,Kuala Lumpur,11,346.8780971258672
3.0,2.0,656,"Parking, Jogging Track, Playground, Minimart",Pangsapuri Palma Botanik,,Freehold,"Jalan Palma Raja 3/KS6, Selangor, Klang",,,,Apartment,,High,Non Bumi Lot,190000,Klang,4,289.6341463414634
3.0,2.0,850,"Parking, Playground, Security, Barbeque area",Seri Galaksi Apartment,,Leasehold,"No 2, Jalan Nova U5/85, Subang Bestari,, Shah Alam, Selangor",2005.0,7,120,Apartment,1,Medium,Non Bumi Lot,290000,Selangor,4,341.1764705882353
3.0,2.0,1432,"Parking, Security, Lift, Swimming Pool, Playground, Gymnasium, Barbeque area, Club house, Multipurpose hall, Jogging Track",Tribeca,,Freehold,"Lorong Urat Mata 4, Jalan Urat Mata, Kuching, Sarawak",,,684,Condominium,,High,Non Bumi Lot,900000,Sarawak,10,628.4916201117319
3.0,2.0,1080,"Playground, Security, Jogging Track, Parking, Lift, Swimming Pool",Taman Kumbar Permai,,Freehold,"Taman Kumbar Permai, Lintang Kampung Masjid 1, Bandar Baru Teluk Kumbar, Teluk Kumbar, Penang",,12,,Apartment,2,Medium,Non Bumi Lot,350000,Penang,6,324.0740740740741
1.0,1.0,614,"Parking, Security, Lift, Swimming Pool, Playground, Gymnasium, Sauna",Impiana @ East Ledang,UEM Sunrise Berhad,Freehold,"Persiaran Puteri Ledang, Iskandar Puteri, Johor",2015.0,11,488,Condominium,1,Low,Non Bumi Lot,355000,Johor,7,578.1758957654723
2.0,2.0,810,"Playground, Gymnasium, Security, Swimming Pool, Parking, Lift, Barbeque area, Multipurpose hall, Club house, Jogging Track",Coastal Tower,Taman Ratu Sdn Bhd,Freehold,"No. 9 & 11, Persiaran Tanjung Bungah 2, Tanjung Bungah, Penang",2004.0,27,,Condominium,1,,Non Bumi Lot,395000,Penang,10,487.65432098765433
3.0,2.0,743,"Playground, Security, Minimart",Larkin Idaman Apartment,,Leasehold,"Off Jalan Dato Jaafar, Larkin Idaman, Johor Bahru, Johor",2009.0,13,,Apartment,,Medium,Bumi Lot,198000,Johor,3,266.48721399730823
3.0,2.0,979,"Parking, Security, Playground, Swimming Pool, Gymnasium, Barbeque area, Sauna",Univ 360 Place,F3 Capital,Leasehold,"Off Jalan Raya Satu, Serdang Jaya, Seri Kembangan, Selangor",2015.0,24,675,Service Residence,2,,Non Bumi Lot,400000,Selangor,7,408.58018386108273
3.0,2.0,1022,,Idaman Abadi Tropicana Heights,,Freehold,"Persiaran Tropicana Heights, 43500 Semenyih, Selangor, Selangor, Kajang",,,,Condominium,,,Non Bumi Lot,207000,Kajang,,202.5440313111546
3.0,1.0,1349,"Parking, Security, Lift, Swimming Pool, Playground, Gymnasium, Barbeque area, Jogging Track",,,Freehold,,,,,Condominium,1,,Non Bumi Lot,580000,,8,429.948109710897
3.0,2.0,1100,"Security, Swimming Pool, Barbeque area, Parking, Lift, Playground, Gymnasium, Multipurpose hall, Jogging Track",One Sulaman,,Leasehold,"Jalan Sulaman, Kota Kinabalu, Sabah, Kota Kinabalu, Sabah",,,109,Condominium,1,Medium,Non Bumi Lot,485000,Sabah,9,440.90909090909093
3.0,2.0,738,"Parking, Security, Playground, Swimming Pool, Jogging Track",Millennium Residency,,Leasehold,"Jalan Bantayan Minintod, Kota Kinabalu, Sabah",,,,Apartment,1,Low,Non Bumi Lot,295000,Sabah,5,399.7289972899729
3.0,2.0,810,"Parking, Playground",Taman Impian Warisan Flat,,Leasehold,"Pekan Batu 18 Jalan Impian Warisan 1, Taman Impian Warisan, Hulu Langat, Selangor",,,,Flat,1,Medium,Bumi Lot,170000,Selangor,2,209.87654320987653
3.0,2.0,786,,Seri Palma,,Freehold,"Jalan Nagasari 36/1, Shah Alam, Selangor",,,,Apartment,,Medium,Non Bumi Lot,205000,Selangor,,260.8142493638677
3.0,2.0,657,,Sri Angkasa Apartment (Klang),,Freehold,"Jalan Batu Unjur 10, Klang, Selangor",,5,,Flat,,Low,Non Bumi Lot,128000,Selangor,,194.8249619482496
3.0,2.0,657,,Sri Angkasa Apartment (Klang),,Freehold,"Jalan Batu Unjur 10, Klang, Selangor",,5,,Flat,,Medium,Non Bumi Lot,115000,Selangor,,175.0380517503805
3.0,2.0,850,"Parking, Security, Playground, Lift, Jogging Track, Minimart, Multipurpose hall",Vista Seri Putra Apartments,UMLand,Freehold,"Jalan Seri Putra 2/3, Bandar Seri Putra,  Kajang, Bangi, Selangor",,,,Apartment,1,Low,Bumi Lot,270000,Selangor,7,317.6470588235294
3.0,3.0,1200,"Parking, Security, Lift, Swimming Pool, Playground, Gymnasium, Sauna, Barbeque area, Minimart, Multipurpose hall, Club house, Jogging Track, Tennis Court, Squash Court",Putrajaya,,Freehold,"Putrajaya, Putrajaya, Putrajaya",,,,Condominium,2,High,Non Bumi Lot,499000,Putrajaya,14,415.8333333333333
3.0,2.0,973,"Barbeque area, Playground, Swimming Pool, Gymnasium, Security",Scott Towers @ Larkin JB,Andaman Group,Leasehold,"Off Jalan Datin Halimah, Larkin, Johor Bahru, Johor",2015.0,,352,Condominium,,Medium,Non Bumi Lot,318000,Johor,5,326.8242548818088
3.0,2.0,870,"Gymnasium, Jogging Track, Playground, Swimming Pool, Lift, Sauna, Parking, Security, Minimart",Ashton Tower,SCP Group,Leasehold,"Off Kolombong, Kota Kinabalu, Sabah",2016.0,29,391,Service Residence,2,Medium,Non Bumi Lot,450000,Sabah,9,517.2413793103449
2.0,2.0,1066,,Elemen Utara KK,,Leasehold,"Jalan Senja, Kota Kinabalu, Sabah",,,,Service Residence,1,Medium,Non Bumi Lot,500000,Sabah,,469.04315196998124
1.0,1.0,732,"Parking, Security, Lift, Swimming Pool, Playground, Minimart, Club house, Gymnasium",Endah Ria,Soon Tiek Development & PJ Development,Freehold,"Taman Sri Endah, Sri Petaling, Kuala Lumpur",2000.0,18,752,Condominium,1,Medium,Non Bumi Lot,260000,Kuala Lumpur,8,355.1912568306011
3.0,2.0,850,"Parking, Security, Playground, Lift, Jogging Track",Seri Atria,Worldwide Holdings,Leasehold,"Jalan Nova U5/71A, Seksyen U5, Shah Alam, Shah Alam, Selangor",,15,,Apartment,2,Medium,Non Bumi Lot,340000,Selangor,5,400.0
3.0,2.0,650,"Security, Parking, Playground, Minimart, Multipurpose hall",Flat Pangsa Impian,,Leasehold,"jenjarom, Selangor, Bandar Saujana Putra",,,,Flat,,High,Bumi Lot,119000,Bandar Saujana Putra,5,183.07692307692307
3.0,2.0,858,"Playground, Swimming Pool, Jogging Track, Minimart, Security, Parking",Permai Puteri,Permai Syukur Sdn. Bhd.,Leasehold,"Jalan 13D, Taman Dato Ahmad Razali, Ampang, Selangor",2007.0,24,299,Apartment,,Medium,Non Bumi Lot,370000,Selangor,6,431.23543123543124
3.0,2.0,1039,"Parking, Barbeque area, Security, Playground",Goodyear Court 8,Bina Goodyear Group,Freehold,"Persiaran Mulia, USJ 14, Subang Jaya, Selangor",,5,,Apartment,,Low,Non Bumi Lot,430000,Selangor,4,413.8594802694899
3.0,2.0,750,,Pangsapuri Sri Kemuning,,Freehold,"No 3, Jalan Anggerik Aranda 31/42, Section 31, Shah Alam, Selangor",,5,,Apartment,1,High,Non Bumi Lot,250000,Selangor,,333.3333333333333
3.0,2.0,750,,Pangsapuri Sri Kemuning,,Freehold,"No 3, Jalan Anggerik Aranda 31/42, Section 31, Shah Alam, Selangor",,5,,Apartment,1,Low,Non Bumi Lot,260000,Selangor,,346.6666666666667
3.0,2.0,750,,Pangsapuri Sri Kemuning,,Freehold,"No 3, Jalan Anggerik Aranda 31/42, Section 31, Shah Alam, Selangor",,5,,Apartment,1,High,Non Bumi Lot,175000,Selangor,,233.33333333333334
3.0,2.0,816,"Parking, Lift, Playground",Taman Tun Teja,,Leasehold,"Jalan Bayu, Taman Tun Teja, Rawang, Selangor",,,,Apartment,,Medium,Bumi Lot,210000,Selangor,3,257.3529411764706
2.0,1.0,688,,Ambience Residence,,Freehold,"Jalan Pulau Gadong, Klebang, Melaka",,,,Service Residence,1,Medium,Non Bumi Lot,206500,Melaka,,300.1453488372093
3.0,2.0,650,"Parking, Lift, Security",Idaman Seroja,Koperasi Tunas Muda,Leasehold,"Lintang Sungai Ara 9, Sungai Ara, Penang",,,,Apartment,,,Non Bumi Lot,218000,Penang,3,335.38461538461536
4.0,2.0,1345,"Gymnasium, Minimart, Swimming Pool, Playground, Squash Court, Jogging Track, Parking, Security, Sauna, Lift, Club house, Multipurpose hall",Straits Garden Residence @ Jelutong,Tambun Indah Land Berhad,Freehold,"Jalan Jelutong, Jelutong, Penang",2016.0,17,91,Condominium,2,,Non Bumi Lot,770000,Penang,12,572.4907063197026
2.0,1.0,590,"Parking, Minimart, Multipurpose hall",Taman Lip Sin Block 33 & 35,,Freehold,"Lebuh Nipah 1, Bayan Lepas, Penang",,,,Flat,1,,Non Bumi Lot,220000,Penang,3,372.8813559322034
2.0,1.0,450,"Parking, Security, Lift, Swimming Pool, Playground, Gymnasium, Sauna, Barbeque area, Minimart, Multipurpose hall, Jogging Track",,,Leasehold,,,,,Condominium,1,Medium,Non Bumi Lot,235000,,11,522.2222222222222
4.0,3.0,1800,"Parking, Security, Lift, Swimming Pool, Playground, Gymnasium, Sauna, Barbeque area, Minimart, Multipurpose hall, Club house, Jogging Track, Tennis Court, Squash Court",Solaris Duplex Suites KL Mont Kiara,,Leasehold,"Mont Kiara Solaris KLCC, Kuala Lumpur, KLCC",,,,Duplex,3,Medium,Non Bumi Lot,790000,KLCC,14,438.8888888888889
3.0,2.0,810,"Parking, Playground, Minimart",Taman Impian Warisan Flat,,Leasehold,"Pekan Batu 18 Jalan Impian Warisan 1, Taman Impian Warisan, Hulu Langat, Selangor",,,,Flat,1,Low,Bumi Lot,180000,Selangor,3,222.22222222222223
3.0,2.0,853,"Parking, Security, Lift, Playground, Minimart",Casa Dahlia,Oriental Interest Bhd,Freehold,"Jalan Dahlia Perwira, Sepang, Selangor",2016.0,,,Apartment,2,High,Bumi Lot,250000,Selangor,5,293.08323563892145
3.0,2.0,678,,Bandar Teknologi Kajang Flat,,Freehold,"Bandar Teknologi Kajang, Semenyih, Semenyih, Selangor",,,,Flat,,Medium,Bumi Lot,135000,Selangor,,199.1150442477876
3.0,2.0,853,"Parking, Security, Lift, Playground, Jogging Track, Minimart",Casa Dahlia,Oriental Interest Bhd,Freehold,"Jalan Dahlia Perwira, Sepang, Selangor",2016.0,,,Apartment,2,Medium,Bumi Lot,275000,Selangor,6,322.3915592028136
3.0,1.0,650,Playground,Pandan Indah Flat (Rumah Pangsa 610),,Leasehold,"Jalan Pandan Indah 5/20, Ampang, Selangor",,5,,Flat,,High,Non Bumi Lot,165000,Selangor,1,253.84615384615384
3.0,2.0,905,"Parking, Lift",Jambul Court,,Freehold,"No. 6, Persiaran Bukit Jambul 5, Bukit Jambul, Penang",1999.0,5,20,Apartment,1,Medium,Non Bumi Lot,390000,Penang,2,430.939226519337
3.0,2.0,966,,Taman Desa Kempas,,Leasehold,"Taman Desa Kempas, Tampoi, Johor",,,,Apartment,,Low,Non Bumi Lot,235000,Johor,,243.2712215320911
3.0,2.0,956,"Multipurpose hall, Club house, Security, Tennis Court, Jogging Track, Barbeque area, Parking, Minimart, Swimming Pool, Gymnasium, Sauna, Playground, Lift, Squash Court",Villa Park,VILLAMAS GROUP OF COMPANIES,Freehold,"Jalan Cemara, Taman Bukit Serdang, Seri Kembangan, Selangor",,19,392,Condominium,1,High,Bumi Lot,380000,Selangor,14,397.489539748954
3.0,2.0,700,"Parking, Security, Lift, Playground, Multipurpose hall",Taman Lembah Hijau Block 3,,Freehold,"Jalan Gangsa, Greenlane, Georgetown, Penang",2000.0,12,,Apartment,1,Medium,Non Bumi Lot,420000,Penang,5,600.0
2.0,2.0,850,"Parking, Security, Lift, Swimming Pool, Playground, Gymnasium, Barbeque area, Multipurpose hall, Jogging Track",D’lagoon Luxury apartment by The Lake,,Freehold,"Seri Austin,Johor, Johor, Tebrau",,,,Apartment,,Medium,Bumi Lot,450000,Tebrau,9,529.4117647058823
3.0,2.0,975,"Minimart, Gymnasium, Security, Parking, Swimming Pool, Jogging Track, Playground, Lift, Barbeque area, Multipurpose hall",Mutiara Ville @ Cyberjaya,Seri Mutiara Development Sdn Bhd,Freehold,"Persiaran Sepang Off Persiaran Multimedia, Cyberjaya, Selangor",2013.0,29,372,Condominium,2,Medium,Non Bumi Lot,420000,Selangor,10,430.7692307692308
3.0,1.0,606,"Security, Parking",Rista Villa Apartment,,Leasehold,"Off Bulatan Putra Perdana, Taman Putra Perdana, Puchong, Selangor",,,,Apartment,,High,Bumi Lot,160000,Selangor,2,264.02640264026405
3.0,2.0,657,Playground,Bandar Tasik Selatan (Low Cost),,Leasehold,"Jalan Tasik Selatan 15, Cheras, Kuala Lumpur",,,,Flat,,Medium,Non Bumi Lot,215000,Kuala Lumpur,1,327.24505327245055
3.0,2.0,860,"Playground, Parking, Security",Pangsapuri Cendana,,Freehold,"Jalan Metafasa U16/3, Shah Alam, Selangor",,5,,Condominium,,High,Non Bumi Lot,250000,Selangor,3,290.69767441860466
4.0,2.0,1000,"Security, Parking, Lift, Swimming Pool, Playground, Minimart",Nusa Perdana Service Apartment,,Freehold,"Jalan Nusa Perdana, Gelang Patah, Johor",,,,Apartment,1,Low,Non Bumi Lot,295000,Johor,6,295.0
3.0,2.0,1165,"Playground, Gymnasium, Swimming Pool, Security, Jogging Track, Barbeque area, Parking, Lift, Minimart, Multipurpose hall",The Golden Triangle,GSV Development Sdn Bhd,Freehold,"Jalan Paya Terubong, Off Jalan Dato Ismail Hashim, Relau, Penang",2021.0,,406,Condominium,2,,Non Bumi Lot,520000,Penang,10,446.3519313304721
3.0,2.0,775,Security,Pangsapuri Kajang Perdana,,Leasehold,"Taman Kajang Perdana, Kajang, Selangor",,,,Flat,,Medium,Bumi Lot,125000,Selangor,1,161.29032258064515
3.0,2.0,1000,"Parking, Swimming Pool, Barbeque area, Security",Pangsapuri Seruling,Sime Darby Property Bhd,Freehold,"Jln Astaka 1/KU2, Bandar Bukit Raja, Selangor",,16,,Apartment,2,Medium,Bumi Lot,350000,Selangor,4,350.0
3.0,1.0,721,"Parking, Lift, Playground, Minimart",Desa Jati Apartment,,Freehold,"Persiaran Perdana BBN,Desa Jati, Bandar Baru Nilai, Nilai, Negeri Sembilan",,,,Apartment,,Medium,Bumi Lot,200000,Negeri Sembilan,4,277.39251040221916
3.0,2.0,775,"Lift, Parking, Security, Swimming Pool",Kiara Apartment,,Leasehold,"Jalan Mutiara Melaka 2, Taman Mutiara Melaka, Bukit Baru, Melaka",,7,,Apartment,1,Medium,Non Bumi Lot,180000,Melaka,4,232.25806451612902
3.0,2.0,975,"Playground, Swimming Pool, Gymnasium, Jogging Track, Parking, Security, Multipurpose hall, Lift",LakePark Residence @ KL North,JL99 Group,Leasehold,"Selayang, Batu Caves, Selayang, Selangor",2018.0,42,916,Service Residence,2,,Non Bumi Lot,470000,Selangor,8,482.05128205128204
3.0,2.0,1382,"Playground, Minimart, Swimming Pool, Gymnasium, Security, Squash Court, Lift, Parking",Amanja Semi-D Suites,Engtex Properties Sdn Bhd,Freehold,"Desa Aman Puri, Bandar Sri Damansara, Selangor",2018.0,,224,Duplex,3,,Non Bumi Lot,663000,Selangor,8,479.739507959479
4.0,3.0,1508,,KM 1 West,,Freehold,"KM 1 West, Kuala Lumpur, Bukit Jalil",,,,Condominium,2,,Non Bumi Lot,928000,Bukit Jalil,,615.3846153846154
3.0,2.0,958,,United Point Residence @ North Kiara,UOA Group,Freehold,"North Kiara, Kepong, Kuala Lumpur",2019.0,45,2509,Service Residence,2,,Non Bumi Lot,560000,Kuala Lumpur,,584.5511482254698
3.0,2.0,1133,"Barbeque area, Parking, Swimming Pool, Lift, Playground, Security, Gymnasium",Andari Townvilla,Dergahayu Sdn Bhd,Leasehold,"Jalan SH 2/1, Selayang Heights, Gombak, Selangor",2006.0,5,414,Apartment,1,,Non Bumi Lot,320000,Selangor,7,282.4360105913504
3.0,2.0,850,"Parking, Security, Lift",Taman Permata Apartment (Blok A),,Leasehold,"43, Lor Permata 6, Sandakan, Sabah",,,,Apartment,1,High,Non Bumi Lot,200000,Sabah,3,235.2941176470588
4.0,3.0,1695,"Minimart, Parking, Security, Playground, Lift, Multipurpose hall, Jogging Track",Arena Green,Berjaya Land,Freehold,"Jalan 1/115a, Bukit Jalil, Bukit Jalil, Kuala Lumpur",2000.0,11,1240,Condominium,3,High,Non Bumi Lot,580000,Kuala Lumpur,7,342.18289085545723
3.0,2.0,850,"Parking, Security, Lift, Swimming Pool, Playground, Gymnasium, Sauna, Barbeque area, Minimart, Multipurpose hall, Club house, Jogging Track, Tennis Court",Glory Beach Resort Apartment,,Freehold,"Jalan Seremban, Tanjung Gemok, Port Dickson, Negeri Sembilan",,,,Apartment,2,Medium,Non Bumi Lot,330000,Negeri Sembilan,13,388.2352941176471
3.0,2.0,750,,De Cendana,,Freehold,"Persiaran Setia Makmur, Setia Alam, Selangor",,,,Apartment,,Medium,Non Bumi Lot,260000,Selangor,,346.6666666666667
3.0,2.0,660,,Ghazal,,Leasehold,"Jalan Ghazal 2, Balakong, Selangor",,,,Apartment,,,Bumi Lot,105000,Selangor,,159.0909090909091
3.0,2.0,1000,"Parking, Jogging Track, Security, Tennis Court, Lift, Swimming Pool, Playground, Gymnasium, Sauna, Barbeque area, Minimart, Multipurpose hall",The Rise Collection 3,Zubicon Sdn. Bhd.,Freehold,"Jln Dr. Wu Lien Teh, Georgetown, Penang",2020.0,,,Apartment,2,Low,Non Bumi Lot,480000,Penang,12,480.0
4.0,2.0,1181,"Parking, Security, Lift, Swimming Pool, Playground, Gymnasium, Barbeque area, Minimart, Multipurpose hall",Casa Idaman,Billion Horizon Sdn Bhd,Leasehold,"Jalan 1/12D, Kampung Batu Muda, Jalan Ipoh, Kuala Lumpur",2010.0,18,608,Condominium,2,Low,Bumi Lot,460000,Kuala Lumpur,9,389.50042337002543
3.0,2.0,1300,"Parking, Playground, Swimming Pool, Gymnasium, Security",Seri Maya,Tan & Tan Developments Berhad,Freehold,"Jalan Jelatek, Off Jalan Ampang, Setiawangsa, Kuala Lumpur",2008.0,20,1400,Condominium,1,,Non Bumi Lot,490000,Kuala Lumpur,5,376.9230769230769
3.0,2.0,1095,"Playground, Gymnasium, Barbeque area, Security, Swimming Pool, Sauna, Jogging Track",Setia Pinnacle,Setia Promenade Sdn Bhd (SP Setia),Freehold,"Off Jalan Fettes, Setia Greens, Sungai Ara, Penang",2016.0,38,434,Condominium,1,Medium,Non Bumi Lot,565000,Penang,7,515.9817351598174
2.0,2.0,1050,"Playground, Swimming Pool, Barbeque area, Multipurpose hall, Gymnasium, Lift, Parking, Security, Sauna, Minimart, Squash Court",Atlantis Residences,Telandan Setia Sdn Bhd,Leasehold,"Jalan Kota Laksamana Off Jalan Syed Abdul Aziz, Melaka Tengah, Melaka",2017.0,40,1360,Service Residence,2,High,Non Bumi Lot,525000,Melaka,11,500.0
2.0,2.0,1050,"Barbeque area, Multipurpose hall, Gymnasium, Sauna, Parking, Security, Lift, Swimming Pool, Playground, Minimart, Squash Court",Atlantis Residences,Telandan Setia Sdn Bhd,Leasehold,"Jalan Kota Laksamana Off Jalan Syed Abdul Aziz, Melaka Tengah, Melaka",2017.0,40,1360,Service Residence,2,High,Non Bumi Lot,525000,Melaka,11,500.0
4.0,3.0,1091,"Parking, Security, Playground, Swimming Pool, Squash Court, Minimart, Gymnasium, Tennis Court, Lift, Sauna",All Seasons Park,Belleview Group,Freehold,"Lebuhraya Thean Teik, Air Itam, Ayer Itam, Penang",2013.0,30,808,Condominium,2,High,Non Bumi Lot,650000,Penang,10,595.7836846929423
3.0,1.0,635,,Desa Dynaview,Heng Lee Group,Freehold,"Lintang Batu Maung, Taman Seri Indah, Bayan Lepas, Penang",2001.0,5,59,Flat,1,,Non Bumi Lot,230000,Penang,,362.20472440944883
4.0,4.0,2883,Parking,D'Perdana Apartment,,Freehold,"Jalan Sri Cemerlang 7/27, Kota Bharu, Kelantan",,,,Apartment,2,,Non Bumi Lot,1200000,Kelantan,1,416.2330905306972
3.0,2.0,751,"Security, Minimart, Parking, Playground",Desa Temenggung,Pembangunan Hasil Makmur Sdn Bhd,Leasehold,"Jalan Lebuhraya Pinggiran, Batu Caves, Selangor",2003.0,5,,Apartment,,High,Bumi Lot,180000,Selangor,4,239.6804260985353
3.0,2.0,650,,Palma Apartment (Bandar Country Homes),,Freehold,"Off Jalan Batu Arang, Bandar Country Homes, Rawang, Selangor",,,,Apartment,,Low,Non Bumi Lot,50000,Selangor,,76.92307692307692
3.0,2.0,1366,"Playground, Gymnasium, Security, Barbeque area, Club house, Minimart, Jogging Track, Parking, Swimming Pool",Greenview Residence,SHL Consolidated Berhad,Freehold,"Jalan Sungai Long 4/8, Bandar Baru Sungai Long, Kajang, Selangor",2006.0,20,480,Condominium,1,,Non Bumi Lot,370000,Selangor,9,270.86383601756955
3.0,2.0,1100,"Parking, Multipurpose hall, Barbeque area, Club house, Playground, Swimming Pool, Sauna",The Amarene @ Ideal Vision Park,Ideal Property Group,Freehold,"Ideal @ The One, 71, Jalan Mahsuri,, Bayan Lepas, Penang",2021.0,,410,Condominium,2,Low,Non Bumi Lot,640000,Penang,7,581.8181818181819
3.0,2.0,1200,"Barbeque area, Multipurpose hall, Club house, Parking, Playground, Swimming Pool, Sauna",The Amarene @ Ideal Vision Park,Ideal Property Group,Freehold,"Ideal @ The One, 71, Jalan Mahsuri,, Bayan Lepas, Penang",2021.0,,410,Condominium,2,High,Non Bumi Lot,680000,Penang,7,566.6666666666666
3.0,2.0,807,,Pangsapuri Sri Puteri,,Leasehold,"Ukay Perdana, Selangor, Ampang",,,,Apartment,,Low,Bumi Lot,230000,Ampang,,285.0061957868649
3.0,2.0,947,"Parking, Security, Lift, Swimming Pool, Playground, Gymnasium, Sauna, Barbeque area, Minimart, Multipurpose hall, Club house, Jogging Track, Tennis Court, Squash Court",Putrajaya » Putrajaya,,Freehold,"Putrajaya » Putrajaya, Putrajaya, Putrajaya",,,,Condominium,2,High,Bumi Lot,452000,Putrajaya,14,477.29672650475186
3.0,2.0,1155,"Parking, Security, Lift, Swimming Pool, Playground, Gymnasium, Sauna, Barbeque area, Multipurpose hall, Jogging Track",Novus,,Freehold,"Gerbang Bukit Kecil 2, Bayan Lepas, Penang",,,,Condominium,2,,Non Bumi Lot,720000,Penang,10,623.3766233766233
3.0,2.0,992,"Multipurpose hall, Swimming Pool, Security, Playground, Parking, Lift",Lagoon Perdana,Wonderful Insights Sdn Bhd,Leasehold,"Jalan PJS 9/1, Bandar Sunway, Petaling Jaya, Selangor",2021.0,,359,Apartment,1,High,Bumi Lot,220000,Selangor,6,221.7741935483871
3.0,2.0,882,"Parking, Security, Lift",Pangsapuri Widuri,,Freehold,"Lorong Widuri 1, Lorong Cempaka Off Jalan Raja Uda, Butterworth, Penang",,,,Apartment,1,Medium,Non Bumi Lot,230000,Penang,3,260.77097505668934
3.0,2.0,920,"Playground, Gymnasium, Barbeque area, Security, Minimart, Parking, Swimming Pool",Bayu Tasik 1,PPC Glomac Sdn. Bhd.,Leasehold,"Jalan Sri Permaisuri 5, Bandar Sri Permaisuri, Cheras, Kuala Lumpur",1999.0,15,690,Condominium,1,,Bumi Lot,340000,Kuala Lumpur,7,369.5652173913044
3.0,2.0,870,"Parking, Playground, Barbeque area, Security",Pangsapuri Subang Impian,,Leasehold,"Jalan Zuhal U5/177, Shah Alam, Selangor",,5,,Apartment,,High,Bumi Lot,235000,Selangor,4,270.11494252873564
3.0,2.0,1276,"Security, Swimming Pool, Gymnasium, Parking, Lift, Sauna, Barbeque area, Minimart, Multipurpose hall, Squash Court, Playground, Tennis Court, Jogging Track, Club house",YOU Vista @ YOU City Cheras,PJD Group,Freehold,"ou vista, Jalan Persiaran You City, Taman Suntex, Cheras, Selangor",2016.0,35,,Service Residence,2,Medium,Non Bumi Lot,530000,Selangor,14,415.3605015673981
1.0,1.0,533,"Swimming Pool, Parking, Security, Gymnasium, Sauna, Barbeque area, Lift, Minimart, Playground, Multipurpose hall, Club house",YOU Vista @ YOU City Cheras,PJD Group,Freehold,"ou vista, Jalan Persiaran You City, Taman Suntex, Cheras, Selangor",2016.0,35,,Service Residence,2,High,Non Bumi Lot,295000,Selangor,11,553.4709193245778
3.0,2.0,1276,"Parking, Gymnasium, Security, Swimming Pool, Lift, Sauna, Barbeque area, Minimart, Multipurpose hall, Playground",YOU Vista @ YOU City Cheras,PJD Group,Freehold,"ou vista, Jalan Persiaran You City, Taman Suntex, Cheras, Selangor",2016.0,35,,Service Residence,2,Medium,Non Bumi Lot,542888,Selangor,10,425.4608150470219
3.0,2.0,1130,,Bukit Pandan 2,Brisdale Resources,Freehold,"Jalan Perdana 1/91B, Pandan Perdana, Cheras, Kuala Lumpur",,24,384,Condominium,1,High,Non Bumi Lot,328000,Kuala Lumpur,,290.2654867256637
3.0,2.0,1212,"Minimart, Playground, Parking, Security, Multipurpose hall, Jogging Track, Lift",Green Suria Apartment,Suria Land Development Sdn Bhd,Freehold,"Jalan Suadmai 10/1, Off Taman Desa Baiduri, Cheras, Selangor",,,538,Apartment,2,Medium,Non Bumi Lot,350000,Selangor,7,288.7788778877888
3.0,2.0,557,"Gymnasium, Security, Playground, Parking, Lift, Swimming Pool, Minimart, Multipurpose hall",Ayuman Suites,TALENT TEAM SDN BHD,Freehold,"Jalan Gombak, Gombak, Selangor",2018.0,33,553,Service Residence,2,Low,Bumi Lot,340000,Selangor,8,610.4129263913824
3.0,2.0,1212,"Minimart, Parking, Playground, Security, Lift, Multipurpose hall, Jogging Track",Green Suria Apartment,Suria Land Development Sdn Bhd,Freehold,"Jalan Suadmai 10/1, Off Taman Desa Baiduri, Cheras, Selangor",,,538,Apartment,2,Medium,Non Bumi Lot,336000,Selangor,7,277.2277227722772
3.0,2.0,958,"Parking, Security, Lift, Swimming Pool, Playground, Gymnasium, Barbeque area, Minimart, Multipurpose hall, Jogging Track, Tennis Court",Perdana Exclusive Condo,MK Land Holdings,Leasehold,"Jalan PJU 8/1, Damansara Perdana, Selangor",2005.0,,1013,Condominium,1,High,Non Bumi Lot,550000,Selangor,11,574.1127348643006
3.0,2.0,1174,"Security, Swimming Pool, Sauna, Multipurpose hall, Minimart, Lift, Parking, Playground, Barbeque area, Gymnasium, Squash Court, Jogging Track, Tennis Court",Ehsan Ria,,Leasehold,"Jalan Bukit 11/2, Petaling Jaya, Selangor",2005.0,24,312,Apartment,1,Low,Bumi Lot,595000,Selangor,13,506.8143100511073
3.0,2.0,850,"Playground, Security, Swimming Pool, Parking, Lift",Serdang Villa Apartment,,Freehold,"Jalan Kasturi, Taman Bukit Serdang, Seri Kembangan, Selangor",,,,Apartment,1,Low,Non Bumi Lot,338000,Selangor,5,397.6470588235294
3.0,2.0,1034,"Parking, Security, Swimming Pool, Playground, Lift, Gymnasium, Barbeque area, Club house",Apartment Putra 1,Bangi Heights Development Sdn Bhd (UMLand Bhd),Freehold,"Bandar Seri Putra, Kajang, Selangor",,,505,Apartment,2,,Non Bumi Lot,425000,Selangor,8,411.02514506769825
4.0,1.0,732,Minimart,Bandar Baru Ampang,,Leasehold,"Bandar Baru Ampang, Ampang, Selangor",,,,Apartment,,,Non Bumi Lot,180000,Selangor,1,245.9016393442623
3.0,1.0,700,,Taman Sri Manja,Cheong Hin Holdings Sdn Bhd,Leasehold,"Jalan PJS 3/55, Petaling Jaya, Selangor",,,,Apartment,,Medium,Bumi Lot,185000,Selangor,,264.2857142857143
3.0,1.0,650,,Sandalwood Court,,Leasehold,"Pinggiran Lembah Hijau 8, Rawang, Selangor",,,,Flat,,Medium,Non Bumi Lot,85000,Selangor,,130.76923076923077
4.0,3.0,2524,,Pangsapuri Prima Perai,,Freehold,"Jalan Perai Utama 4, Penang, Perai",,,,Apartment,2,High,Non Bumi Lot,328000,Perai,,129.95245641838352
2.0,1.0,615,"Sauna, Minimart, Playground, Lift, Security, Gymnasium, Jogging Track, Squash Court, Swimming Pool, Multipurpose hall",Rhythm Avenue USJ19,Sanjung Utama Sdn Bhd,Freehold,"USJ 19, Subang Jaya, Selangor",2008.0,20,1036,Apartment,,Medium,Non Bumi Lot,255000,Selangor,10,414.6341463414634
3.0,2.0,916,"Parking, Minimart, Playground, Swimming Pool, Security, Gymnasium",Larkin Heights Apartment,Mahabuilders Berhad,Leasehold,"Jalan Dato Jaafar, Larkin, Johor Bahru, Johor",2016.0,22,328,Apartment,2,,Non Bumi Lot,378000,Johor,6,412.6637554585153
2.0,1.0,635,"Multipurpose hall, Swimming Pool, Gymnasium, Parking, Playground, Security, Lift, Minimart, Jogging Track",Gravit8,Mitraland Group,Freehold,"Kota Bayuemas, Klang South, Port Klang, Selangor",2018.0,,280,Service Residence,,High,Non Bumi Lot,380000,Selangor,9,598.4251968503937
2.0,1.0,660,,Beverly Hills 3,,Leasehold,"Jalan Bundusan, Kota Kinabalu, Sabah",,,,Apartment,1,Medium,Non Bumi Lot,270000,Sabah,,409.09090909090907
3.0,2.0,850,"Jogging Track, Barbeque area, Parking, Minimart, Swimming Pool, Security, Playground, Multipurpose hall, Club house, Gymnasium, Lift, Sauna",Vista Lavender,Talam Transform Berhad,Leasehold,"Persiaran Kinrara Seksyen 3, Bandar Kinrara, Puchong, Selangor",2000.0,12,,Apartment,1,Medium,Non Bumi Lot,225000,Selangor,12,264.70588235294116
2.0,2.0,700,"Security, Sauna, Swimming Pool, Jogging Track, Parking, Minimart",Taman Suria Shop Apartment,,Leasehold,"Jalan Penampang Lama, Kota Kinabalu, Sabah",,,,Apartment,,Low,Non Bumi Lot,250000,Sabah,6,357.14285714285717
3.0,2.0,650,"Security, Playground, Parking, Jogging Track, Lift, Minimart",I-Park Apartment,Ideal Property Group,Freehold,"Jalan Rajawali Off Jalan Dato Ismail Hashim, Sungai Ara, Penang",2014.0,,,Apartment,1,Low,Non Bumi Lot,213000,Penang,6,327.6923076923077
3.0,2.0,1294,"Jogging Track, Squash Court, Parking, Security, Lift, Swimming Pool, Playground, Gymnasium, Sauna, Barbeque area, Minimart, Multipurpose hall, Club house",Zen Residence,SENTRAL CITY (M) SDN BHD,Leasehold,"Jalan Puchong Batu 13/12, Puchong, Selangor",2011.0,21,286,Condominium,2,Medium,Non Bumi Lot,48000,Selangor,13,37.09428129829985
3.0,2.0,950,,The Pines Residence,,Leasehold,"Jalan Paya Mengkuang, Gelang Patah, Johor",,,,Apartment,,,Non Bumi Lot,268000,Johor,,282.10526315789474
3.0,2.0,947,"Parking, Gymnasium, Security, Lift, Swimming Pool, Playground",The Hamstead,,Leasehold,"Jalan 9/118B, Desa Tun Razak, Cheras, Kuala Lumpur",,,,Condominium,2,High,Non Bumi Lot,425000,Kuala Lumpur,6,448.7856388595565
2.0,2.0,1055,"Sauna, Gymnasium, Lift, Barbeque area, Multipurpose hall, Swimming Pool, Security, Parking, Playground",Atlantis Residences,Telandan Setia Sdn Bhd,Leasehold,"Jalan Kota Laksamana Off Jalan Syed Abdul Aziz, Melaka Tengah, Melaka",2017.0,40,1360,Service Residence,5,High,Non Bumi Lot,460000,Melaka,9,436.01895734597156
1.0,1.0,689,"Playground, Gymnasium, Barbeque area, Multipurpose hall, Parking, Swimming Pool, Lift, Security, Sauna, Jogging Track, Club house, Minimart, Squash Court",Atlantis Residences,Telandan Setia Sdn Bhd,Leasehold,"Jalan Kota Laksamana Off Jalan Syed Abdul Aziz, Melaka Tengah, Melaka",2017.0,40,1360,Service Residence,5,Medium,Non Bumi Lot,295000,Melaka,13,428.1567489114659
2.0,2.0,710,"Parking, Security, Lift, Swimming Pool, Playground, Gymnasium, Barbeque area, Club house, Jogging Track",Amber Cove,,Leasehold,"Lorong Hajah Maznah, Melaka City, Melaka",,,,Service Residence,,High,Non Bumi Lot,460000,Melaka,9,647.887323943662
3.0,2.0,1088,"Playground, Swimming Pool, Gymnasium, Sauna",Parkland Residence @ Sungai Melaka,Parkland Group,Freehold,"Jalan Tun Perak, Bukit Baru, Melaka",2020.0,,809,Service Residence,2,Medium,Non Bumi Lot,568000,Melaka,4,522.0588235294117
3.0,2.0,1088,"Gymnasium, Playground, Sauna, Swimming Pool",Parkland Residence @ Sungai Melaka,Parkland Group,Freehold,"Jalan Tun Perak, Bukit Baru, Melaka",2020.0,,809,Service Residence,,Medium,Non Bumi Lot,500000,Melaka,4,459.55882352941177
3.0,2.0,1050,"Security, Swimming Pool, Parking, Gymnasium, Playground",Nu Ryegates,,Leasehold,"Jalan Lapangan Terbang, Kuching, Kuching, Sarawak",,,,Apartment,2,Medium,Non Bumi Lot,620000,Sarawak,5,590.4761904761905
3.0,2.0,753,"Lift, Security, Playground, Parking",Simfoni @ Eco Majestic,,Freehold,"Jalan Eco Majestic 3A/5, Semenyih, Selangor",,,,Apartment,1,Medium,Non Bumi Lot,215000,Selangor,4,285.5245683930943
2.0,1.0,1101,,Synergy Square,,Leasehold,"Jalan Matang, Kuching, Sarawak",,,,Apartment,,Medium,Non Bumi Lot,148000,Sarawak,,134.42325158946412
3.0,2.0,958,"Parking, Security, Lift, Swimming Pool, Playground, Gymnasium, Sauna, Barbeque area, Minimart, Multipurpose hall, Club house, Jogging Track, Tennis Court, Squash Court",Wave Marina Cove (Pangsapuri Tepian Bayu),IOI Properties Group Berhad,Freehold,"Plentong, Johor Bahru, Johor",,,,Service Residence,,,Non Bumi Lot,460000,Johor,14,480.1670146137787
3.0,2.0,720,"Parking, Swimming Pool, Jogging Track, Sauna, Security, Minimart, Lift, Playground, Barbeque area",Aman Putra Apartment,,Leasehold,"Off Taman Aman Putra, Kepong, Kuala Lumpur",,9,900,Apartment,,High,Bumi Lot,180000,Kuala Lumpur,9,250.0
3.0,1.0,750,,Bertam Malim,,Freehold,"Jalan Bertam Malim, Bertam Malim, Melaka",,,,Apartment,,,Non Bumi Lot,90000,Melaka,,120.0
2.0,2.0,904,"Parking, Security, Lift, Swimming Pool, Playground, Barbeque area, Tennis Court",Cocobay Resort Condominium,Rumpun Jadi Sdn Bhd,Freehold,"Off Jalan Pantai, Port Dickson, Negeri Sembilan",,8,,Condominium,1,Low,Non Bumi Lot,140000,Negeri Sembilan,7,154.86725663716814
3.0,2.0,750,,Mentari Court,Mentari Group,Leasehold,"Jalan PJS8/9, Petaling Jaya, Selangor",2006.0,18,200,Apartment,1,,Bumi Lot,265000,Selangor,,353.3333333333333
3.0,2.0,929,"Parking, Playground, Multipurpose hall, Lift, Security, Swimming Pool, Gymnasium, Jogging Track, Barbeque area, Minimart",Kiara Court,,Freehold,"Jalan Nilam 3, Nilai, Negeri Sembilan",,,,Apartment,2,Low,Non Bumi Lot,315000,Negeri Sembilan,10,339.0742734122713
3.0,2.0,819,"Lift, Barbeque area, Parking, Security, Playground, Swimming Pool, Gymnasium",Majestic Maxim,Maxim Holdings,Leasehold,"Jalan 9/142, Taman Connaught, Cheras, Kuala Lumpur",2021.0,44,2136,Service Residence,1,,Non Bumi Lot,428000,Kuala Lumpur,7,522.5885225885226
3.0,2.0,830,"Minimart, Parking, Security, Playground, Swimming Pool",Vista Impiana,LBS Bina Group Berhad,Leasehold,"Jalan Bukit Serdang 10/2, Taman Bukit Serdang, Seri Kembangan, Selangor",2004.0,21,,Condominium,1,Medium,Non Bumi Lot,209999,Selangor,5,253.01084337349397
4.0,2.0,1260,"Playground, Barbeque area, Parking, Swimming Pool, Security",Excelsa Apartment,SHL Consolidated Bhd,Freehold,"Jalan Indah 1/9, Taman Universiti Indah, Seri Kembangan, Selangor",,5,,Apartment,1,Medium,Non Bumi Lot,249999,Selangor,5,198.41190476190476
4.0,2.0,920,"Playground, Parking",Sri Astana,,Freehold,"Jalan Sungai Tua, Kampung Dato Haji Abdul Karim, Batu Caves, Selangor",,10,372,Apartment,1,Medium,Bumi Lot,325000,Selangor,2,353.2608695652174
2.0,2.0,900,"Swimming Pool, Barbeque area, Security, Parking, Club house, Lift, Gymnasium, Sauna, Playground, Multipurpose hall, Jogging Track, Squash Court",One Sulaman,,Leasehold,"Jalan Sulaman, Kota Kinabalu, Sabah, Kota Kinabalu, Sabah",,,109,Condominium,1,High,Non Bumi Lot,369000,Sabah,12,410.0
3.0,2.0,990,"Parking, Security, Lift, Swimming Pool, Playground, Gymnasium, Sauna, Barbeque area, Minimart, Multipurpose hall, Club house, Jogging Track, Tennis Court, Squash Court",Kasturi (Johor Bahru),,Leasehold,"Jalan Dato' Onn Utama, Johor Bahru, Johor",,,,Apartment,1,Low,Bumi Lot,290000,Johor,14,292.92929292929296
1.0,1.0,680,"Parking, Security, Lift, Swimming Pool, Playground, Gymnasium, Sauna, Barbeque area, Minimart, Multipurpose hall, Club house, Jogging Track, Tennis Court, Squash Court",Pandan Residence 2,,Freehold,"Jalan Pandan Ria 7, Tebrau, Johor",,,,Service Residence,1,Medium,Non Bumi Lot,259000,Johor,14,380.88235294117646
4.0,3.0,1661,"Tennis Court, Squash Court, Swimming Pool, Gymnasium, Playground, Security, Lift",Kiara 9,Kina-Bijak Sdn Bhd,Freehold,"No. 22, Jalan Kiara 3, Mont Kiara, Kuala Lumpur",2011.0,41,192,Condominium,2,Medium,Non Bumi Lot,1150000,Kuala Lumpur,7,692.3540036122818
3.0,2.0,1050,,Prima Regency Service Apartment,,Freehold,"Jalan Masai Baru, Plentong, Johor Bahru, Johor",,4,,Service Residence,1,Medium,Non Bumi Lot,335000,Johor,,319.04761904761904
3.0,2.0,1100,"Parking, Security, Lift, Swimming Pool, Playground",Perdana Villa (Klang),,Freehold,"Jalan Temenggung 37, Taman Sentosa Perdana, Klang, Selangor",,9,,Apartment,1,Medium,Non Bumi Lot,280000,Selangor,5,254.54545454545453
3.0,2.0,926,,Seri Baiduri (Setia Alam),S P Setia Bhd,Leasehold,"Off Persiaran Setia Prima, Setia Alam, Selangor",,,,Apartment,,Low,Non Bumi Lot,340000,Selangor,,367.170626349892
3.0,2.0,842,"Playground, Multipurpose hall, Security, Minimart, Swimming Pool, Parking, Gymnasium, Lift",Sentrovue,villa avenue housing development sdn bhd,Leasehold,"Bandar Puncak Alam,, Puncak Alam, Selangor",2018.0,19,408,Service Residence,1,Medium,Bumi Lot,270000,Selangor,8,320.6650831353919
4.0,3.0,1238,"Jogging Track, Lift, Multipurpose hall, Club house, Parking, Playground, Barbeque area, Security, Swimming Pool, Gymnasium, Sauna",D'Summit Residences,Wealthy Growth Sdn Bhd (IOI Properties),Freehold,"Jalan Kempas Utama 2/6, Taman Kempas Utama, Johor Bahru, Johor",2018.0,35,849,Service Residence,2,Medium,Bumi Lot,381000,Johor,11,307.75444264943457
3.0,2.0,998,"Security, Playground, Jogging Track, Parking, Swimming Pool, Minimart, Multipurpose hall, Lift, Gymnasium",De Rozelle,Perbadanan Kemajuan Negeri Selangor (PKNS),Leasehold,"Jalan Merbah 10/1, Seksyen 10, Kota Damansara, Selangor",2005.0,8,400,Condominium,,Medium,Bumi Lot,390000,Selangor,9,390.7815631262525
3.0,2.0,945,"Parking, Security, Swimming Pool, Playground",Bukit Mas Apartment,,Leasehold,"Jalan Kolam Air, Taman Desa Melawati, Taman Melawati, Kuala Lumpur",,5,,Apartment,,Low,Bumi Lot,250000,Kuala Lumpur,4,264.55026455026456
3.0,2.0,1128,"Security, Lift, Parking",Kenangan View,,Freehold,"Jalan Bukit Kenangan, Taman Bukit Kenangan, Kajang, Selangor",,8,,Apartment,1,Medium,Non Bumi Lot,275000,Selangor,3,243.79432624113474
3.0,2.0,960,"Parking, Security, Lift, Swimming Pool, Playground, Gymnasium",Vista Bayu (Klang),,Freehold,"Jalan Batu Unjur 9 Taman Bayu Perdana Klang, Klang, Selangor",,8,,Condominium,1,Low,Non Bumi Lot,309000,Selangor,6,321.875
3.0,2.0,990,"Parking, Security, Lift, Swimming Pool, Playground, Gymnasium, Sauna, Barbeque area, Minimart, Multipurpose hall, Club house, Jogging Track, Tennis Court, Squash Court",Bayu Puteri 2,Iskandar Waterfront City Bhd,Leasehold,"Taman Bayu Puteri, Johor Bahru, Johor",2007.0,14,454,Condominium,,Medium,Non Bumi Lot,250000,Johor,14,252.5252525252525
3.0,2.0,1012,"Playground, Swimming Pool, Minimart, Gymnasium, Barbeque area, Sauna, Security, Parking, Lift, Multipurpose hall",Amara Service Residences,Jaya Megah Development Sdn Bhd,Freehold,"Jalan Raintree Utama, Batu Caves, Selangor",2014.0,23,744,Service Residence,2,Medium,Non Bumi Lot,320000,Selangor,10,316.20553359683794
2.0,2.0,527,,Taman Kosas Flat (Jalan Kosas 3),Metroplex Project Management,Leasehold,"Off Jalan Kosas Utama, Taman Kosas, Ampang, Selangor",,,,Flat,,High,Bumi Lot,135000,Selangor,,256.16698292220116
3.0,2.0,720,"Parking, Playground",Apartment Dewi,,Leasehold,"Jalan Astana 13/1, Puncak Alam, Selangor",,,,Apartment,1,High,Bumi Lot,160000,Selangor,2,222.22222222222223
3.0,2.0,753,"Jogging Track, Gymnasium, Minimart, Swimming Pool, Parking, Security",Putra Suria Residence,Amber Resource,Leasehold,"Jalan Jelawat 2, Cheras, Kuala Lumpur",,,,Condominium,1,Low,Bumi Lot,300000,Kuala Lumpur,6,398.40637450199205
3.0,2.0,650,"Lift, Swimming Pool, Parking, Security, Minimart",Taman Sri Tanjung (Semenyih) Flat,,Leasehold,"Off Jalan Sungai Lalang,Taman Sri Tanjung, Semenyih, Selangor",,5,,Flat,1,High,Bumi Lot,110000,Selangor,5,169.23076923076923
3.0,2.0,1450,"Parking, Security, Swimming Pool, Sauna",Kyoto Gardens Condominium,,Freehold,"Persiaran Bukit Jaya, Bukit Antarabangsa, Ampang, Selangor",1987.0,15,200,Condominium,1,High,Non Bumi Lot,380000,Selangor,4,262.0689655172414
3.0,2.0,850,"Security, Parking, Lift",Villamas (Klang),Villamas Sdn Bhd,Freehold,"Jalan Muhibbah KU3, Klang, Selangor",,,,Apartment,1,Low,Bumi Lot,210000,Selangor,3,247.05882352941177
3.0,2.0,991,"Playground, Barbeque area, Minimart, Gymnasium, Club house, Parking, Security, Swimming Pool, Lift",Banjaria Court,Perbadanan Kemajuan Negeri Selangor (PKNS),Leasehold,"Jalan Samudera Timur 1, Taman Samudra, Batu Caves, Selangor",2010.0,,704,Condominium,1,Low,Bumi Lot,340000,Selangor,9,343.087790110999
3.0,2.0,900,"Parking, Security, Lift, Swimming Pool, Playground, Gymnasium, Barbeque area, Minimart, Multipurpose hall, Club house, Jogging Track, Tennis Court, Squash Court",Cyberjaya Residence,,Freehold,"Cyber 10, Selangor, Cyberjaya",,,,Apartment,2,,Non Bumi Lot,345000,Cyberjaya,13,383.3333333333333
3.0,2.0,1173,"Parking, Security, Swimming Pool, Playground, Minimart, Lift",Sri Mahligai,,Leasehold,"Jalan Tengku Ampuan Rahimah 9/20, Section 9, 40100, Shah Alam, Selangor",,15,,Condominium,,Low,Bumi Lot,355000,Selangor,6,302.64279624893436
3.0,2.0,750,"Parking, Security, Jogging Track, Playground, Multipurpose hall, Minimart",Pangsapuri Seri Bintang,,Leasehold,"Seksyen U5, Shah Alam, Selangor",,,,Apartment,,Low,Bumi Lot,265000,Selangor,6,353.3333333333333
3.0,2.0,753,"Playground, Parking",Apartment Indah Damansara Damai,,Leasehold,"Apartment Indah, Jalan PJU 10/1c, Damansara Damai, 47830 Petaling Jaya, Selangor, Selangor, Damansara Damai",,,,Flat,,Medium,Non Bumi Lot,180000,Damansara Damai,2,239.0438247011952
4.0,3.0,1547,"Parking, Security, Playground, Swimming Pool, Barbeque area",Sri Bayu (Subang Jaya),,Freehold,"Jalan USJ 11/7, Subang Jaya, Selangor",,14,,Condominium,,Low,Non Bumi Lot,710000,Selangor,5,458.9528118939884
3.0,2.0,1200,"Security, Swimming Pool, Lift, Playground, Parking",Pelita Indah Condominium,Symphony Life Berhad,Freehold,"Jalan Pelita, Johor Bahru, Johor",,,,Condominium,1,High,Non Bumi Lot,380000,Johor,5,316.6666666666667
4.0,2.0,1001,,Lily & Jasmine,,Leasehold,"Taman Tampoi Indah, Johor Bahru, Johor",,4,,Apartment,1,Low,Non Bumi Lot,250000,Johor,,249.75024975024974
3.0,2.0,850,Security,Sri Intan (Bandar Seri Alam),S P Setia Berhad,Freehold,"Jalan Tasek, Bandar Seri Alam, Pasir Gudang, Johor",2014.0,4,348,Flat,1,Medium,Non Bumi Lot,155000,Johor,1,182.35294117647058
3.0,2.0,700,,Flat Temenggong,,Freehold,"Persiaran Indrapura 4, Kulai, Johor",,,,Flat,1,High,Non Bumi Lot,79000,Johor,,112.85714285714286
3.0,2.0,1431,"Sauna, Security, Parking, Swimming Pool, Lift, Playground, Minimart, Barbeque area, Gymnasium, Multipurpose hall, Tennis Court",Kyoto Gardens Condominium,,Freehold,"Persiaran Bukit Jaya, Bukit Antarabangsa, Ampang, Selangor",1987.0,15,200,Condominium,1,,Non Bumi Lot,360000,Selangor,11,251.57232704402514
3.0,2.0,850,"Security, Barbeque area, Minimart, Tennis Court, Parking, Jogging Track, Playground, Swimming Pool, Gymnasium",Oakleaf Park,OSK Property Holdings Berhad,Leasehold,"Persiaran Bukit Jaya, Taman Bukit Jaya, Ampang, Selangor",2000.0,8,,Condominium,1,High,Bumi Lot,260000,Selangor,9,305.88235294117646
3.0,2.0,667,"Parking, Lift, Playground, Minimart",Pangsapuri Damai @ Tropicana,,Leasehold,"Jalan Tropicana Selatan, Selangor, Petaling Jaya",,,,Apartment,,Medium,Bumi Lot,175000,Petaling Jaya,4,262.3688155922039
3.0,3.0,1711,"Parking, Security, Playground, Gymnasium, Squash Court, Lift, Minimart, Tennis Court, Swimming Pool, Sauna, Multipurpose hall",The Boulevard (Subang),EMKO Properties,Leasehold,"Persiaran Wangsa Baiduri 12/1, Subang Jaya, Selangor",2007.0,30,384,Condominium,2,High,Non Bumi Lot,715000,Selangor,11,417.8842781998831
3.0,2.0,1003,"Security, Parking, Playground, Swimming Pool, Lift",Kristal Heights (Shah Alam),Perbadanan Kemajuan Negeri Selangor (PKNS),Leasehold,"Jalan Kristal Tujuh 7/70G, Shah Alam, Selangor",2006.0,15,,Condominium,,Medium,Bumi Lot,410000,Selangor,5,408.7736789631107
3.0,3.0,1300,"Gymnasium, Barbeque area, Parking, Swimming Pool, Minimart, Playground, Tennis Court, Security, Sauna, Multipurpose hall, Lift",D'Piazza Condominium,X-Scan Penang Sdn Bhd,Freehold,"Jalan Mayang Pasir 2, Bayan Baru, Penang",2010.0,19,706,Condominium,1,Medium,Non Bumi Lot,470000,Penang,11,361.53846153846155
3.0,2.0,1210,"Parking, Security, Lift, Playground, Swimming Pool, Gymnasium, Barbeque area, Minimart, Jogging Track",V-Residensi,Avaland Berhad,Leasehold,"Jalan SH 2, Selayang Heights, Selayang, Selangor",2016.0,21,482,Condominium,2,Medium,Non Bumi Lot,390000,Selangor,9,322.31404958677683
3.0,2.0,910,"Parking, Security",Sri Manja Square Petaling Jaya,,Leasehold,"Jalan PJS 3/46, Petaling Jaya, Selangor",,,,Apartment,,High,Bumi Lot,260000,Selangor,2,285.7142857142857
3.0,2.0,750,"Parking, Multipurpose hall, Jogging Track, Tennis Court, Barbeque area, Playground, Minimart",Flat PKNS Seksyen 7 Shah Alam,Perbadanan Kemajuan Negeri Selangor (PKNS),Leasehold,"Jalan Plumbum, Section 7, Shah Alam, Selangor",,5,,Flat,,Medium,Bumi Lot,213000,Selangor,7,284.0
3.0,2.0,753,"Parking, Lift, Security",Angsana Apartment (Cheras),,Freehold,"Jalan Penggawa, 43200 Bandar Mahkota Cheras,, Cheras, Selangor",,,,Apartment,,High,Non Bumi Lot,240000,Selangor,3,318.7250996015936
3.0,2.0,1054,"Club house, Sauna, Playground, Minimart, Jogging Track, Multipurpose hall, Parking, Security, Barbeque area, Swimming Pool, Gymnasium, Lift",Tiara ParkHomes,Kueen Lai Villa,Freehold,"Jalan Bukit Ria, Off Jalan Bukit Mewah 41, Kajang, Selangor",2013.0,,300,Condominium,2,Medium,Non Bumi Lot,295000,Selangor,12,279.8861480075901
2.0,2.0,1411,"Security, Barbeque area, Playground, Swimming Pool, Squash Court, Gymnasium, Sauna, Lift, Parking",6 CapSquare,Bandar Raya Development Sdn Bhd,Freehold,"Persiaran Capsquare, Capital Square, Ampang, Kuala Lumpur",2013.0,27,176,Condominium,1,Medium,Non Bumi Lot,888000,Kuala Lumpur,9,629.3408929836995
3.0,2.0,856,"Parking, Playground, Tennis Court, Barbeque area, Security, Jogging Track, Lift, Swimming Pool, Multipurpose hall",Sri Pelangi Apartment,,Leasehold,"No. 1 Jalan Bumi U5/137, Seksyen U5, Shah Alam, Selangor",,5,,Apartment,1,Medium,Bumi Lot,265000,Selangor,9,309.57943925233644
3.0,2.0,700,Parking,Pusat Bandar Puchong,,Leasehold,"Pusat Bandar Puchong, Puchong, Selangor",,,,Apartment,,Medium,Bumi Lot,190000,Selangor,1,271.42857142857144
3.0,2.0,912,Security,Vista Seri Alam,,Freehold,"Persiaran Seri Alam, Bandar Seri Alam, Pasir Gudang, Johor",2004.0,38,1112,Apartment,1,Low,Non Bumi Lot,258000,Johor,1,282.89473684210526
3.0,2.0,842,"Parking, Playground, Gymnasium, Security, Minimart, Multipurpose hall, Swimming Pool",Sentrovue,villa avenue housing development sdn bhd,Leasehold,"Bandar Puncak Alam,, Puncak Alam, Selangor",2018.0,19,408,Service Residence,,High,Bumi Lot,249000,Selangor,7,295.72446555819477
3.0,2.0,791,"Parking, Security, Playground, Tennis Court",Teratai Apartment @ Taman Sutera,Modal Ehsan Sdn Bhd,Freehold,"Taman Sutera, Off Jalan Cheras Prima 1, Kajang, Selangor",,,,Apartment,1,High,Bumi Lot,220000,Selangor,4,278.1289506953224
2.0,2.0,1055,"Security, Multipurpose hall, Parking, Gymnasium, Swimming Pool, Sauna, Playground, Lift, Barbeque area",Atlantis Residences,Telandan Setia Sdn Bhd,Leasehold,"Jalan Kota Laksamana Off Jalan Syed Abdul Aziz, Melaka Tengah, Melaka",2017.0,40,1360,Service Residence,,High,Non Bumi Lot,500000,Melaka,9,473.93364928909955
3.0,2.0,778,"Parking, Security, Lift, Playground, Multipurpose hall, Minimart",Pangsapuri Subang Suria,Agmal Development Sdn Bhd,Leasehold,"Jalan Bintang U5/33, Shah Alam, Selangor",2005.0,7,1274,Apartment,1,Medium,Bumi Lot,205000,Selangor,6,263.4961439588689
3.0,2.0,1023,,Permas Ville Apartments,,Freehold,"Jalan Permas 3, Bandar Permas Jaya, Johor Bahru, Johor",,,,Apartment,1,Low,Non Bumi Lot,358000,Johor,,349.9511241446725
3.0,2.0,950,"Parking, Security, Swimming Pool, Club house, Barbeque area, Minimart, Playground, Gymnasium, Lift",Putri Ria,,Freehold,"Jalan Bayan 45, Pasir Gudang, Johor",,,,Condominium,1,Low,Non Bumi Lot,250000,Johor,9,263.1578947368421
3.0,2.0,750,"Parking, Security, Jogging Track, Playground, Multipurpose hall",Pangsapuri Seri Bintang,,Leasehold,"Seksyen U5, Shah Alam, Selangor",,,,Apartment,1,Medium,Bumi Lot,255000,Selangor,5,340.0
2.0,1.0,410,Parking,Beverly Hills 1,,Leasehold,"Jalan Bundusan, Kota Kinabalu, Sabah",,,,Apartment,1,Low,Non Bumi Lot,230000,Sabah,1,560.9756097560976
3.0,2.0,818,"Swimming Pool, Tennis Court, Club house, Gymnasium, Security, Playground, Barbeque area",Idaman Senibong Apartment,,Leasehold,"Jalan Persiaran Senibong, Masai, Johor",,11,708,Apartment,1,Medium,Non Bumi Lot,220000,Johor,7,268.9486552567237
3.0,2.0,1001,,Lily & Jasmine,,Leasehold,"Taman Tampoi Indah, Johor Bahru, Johor",,4,,Apartment,1,High,Non Bumi Lot,210000,Johor,,209.7902097902098
3.0,2.0,947,"Security, Parking, Lift, Swimming Pool",The Aliff Residences,MB Group,Leasehold,"Jalan Tampoi,, Johor Bahru, Johor",,,,Service Residence,,Medium,Non Bumi Lot,350000,Johor,4,369.5881731784583
2.0,1.0,560,,Luxury Studio at Puchong South,,Freehold,"Jalan Meranti Perma, Taman Meranti Permai,, Selangor, Puchong",,,,Studio,1,Medium,Non Bumi Lot,250000,Puchong,,446.42857142857144
3.0,1.0,650,"Parking, Lift",Cempaka Mawar,,Leasehold,"Persiaran Bukit Raja, Kapar, Selangor",,,,Flat,1,Medium,Non Bumi Lot,135000,Selangor,2,207.69230769230768
2.0,1.0,624,,Taman Desa Ilmu,,Leasehold,"Jln Desa Ilmu, Kota Samarahan, Sarawak",,,,Apartment,,,Non Bumi Lot,125000,Sarawak,,200.32051282051282
2.0,2.0,841,"Security, Barbeque area",Stutong Heights Apartment 2,Ibraco Berhad,Freehold,"Lorong 28, Jln Stampin Baru, Kampung Stutong Baru, Kuching, Sarawak",,4,99,Apartment,1,,Non Bumi Lot,340000,Sarawak,2,404.2806183115339
2.0,2.0,841,"Barbeque area, Security",Stutong Heights Apartment 2,Ibraco Berhad,Freehold,"Lorong 28, Jln Stampin Baru, Kampung Stutong Baru, Kuching, Sarawak",,4,99,Apartment,1,,Non Bumi Lot,350000,Sarawak,2,416.1712247324614
2.0,1.0,624,,Taman Desa Ilmu,,Leasehold,"Jln Desa Ilmu, Kota Samarahan, Sarawak",,,,Apartment,,,Non Bumi Lot,138000,Sarawak,,221.15384615384616
2.0,2.0,921,,Stutong Heights Apartment 1,Ibraco Berhad,Leasehold,"Lorong 12, Jalan Stampin Baru, 93350 Kuching, Kuching, Sarawak",,,,Apartment,1,,Non Bumi Lot,390000,Sarawak,,423.4527687296417
2.0,2.0,640,"Parking, Security, Lift",Stutong Heights Apartment 1,Ibraco Berhad,Leasehold,"Lorong 12, Jalan Stampin Baru, 93350 Kuching, Kuching, Sarawak",,,,Apartment,1,,Bumi Lot,290000,Sarawak,3,453.125
3.0,2.0,1475,"Parking, Security, Lift, Swimming Pool, Playground, Gymnasium, Barbeque area, Club house",Vermont Suites,,Leasehold,"Kampung Stampin,, Kuching, Sarawak",,,,Condominium,2,,Non Bumi Lot,700000,Sarawak,8,474.5762711864407
2.0,2.0,1077,"Swimming Pool, Gymnasium, Parking, Minimart, Tennis Court, Lift, Sauna, Security, Playground, Squash Court",The Echelon,,Leasehold,"Lorong Lapangan Terbang 5, Kuching, Sarawak",,8,89,Apartment,2,,Non Bumi Lot,580000,Sarawak,10,538.5329619312906
2.0,2.0,1077,"Swimming Pool, Sauna, Playground, Gymnasium, Lift, Security, Minimart, Tennis Court, Squash Court, Parking",The Echelon,,Leasehold,"Lorong Lapangan Terbang 5, Kuching, Sarawak",,8,89,Apartment,2,,Non Bumi Lot,600000,Sarawak,10,557.1030640668523
2.0,2.0,948,"Parking, Security, Lift, Swimming Pool, Gymnasium",Rivervale Condominium,CMS Property Development Sdn Bhd,Leasehold,"Lor Stutong 11, Stutong, Kuching, Sarawak",,,,Condominium,1,,Non Bumi Lot,688000,Sarawak,5,725.7383966244726
3.0,2.0,1316,"Swimming Pool, Parking, Tennis Court, Security, Playground, Jogging Track",Eden Heights,,Leasehold,"Lorong Lapangan Terbang 4A, Green Heights, 93250 Kuching, Sarawak, Kuching, Sarawak",,,,Condominium,1,,Non Bumi Lot,380000,Sarawak,6,288.7537993920973
3.0,2.0,1085,"Parking, Security",Lee Ling Villa,,Leasehold,"Jalan Matang, Kuching, Sarawak",,,,Apartment,1,,Non Bumi Lot,220000,Sarawak,2,202.76497695852535
2.0,1.0,660,,Yoshi Square Commercial Centre,,Leasehold,"Jalan Pelabuhan Yoshi Square Yoshi Square,, Kuching, Sarawak",,,,Apartment,1,,Non Bumi Lot,168000,Sarawak,,254.54545454545453
3.0,2.0,818,,MJC Courtyard Sanctuary,,Leasehold,"Jalan Bandar Batu Kawa, Kuching, Sarawak",,,,Apartment,1,,Non Bumi Lot,275000,Sarawak,,336.18581907090464
3.0,2.0,802,,MJC Courtyard Sanctuary,,Leasehold,"Jalan Bandar Batu Kawa, Kuching, Sarawak",,,,Apartment,1,,Non Bumi Lot,325000,Sarawak,,405.2369077306733
3.0,2.0,806,,MJC Courtyard Sanctuary,,Leasehold,"Jalan Bandar Batu Kawa, Kuching, Sarawak",,,,Apartment,1,,Non Bumi Lot,300000,Sarawak,,372.20843672456573
3.0,3.0,1087,"Sauna, Barbeque area, Security, Playground, Jogging Track, Multipurpose hall",Liberty Grove,Elica Sdn Bhd,Leasehold,"12, Lor 2A, Taman Chuon Kiaw, Kuching, Sarawak",,12,200,Apartment,2,,Non Bumi Lot,550000,Sarawak,6,505.9797608095676
3.0,2.0,929,,Lee Ling Villa,,Leasehold,"Jalan Matang, Kuching, Sarawak",,,,Apartment,1,,Non Bumi Lot,188000,Sarawak,,202.3681377825619
3.0,2.0,1300,"Gymnasium, Security, Lift, Parking, Minimart",Urbaneeze Apartment,,Leasehold,"Jalan Ketek, Kuching, Sarawak",,4,,Apartment,2,Medium,Non Bumi Lot,540000,Sarawak,5,415.38461538461536
3.0,2.0,1399,Security,Green Heights Villa,,Leasehold,"Lorong Lapangan Terbang 4A, Green Heights, Sarawak, Kuching",,,,Apartment,1,Low,Non Bumi Lot,480000,Kuching,1,343.10221586847746
2.0,1.0,450,,Malihah,,Leasehold,"Lor 7, Taman Malihah, Kuching, Sarawak",,,,Flat,,,Non Bumi Lot,78000,Sarawak,,173.33333333333334
3.0,2.0,806,,MJC Courtyard Sanctuary,,Leasehold,"Jalan Bandar Batu Kawa, Kuching, Sarawak",,,,Apartment,1,,Non Bumi Lot,280000,Sarawak,,347.394540942928
3.0,2.0,657,"Parking, Lift, Playground, Minimart, Jogging Track",Permai Court 1,,Leasehold,"Jalan 16A, Ampang, Selangor",,,,Flat,1,High,Bumi Lot,220000,Selangor,5,334.85540334855403
3.0,2.0,1680,Security,Tabuan Stutong Apartment,Usaha Cendara Sdn Bhd,Leasehold,"Stutong, Kuching, Kuching, Sarawak",,,,Apartment,1,,Non Bumi Lot,430000,Sarawak,1,255.95238095238096
3.0,2.0,700,,Taman Indah Jaya,,Leasehold,"Jalan Greenwood, Kuching, Sarawak",,,,Apartment,,,Non Bumi Lot,188000,Sarawak,,268.57142857142856
4.0,3.0,1257,"Sauna, Barbeque area, Security, Playground, Jogging Track, Multipurpose hall, Lift, Parking, Swimming Pool, Gymnasium, Minimart, Club house",Liberty Grove,Elica Sdn Bhd,Leasehold,"12, Lor 2A, Taman Chuon Kiaw, Kuching, Sarawak",,12,200,Apartment,2,,Non Bumi Lot,600000,Sarawak,12,477.326968973747
3.0,2.0,806,,MJC Courtyard Sanctuary,,Leasehold,"Jalan Bandar Batu Kawa, Kuching, Sarawak",,,,Apartment,1,,Non Bumi Lot,270000,Sarawak,,334.98759305210916
2.0,1.0,1226,,HK Square,Libing Sdn Bhd,Leasehold,"Jalan Stapok Utama, Kuching, Sarawak",,,,Service Residence,1,Medium,Non Bumi Lot,390000,Sarawak,,318.10766721044047
2.0,1.0,660,,Yoshi Square Commercial Centre,,Leasehold,"Jalan Pelabuhan Yoshi Square Yoshi Square,, Kuching, Sarawak",,,,Apartment,1,,Non Bumi Lot,158000,Sarawak,,239.3939393939394
3.0,3.0,2400,"Swimming Pool, Gymnasium, Parking, Sauna, Squash Court, Barbeque area, Tennis Court, Security",Diamond Villa,,Freehold,"No. 501, Jalan Tanjung Bungah, Tanjung Bungah, Penang",1994.0,26,156,Condominium,2,High,Non Bumi Lot,950000,Penang,8,395.8333333333333
3.0,2.0,1195,"Parking, Security, Lift, Playground, Minimart, Jogging Track, Squash Court",Sri Suajaya Condominiums,,Freehold,"Jalan Kampung Bandar Dalam, Sentul, Kuala Lumpur",1996.0,18,500,Condominium,1,Medium,Non Bumi Lot,365000,Kuala Lumpur,7,305.43933054393307
3.0,2.0,909,"Jogging Track, Swimming Pool, Playground, Parking, Security, Minimart, Lift, Gymnasium",Warisan City View,Brunsfield International Group,Leasehold,"Jalan 3/93A, Batu 2 ½, Jalan Cheras, Cheras, Kuala Lumpur",2005.0,17,1128,Condominium,1,Medium,Bumi Lot,330000,Kuala Lumpur,8,363.036303630363
3.0,2.0,1288,,Gardenia Court (Kuching),,Leasehold,"Jalan Tabuan Dayak, Kuching, Sarawak",,,,Apartment,1,,Non Bumi Lot,350000,Sarawak,,271.7391304347826
3.0,2.0,830,"Playground, Swimming Pool, Parking, Security, Minimart, Lift",The Lumayan Apartment,Danau Lumayan Sdn Bhd,Leasehold,"Jalan Tasik Permaisuri 2, Cheras, Kuala Lumpur",,,,Apartment,1,High,Bumi Lot,330000,Kuala Lumpur,6,397.5903614457831
2.0,1.0,530,"Parking, Playground, Minimart",Seksyen 10 Wangsa Maju,,Leasehold,"Seksyen 10, Wangsa Maju, Kuala Lumpur",,,,Flat,1,High,Bumi Lot,185000,Kuala Lumpur,3,349.0566037735849
3.0,2.0,850,"Parking, Security, Lift, Playground, Minimart",Desa Mas (Rawang),,Leasehold,"Jalan Dm 1, Tmn Desamas, Rawang, Selangor",,,,Apartment,1,Low,Bumi Lot,240000,Selangor,5,282.3529411764706
3.0,2.0,1646,"Security, Sauna, Swimming Pool, Barbeque area, Playground, Gymnasium, Multipurpose hall",Grace Residence,Nova Mulia Development Sdn Bhd,Freehold,"Jalan Jelutong, Off Tun Dr. Lim Chong Eu Hwy, Jelutong, Penang",2018.0,44,378,Condominium,2,High,Non Bumi Lot,1100000,Penang,7,668.2867557715674
3.0,2.0,1288,,Gardenia Court (Kuching),,Leasehold,"Jalan Tabuan Dayak, Kuching, Sarawak",,,,Apartment,1,,Non Bumi Lot,310000,Sarawak,,240.6832298136646
3.0,2.0,650,"Parking, Playground, Security",Seroja Apartment,S P Setia Bhd,Freehold,"Jalan Setia Murni U13/50, Setia Alam, Selangor",,5,,Apartment,,Medium,Non Bumi Lot,170000,Selangor,3,261.53846153846155
4.0,2.0,1142,"Security, Gymnasium, Playground, Minimart, Sauna",Suasana Lumayan,Danau Lumayan Sdn Bhd,Leasehold,"Jalan Tasik Permaisuri 2, Bandar Tun Razak, Cheras, Kuala Lumpur",2015.0,24,900,Condominium,1,Medium,Non Bumi Lot,430000,Kuala Lumpur,5,376.5323992994746
1.0,1.0,548,,Papillon Street Mall,MJC City Development Sdn Bhd,Leasehold,"Jalan Batu Kawa, Bandar Baru Batu Kawa, Kuching, Sarawak",,,,Service Residence,,Medium,Non Bumi Lot,165000,Sarawak,,301.0948905109489
2.0,2.0,810,,Parc Regency Serviced Apartment,Malaysia Land Properties Sdn. Bhd.,Freehold,"Off Jalan Masai Baru, Plentong, Johor Bahru, Johor",2019.0,25,2003,Service Residence,,Medium,Non Bumi Lot,298000,Johor,,367.9012345679012
3.0,2.0,1600,"Parking, Security, Gymnasium, Minimart",Hills 68,,Leasehold,"Lor Arang 15C 1B, Kuching, Sarawak",,,,Apartment,1,Medium,Non Bumi Lot,480000,Sarawak,4,300.0
3.0,2.0,632,"Security, Parking",Samajaya Apartment,,Leasehold,"Sama Jaya Free Industrial Zone, Kuching, Sarawak",,4,,Apartment,,High,Non Bumi Lot,250000,Sarawak,2,395.56962025316454
2.0,2.0,726,"Parking, Security, Minimart, Playground",Arena Green,Berjaya Land,Freehold,"Jalan 1/115a, Bukit Jalil, Bukit Jalil, Kuala Lumpur",2000.0,11,1240,Condominium,,Medium,Bumi Lot,270000,Kuala Lumpur,4,371.900826446281
3.0,2.0,1600,"Parking, Security",Hills 68,,Leasehold,"Lor Arang 15C 1B, Kuching, Sarawak",,,,Apartment,,Medium,Non Bumi Lot,500000,Sarawak,2,312.5
3.0,2.0,1055,"Playground, Swimming Pool, Security",Waizuri 1,,Leasehold,"Jalan 10/27A, Seksyen 5, Wangsa Maju, Kuala Lumpur",,5,,Apartment,,Medium,Bumi Lot,380000,Kuala Lumpur,3,360.18957345971563
3.0,2.0,915,"Security, Gymnasium, Parking, Playground",Lafite Apartment (Subang Jaya),Sime Darby Property Berhad,Freehold,"Jalan SS 17/1, SS17, Subang Jaya, Selangor",1991.0,4,,Condominium,1,,Non Bumi Lot,400000,Selangor,4,437.1584699453552
3.0,2.0,941,"Playground, Sauna, Swimming Pool, Parking, Security",Ixora Apartment (Kepong),,Leasehold,"Jalan Wangsa Permai Utama, Taman Wangsa Permai, Kepong, Kuala Lumpur",,8,,Apartment,1,Low,Bumi Lot,250000,Kuala Lumpur,5,265.6748140276302
1.0,1.0,500,"Parking, Security, Lift, Swimming Pool, Playground, Gymnasium, Sauna, Barbeque area, Minimart, Multipurpose hall, Club house, Jogging Track, Tennis Court, Squash Court",The Place @ Cyberjaya,MCT Berhad,Freehold,"Jalan Teknokrat 1/1, Cyberjaya, Selangor",2014.0,20,259,Condominium,,High,Bumi Lot,185000,Selangor,14,370.0
3.0,2.0,720,,Villa Impian (Kota Warisan Sepang),,Freehold,"Jalan Keliling, Seremban, Sepang, Selangor",1991.0,,,Apartment,,Low,Non Bumi Lot,230000,Selangor,,319.44444444444446
3.0,2.0,850,"Parking, Lift, Security, Playground",Laguna Biru 1,,Leasehold,"Jalan Tasik Biru 1, Taman Tasik Biru, 48050 Rawang, Rawang, Selangor",,,,Apartment,,High,Bumi Lot,198000,Selangor,4,232.94117647058823
3.0,2.0,830,"Security, Playground, Parking, Lift",Pangsapuri Dahlia Court,,Leasehold,"Jalan Pandan Indah 6/1, Ampang, Selangor",,10,,Apartment,,Medium,Non Bumi Lot,280000,Selangor,4,337.34939759036143
3.0,2.0,893,"Parking, Security, Lift",Ensyn Avenue,,Leasehold,"Jalan Ensing Timur Lorong 13, Kuching, Sarawak",,,,Apartment,1,,Non Bumi Lot,370000,Sarawak,3,414.3337066069429
2.0,2.0,855,"Parking, Security, Lift, Swimming Pool, Playground, Gymnasium, Club house, Tennis Court",Petaling Indah Condominiums,,Leasehold,"Jalan 1C/149, Bukit Sri Petaling, Sungai Besi, Sri Petaling, Kuala Lumpur",2005.0,9,672,Condominium,,Medium,Non Bumi Lot,255000,Kuala Lumpur,8,298.2456140350877
3.0,2.0,800,"Parking, Gymnasium, Playground, Security, Swimming Pool, Minimart, Lift, Jogging Track",Karisma @ Eco Majestic,Eco World Development Group Berhad,Freehold,"Pangsapuri Karisma, Jalan Eco Majestic 3A/5, Semenyih, Selangor",2014.0,4,75,Apartment,2,Medium,Non Bumi Lot,220000,Selangor,8,275.0
3.0,1.0,678,,Stulang Laut,,Freehold,"Jalan Stulang Laut, Johor Bahru, Johor",,,,Flat,,Low,Non Bumi Lot,188000,Johor,,277.28613569321533
4.0,2.0,965,,Ketumbar Heights,Mahajaya Berhad,Freehold,"Jalan 6/95B, Taman Cheras, Cheras, Kuala Lumpur",2010.0,14,336,Condominium,2,,Non Bumi Lot,285000,Kuala Lumpur,,295.33678756476684
5.0,3.0,1550,"Parking, Security, Lift, Swimming Pool, Playground, Gymnasium, Sauna, Barbeque area, Minimart, Multipurpose hall, Club house, Jogging Track, Tennis Court, Squash Court",Koi Legian,Masteron Sdn Bhd,Leasehold,"Jalan Taman Kinrara, Bandar Kinrara, Puchong, Selangor",2015.0,,122,Condominium,1,Medium,Non Bumi Lot,420000,Selangor,14,270.96774193548384
3.0,2.0,1000,,Lee Ling Villa,,Leasehold,"Jalan Matang, Kuching, Sarawak",,,,Apartment,,Low,Non Bumi Lot,230000,Sarawak,,230.0
3.0,2.0,1043,"Minimart, Swimming Pool, Squash Court, Parking, Security, Playground, Gymnasium",Jalil Damai,Bukit Jalil Development,Freehold,"Jalan 14/155C, Bukit Jalil, Kuala Lumpur",1998.0,15,900,Apartment,1,,Non Bumi Lot,390000,Kuala Lumpur,7,373.92138063279003
3.0,2.0,920,"Swimming Pool, Gymnasium, Minimart, Playground, Barbeque area, Security, Parking, Lift",Bayu Tasik 1,PPC Glomac Sdn. Bhd.,Leasehold,"Jalan Sri Permaisuri 5, Bandar Sri Permaisuri, Cheras, Kuala Lumpur",1999.0,15,690,Condominium,2,,Non Bumi Lot,330000,Kuala Lumpur,8,358.69565217391306
5.0,4.0,2987,"Parking, Security, Lift, Swimming Pool, Playground, Gymnasium, Sauna, Barbeque area, Minimart, Multipurpose hall, Club house, Jogging Track, Tennis Court, Squash Court",Armanee Terrace I,MK Land Holdings,Leasehold,"Jalan PJU 8/1, Bandar Damansara Perdana, Petaling Jaya, Selangor",2008.0,18,522,Condominium,2,Medium,Non Bumi Lot,1028000,Selangor,14,344.15801807833947
3.0,3.0,1038,"Lift, Barbeque area, Multipurpose hall, Playground, Tennis Court, Jogging Track, Squash Court, Security, Sauna, Swimming Pool, Gymnasium, Club house, Parking, Minimart",K Avenue Residential,Megacity Avenue sdn bhd,Leasehold,"Jalan Cyber City, Kota Kinabalu, Sabah",2022.0,,630,Service Residence,,Low,Non Bumi Lot,600000,Sabah,14,578.0346820809249
3.0,2.0,750,Parking,Flat PKNS Seksyen 7 Shah Alam,Perbadanan Kemajuan Negeri Selangor (PKNS),Leasehold,"Jalan Plumbum, Section 7, Shah Alam, Selangor",,5,,Flat,,High,Bumi Lot,225000,Selangor,1,300.0
3.0,2.0,950,"Security, Sauna, Parking",Valencia Apartment,,Freehold,"Jalan Harapan 25/29, Taman Sri Muda, Shah Alam, Selangor",,,,Apartment,,Low,Non Bumi Lot,199000,Selangor,3,209.47368421052633
3.0,4.0,1281,"Jogging Track, Security, Gymnasium, Parking, Swimming Pool, Multipurpose hall, Sauna",The Loft @ ZetaPark,ZetaPark Development,Leasehold,"Off Jalan Taman Ibu Kota, Festival City Malll, Setapak, Kuala Lumpur",2014.0,22,470,Condominium,,Medium,Bumi Lot,650000,Kuala Lumpur,7,507.41608118657297
3.0,2.0,1540,"Minimart, Parking, Security, Lift, Sauna, Swimming Pool, Gymnasium, Jogging Track, Playground",Palmville Resort Condominium @ Sunway City,Sunway Property,Leasehold,"Jalan Lagoon Timur, Bandar Sunway, Selangor",,16,,Condominium,2,,Non Bumi Lot,868000,Selangor,9,563.6363636363636
3.0,2.0,1300,"Playground, Parking, Security",Pertiwi Indah,,Leasehold,"No. 2, Jalan Pertiwi, Taman Maluri, Cheras, Kuala Lumpur",,12,,Condominium,1,,Non Bumi Lot,580000,Kuala Lumpur,3,446.15384615384613
3.0,2.0,1828,"Security, Playground, Gymnasium, Swimming Pool, Tennis Court, Squash Court, Barbeque area, Sauna",Ceriaan Kiara,Kar Sin (a subsidiary of YNH Property),Freehold,"No. 15 Jalan Kiara, Mont Kiara,, Mont Kiara, Kuala Lumpur",2010.0,28,238,Condominium,2,,Non Bumi Lot,1080000,Kuala Lumpur,8,590.8096280087527
2.0,1.0,495,,Malihah,,Leasehold,"Lor 7, Taman Malihah, Kuching, Sarawak",,,,Flat,,Low,Non Bumi Lot,78000,Sarawak,,157.57575757575756
3.0,2.0,1288,,Gardenia Court (Kuching),,Leasehold,"Jalan Tabuan Dayak, Kuching, Sarawak",,,,Apartment,,Medium,Non Bumi Lot,350000,Sarawak,,271.7391304347826
3.0,2.0,703,"Parking, Security",Samajaya Apartment,,Leasehold,"Sama Jaya Free Industrial Zone, Kuching, Sarawak",,4,,Apartment,,High,Non Bumi Lot,220000,Sarawak,2,312.9445234708393
3.0,2.0,904,"Parking, Security, Lift, Swimming Pool, Playground, Gymnasium, Sauna, Barbeque area, Minimart, Multipurpose hall, Club house, Jogging Track, Squash Court",The Clio 2 Residences,IOI Properties Group Berhad,Freehold,"Lebuh IRC, Putrajaya, Putrajaya",,,,Condominium,2,High,Bumi Lot,479000,Putrajaya,13,529.8672566371681
3.0,2.0,1075,"Multipurpose hall, Club house, Security, Minimart, Playground, Swimming Pool, Gymnasium, Lift, Parking",Putra Villa,Haluan Mulia Sdn Bhd,Freehold,"Jalan Terminal Putra, Taman Melati, Setapak, Kuala Lumpur",2007.0,16,416,Condominium,,Medium,Non Bumi Lot,430000,Kuala Lumpur,9,400.0
2.0,2.0,947,"Security, Jogging Track, Swimming Pool, Gymnasium, Barbeque area, Multipurpose hall",Luminari,OSK Property Holdings Berhad,Freehold,"Jalan Chain Ferry, Seberai Perai Utara, Butterworth, Penang",2020.0,34,462,Condominium,1,,Non Bumi Lot,490000,Penang,6,517.4234424498416
3.0,2.0,1009,"Playground, Barbeque area, Security, Swimming Pool, Parking, Gymnasium, Multipurpose hall, Club house, Tennis Court, Minimart, Lift, Squash Court",Aster Residence Cheras,Amber Homes Sdn Bhd,Leasehold,"Jalan Cheras Hartamas, Cheras, Selangor",2021.0,38,960,Service Residence,2,Low,Non Bumi Lot,688000,Selangor,12,681.8632309217047
3.0,2.0,1110,,,,Freehold,,,,,Condominium,2,Medium,Non Bumi Lot,445300,,,401.1711711711712
3.0,2.0,1183,Multipurpose hall,Emerald Residence,TPPT Sdn. Bhd.,Freehold,"Jalan Teluk Kumbar, Bayan Lepas, Penang",,,,Condominium,2,Medium,Non Bumi Lot,448000,Penang,1,378.698224852071
3.0,2.0,1300,"Parking, Security, Lift, Swimming Pool, Playground, Gymnasium, Sauna, Barbeque area, Multipurpose hall, Jogging Track",D'Piazza Condominium,X-Scan Penang Sdn Bhd,Freehold,"Jalan Mayang Pasir 2, Bayan Baru, Penang",2010.0,19,706,Condominium,2,,Non Bumi Lot,620000,Penang,10,476.9230769230769
3.0,2.0,850,"Security, Playground, Jogging Track, Swimming Pool, Barbeque area, Minimart, Gymnasium, Club house, Parking",Austin Perdana,Mah Sing Group Berhad,Freehold,"Jalan Austin Perdana 2/21, Johor Bahru, Johor",,21,,Apartment,,Medium,Non Bumi Lot,268000,Johor,9,315.29411764705884
3.0,2.0,925,"Barbeque area, Parking, Security, Playground",Sri Impian Apartment (Larkin Perdana),,Leasehold,"Jalan Larkin Perdana 2, Johor Bahru, Johor",,21,,Apartment,,Medium,Non Bumi Lot,288000,Johor,4,311.35135135135135
3.0,2.0,1280,"Gymnasium, Jogging Track, Swimming Pool, Multipurpose hall, Parking, Security, Lift, Playground, Minimart, Barbeque area",The Loft @ ZetaPark,ZetaPark Development,Leasehold,"Off Jalan Taman Ibu Kota, Festival City Malll, Setapak, Kuala Lumpur",2014.0,22,470,Condominium,2,Medium,Non Bumi Lot,700000,Kuala Lumpur,10,546.875
1.0,1.0,550,"Parking, Security, Lift, Swimming Pool, Playground, Multipurpose hall, Minimart, Barbeque area, Sauna, Gymnasium, Jogging Track, Tennis Court",Hot New Condo next to MRT,,Freehold,"sungai tangkas, Selangor, Kajang",,,,Condominium,1,,Non Bumi Lot,270000,Kajang,12,490.90909090909093
3.0,2.0,878,,Sentul 2023 Ready Move In Freehold Condo 0%DP Free All Legal,,Freehold,"Sentul, Kuala Lumpur, Sentul",,,,Service Residence,2,,Non Bumi Lot,450000,Sentul,,512.5284738041003
3.0,2.0,810,,Setapak 300k Full Loan Free Legal Condo,,Leasehold,"Setapak, Kuala Lumpur, Setapak",,,,Service Residence,1,,Non Bumi Lot,300000,Setapak,,370.3703703703704
3.0,3.0,1062,,,,Leasehold,,,,,Condominium,1,,Bumi Lot,380000,,,357.81544256120526
4.0,2.0,1400,,Kenyalang Court,,Leasehold,"Jalan Datuk Amar Sim Kheng Hong, Kuching, Sarawak",,,,Condominium,1,,Non Bumi Lot,520000,Sarawak,,371.42857142857144
3.0,2.0,1141,,The Garden Residences,Scientex (Skudai),Leasehold,"Jalan Persiaran Mutiara Mas, Skudai, Johor",2021.0,21,613,Condominium,4,High,Non Bumi Lot,400000,Johor,,350.56967572304995
3.0,2.0,670,"Minimart, Swimming Pool",Selayang Mulia Apartment Mawar & Teratai,,Leasehold,"Jalan SM 1/1, Taman Selayang Mulia, Gombak, Selangor",,,,Apartment,,Medium,Non Bumi Lot,165000,Selangor,2,246.26865671641792
3.0,2.0,1114,Multipurpose hall,Emerald Residence,TPPT Sdn. Bhd.,Freehold,"Jalan Teluk Kumbar, Bayan Lepas, Penang",,,,Condominium,2,Medium,Non Bumi Lot,448000,Penang,1,402.1543985637343
3.0,2.0,1114,,,,Freehold,,,,,Condominium,2,Medium,Non Bumi Lot,447500,,,401.70556552962296
3.0,2.0,1114,"Parking, Security, Lift, Swimming Pool, Playground, Gymnasium, Barbeque area, Multipurpose hall",BAYAN LEPAS MOST WORTH UNIT 1114SF ONLY 448K PER FLOR ONLY 6 UNIT,,Freehold,"BUKIT BELAH, Penang, Bayan Lepas",,,,Condominium,2,Medium,Non Bumi Lot,448000,Bayan Lepas,8,402.1543985637343
3.0,2.0,592,,"Desa Setapak, Wangsa Maju,",,Freehold,"Desa Setapak, Kuala Lumpur, Wangsa Maju",,,,Others,,,Non Bumi Lot,385000,Wangsa Maju,,650.3378378378378
3.0,2.0,1112,,near sungai ara,,Freehold,"sungai ara, Penang, Sungai Ara",,,,Condominium,2,Medium,Non Bumi Lot,447500,Sungai Ara,,402.4280575539568
2.0,2.0,1005,"Multipurpose hall, Security, Tennis Court, Jogging Track, Barbeque area, Playground, Gymnasium, Sauna, Parking, Swimming Pool, Squash Court",Molek Regency,ALPHA ASTRAL REALTY SDN BHD,Freehold,"Jalan Molek 3/20, Taman Molek, Johor Bahru, Johor",2018.0,,1050,Condominium,1,Medium,Non Bumi Lot,560000,Johor,11,557.2139303482587
3.0,2.0,742,"Parking, Security, Playground, Barbeque area, Lift, Swimming Pool, Multipurpose hall, Jogging Track",Goodyear Court 8,Bina Goodyear Group,Freehold,"Persiaran Mulia, USJ 14, Subang Jaya, Selangor",,5,,Apartment,1,Low,Non Bumi Lot,330000,Selangor,8,444.74393530997304
3.0,2.0,850,Parking,Vista Minintod,Syarikat Perumahan Negara Berhad,Leasehold,"Taman Vista Minintod, Penampang, Sabah",,5,,Duplex,1,Medium,Non Bumi Lot,260000,Sabah,1,305.88235294117646
3.0,2.0,992,,Sutera Apartment (Kajang),,Freehold,"Jalan Seksyen 3/1A, Kajang, Selangor",,5,,Apartment,,Medium,Bumi Lot,250000,Selangor,,252.01612903225808
3.0,2.0,687,"Playground, Security",Rosana Villa Apartment,,Leasehold,"Taman Putra Perdana, Puchong, Selangor",,,,Apartment,1,High,Bumi Lot,135000,Selangor,2,196.5065502183406
3.0,2.0,1165,"Parking, Security, Lift, Swimming Pool, Playground, Gymnasium, Sauna, Barbeque area, Multipurpose hall, Jogging Track",The Golden Triangle,GSV Development Sdn Bhd,Freehold,"Jalan Paya Terubong, Off Jalan Dato Ismail Hashim, Relau, Penang",2021.0,,406,Condominium,2,,Non Bumi Lot,520000,Penang,10,446.3519313304721
3.0,2.0,1315,"Parking, Security, Lift, Swimming Pool, Playground, Gymnasium, Sauna, Barbeque area, Multipurpose hall, Jogging Track",The Golden Triangle,GSV Development Sdn Bhd,Freehold,"Jalan Paya Terubong, Off Jalan Dato Ismail Hashim, Relau, Penang",2021.0,,406,Condominium,2,,Non Bumi Lot,600000,Penang,10,456.27376425855516
3.0,2.0,1165,"Parking, Security, Lift, Swimming Pool, Playground, Gymnasium, Sauna, Barbeque area, Multipurpose hall, Jogging Track, Minimart",The Golden Triangle,GSV Development Sdn Bhd,Freehold,"Jalan Paya Terubong, Off Jalan Dato Ismail Hashim, Relau, Penang",2021.0,,406,Condominium,2,,Non Bumi Lot,500000,Penang,11,429.18454935622316
5.0,5.0,5000,"Squash Court, Gymnasium, Tennis Court, Security, Playground, Swimming Pool, Barbeque area, Sauna, Multipurpose hall, Parking, Lift, Minimart, Jogging Track",Riana Green East,IJM LAND BERHAD,Leasehold,"Jalan 34/26, Wangsa Maju, Kuala Lumpur",2012.0,,391,Condominium,3,,Bumi Lot,2500000,Kuala Lumpur,13,500.0
3.0,2.0,1450,"Parking, Playground, Security, Lift, Swimming Pool, Gymnasium, Barbeque area, Minimart, Multipurpose hall, Jogging Track",Desa Putra (Wangsa Maju),,Leasehold,"Jalan 58/26, Wangsa Maju, Kuala Lumpur",2007.0,19,436,Condominium,1,Low,Bumi Lot,620000,Kuala Lumpur,10,427.58620689655174
3.0,2.0,1382,"Security, Squash Court, Club house, Parking, Jogging Track, Playground, Tennis Court, Barbeque area, Swimming Pool, Gymnasium, Sauna, Lift, Minimart, Multipurpose hall",Seri Riana Residence,IJM LAND BERHAD,Leasehold,"No Address, Wangsa Maju, Kuala Lumpur",2016.0,,396,Condominium,2,Medium,Bumi Lot,650000,Kuala Lumpur,14,470.3328509406657
2.0,1.0,494,,Flat Taman Ungku Tun Aminah,Tasek Maju Realty Sdn Bhd,Freehold,"Taman Ungku Tun Aminah, Skudai, Johor",,,,Flat,,Medium,Non Bumi Lot,155000,Johor,,313.7651821862348
3.0,2.0,753,,Flat Bukit Indah,,Freehold,"Jalan Indah 23/1, Iskandar Puteri, Johor",,,,Flat,2,High,Non Bumi Lot,188000,Johor,,249.667994687915
3.0,2.0,850,,Seremban Putra Apartments,Syarikat Perumahan Negara Berhad,Freehold,"Jalan Sikamat, Seremban, Negeri Sembilan",,5,,Apartment,,Low,Bumi Lot,170000,Negeri Sembilan,,200.0
3.0,2.0,1274,"Lift, Parking, Security, Playground, Jogging Track",Pangsapuri Setia Impian @ Kajang,Trans Loyal Development Sdn Bhd,Freehold,"Jade Hills, Seri Kembangan, Selangor",2019.0,,215,Apartment,2,Medium,Non Bumi Lot,385000,Selangor,5,302.1978021978022
3.0,2.0,829,"Barbeque area, Gymnasium, Parking, Security, Playground, Swimming Pool",Rumawip Residensi Serina,,Freehold,"alan Merah Silu, Bandar Baru Sri Petaling, 57000 Kuala Lumpur, Wilayah Persekutuan Kuala Lumpur, Sri Petaling, Kuala Lumpur",,,,Apartment,1,Medium,Non Bumi Lot,300000,Kuala Lumpur,6,361.8817852834741
3.0,3.0,1246,"Parking, Security, Lift, Playground, Minimart, Multipurpose hall",Symphony Heights (Simfoni Heights),Daya Niaga,Leasehold,"Jalan Medan Selayang 2, Kawasan Industri Batu Cave, Batu Caves, Selangor",2011.0,29,1709,Condominium,,Medium,Non Bumi Lot,450000,Selangor,6,361.1556982343499
4.0,3.0,1579,"Parking, Security, Lift, Swimming Pool, Playground, Gymnasium, Sauna, Barbeque area, Minimart, Multipurpose hall, Club house, Jogging Track, Tennis Court, Squash Court",Cristal Serin Residence,,Freehold,"Jalan Fauna 1, Cyberjaya, Selangor",2012.0,,350,Condominium,2,Medium,Non Bumi Lot,538000,Selangor,14,340.7219759341355
3.0,2.0,1316,"Playground, Parking, Jogging Track, Security, Swimming Pool",Eden Heights,,Leasehold,"Lorong Lapangan Terbang 4A, Green Heights, 93250 Kuching, Sarawak, Kuching, Sarawak",,,,Condominium,,Low,Non Bumi Lot,380000,Sarawak,5,288.7537993920973
3.0,4.0,2526,,Academia Lane,,Leasehold,"Academia Lane, Sarawak, Kuching",,,,Others,,Low,Non Bumi Lot,570000,Kuching,,225.65320665083135
3.0,2.0,1004,"Parking, Security, Lift, Swimming Pool, Playground, Gymnasium, Sauna, Barbeque area, Minimart, Multipurpose hall, Club house, Jogging Track, Tennis Court, Squash Court",Bandar Sri Permaisuri Freehold [Free Furniture][Monthly 1400],,Freehold,"Bandar Sri Permaisuri Freehold [Free Furniture][Monthly 1400], Kuala Lumpur, Cheras",,,,Condominium,3,Medium,Non Bumi Lot,400000,Cheras,14,398.40637450199205
3.0,2.0,1000,"Parking, Security, Lift, Swimming Pool, Playground",The Park @ Mak Mandin,Silver Channel Sdn. Bhd. (Tamarins Group),Leasehold,"Jalan Mak Mandin, Butterworth, Penang",2020.0,14,780,Apartment,1,Low,Non Bumi Lot,338000,Penang,5,338.0
3.0,2.0,991,"Parking, Security, Gymnasium, Swimming Pool, Lift, Playground",Selat Horizon,,Freehold,"Jalan Klebang Besar, Klebang, Melaka City, Melaka",,,,Condominium,,High,Non Bumi Lot,338000,Melaka,6,341.0696266397578
3.0,2.0,1050,"Parking, Security, Lift, Swimming Pool, Playground, Gymnasium, Sauna, Barbeque area, Minimart, Multipurpose hall, Club house, Jogging Track, Tennis Court, Squash Court",Cheras Super Low Density Furnished Condo [Monthly 1500],,Freehold,"Cheras Super Low Density Furnished Condo [Monthly 1500], Kuala Lumpur, Cheras",,,,Condominium,3,Medium,Non Bumi Lot,370000,Cheras,14,352.3809523809524
3.0,2.0,807,"Gymnasium, Multipurpose hall, Security, Playground, Barbeque area, Parking, Swimming Pool, Club house, Jogging Track, Lift, Sauna, Minimart",Alanis @ Warisan Puteri,Pilihan Teraju Sdn Bhd,Freehold,"Persiaran Warisan Warisan Puteri, Sepang, Selangor",2022.0,,1255,Service Residence,2,Medium,Non Bumi Lot,380000,Selangor,12,470.8798017348203
3.0,1.0,660,,Taman Malim Jaya,,Leasehold,"Taman Malim Jaya, Bachang, Melaka",,,,Flat,,Low,Non Bumi Lot,148000,Melaka,,224.24242424242425
3.0,2.0,650,,Apartment Lestari (Damansara Damai),,Leasehold,"Jalan PJU 10/1 Damansara Damai, Damansara Damai, Selangor",,14,2296,Apartment,1,,Non Bumi Lot,170000,Selangor,,261.53846153846155
4.0,4.0,1710,"Security, Gymnasium, Swimming Pool, Sauna, Parking, Playground, Lift, Barbeque area, Multipurpose hall, Club house, Jogging Track, Squash Court",Le Yuan Residence,UOA Group,Freehold,"Jalan 6/127a, Off Jalan Senang Ria, Happy Garden, Kuchai Lama, Kuala Lumpur",2014.0,,670,Condominium,2,Low,Non Bumi Lot,930000,Kuala Lumpur,12,543.859649122807
3.0,2.0,1463,"Multipurpose hall, Parking, Swimming Pool, Jogging Track, Lift, Barbeque area, Gymnasium, Security",Eco Bloom @ Eco Meadows,Eco World Development Group Berhad,Freehold,"Jalan Paboi, Simpang Ampat, Penang",2020.0,33,490,Condominium,,Medium,Non Bumi Lot,628000,Penang,8,429.25495557074504
3.0,2.0,720,"Security, Lift",Pangsapuri Indah Teluk Air Tawar Blok 1A & 1B (Pangsapuri Indah Teluk Air Tawar),,Freehold,"Lorong Teluk Air Tawar 6, Taman Air Tawar Indah, Butterworth, Penang",,,,Apartment,,Medium,Non Bumi Lot,190000,Penang,2,263.8888888888889
3.0,2.0,882,"Barbeque area, Sauna, Multipurpose hall, Jogging Track, Swimming Pool, Gymnasium, Club house, Parking, Security, Minimart, Playground",Maple Residences,KSL Holdings Berhad,Freehold,"Jalan Langat KS9, Bandar Bestari, Klang, Selangor",2018.0,22,576,Service Residence,2,Low,Non Bumi Lot,450000,Selangor,11,510.2040816326531
4.0,2.0,1059,"Parking, Security, Lift, Swimming Pool, Playground, Multipurpose hall, Minimart, Gymnasium, Jogging Track, Barbeque area",KL Traders Square Residences,SCP Group,Freehold,"Jalan Gombak Batu 4, Gombak, Kuala Lumpur",2019.0,38,2647,Service Residence,1,Low,Non Bumi Lot,500000,Kuala Lumpur,10,472.14353163361665
3.0,2.0,710,Parking,Park Avenue (Tampoi Indah),,Leasehold,"Jalan Mawar 3, Off Jalan Titiwangsa Utama, Taman Tampoi Indah, Johor Bahru, Johor",,3,,Apartment,,Low,Non Bumi Lot,168000,Johor,1,236.61971830985917
5.0,3.0,2300,"Parking, Gymnasium, Sauna, Multipurpose hall, Security, Playground, Tennis Court, Squash Court, Barbeque area, Swimming Pool, Minimart, Jogging Track, Lift",Armanee Terrace I,MK Land Holdings,Leasehold,"Jalan PJU 8/1, Bandar Damansara Perdana, Petaling Jaya, Selangor",2008.0,18,522,Condominium,3,Low,Bumi Lot,1300000,Selangor,13,565.2173913043479
4.0,3.0,1828,"Squash Court, Gymnasium, Tennis Court, Security, Playground, Swimming Pool, Barbeque area, Sauna, Multipurpose hall, Parking, Minimart, Jogging Track, Lift",Riana Green East,IJM LAND BERHAD,Leasehold,"Jalan 34/26, Wangsa Maju, Kuala Lumpur",2012.0,,391,Condominium,2,Medium,Non Bumi Lot,750000,Kuala Lumpur,13,410.2844638949672
3.0,2.0,1000,"Parking, Security, Lift, Swimming Pool, Playground, Gymnasium, Sauna, Barbeque area, Jogging Track",ForestVille,Ideal Property Group,Freehold,"Lengkok Kelicap, Bayan Lepas, Penang",,,,Condominium,2,,Non Bumi Lot,487000,Penang,9,487.0
3.0,2.0,1200,"Parking, Security, Lift, Swimming Pool, Playground, Minimart, Barbeque area, Sauna, Gymnasium, Jogging Track",Sri Akasia,,Leasehold,"Taman Tampoi Indah, Johor Bahru, Johor",2005.0,,698,Apartment,2,Medium,Non Bumi Lot,358000,Johor,10,298.3333333333333
3.0,2.0,700,,Desa Delima,,Leasehold,"Lorong Semarak Api Dua, Bandar Baru Farlim, Ayer Itam, Penang",1992.0,17,3,Apartment,1,Medium,Non Bumi Lot,235000,Penang,,335.7142857142857
2.0,2.0,550,,Desa Mawar,,Leasehold,"Lintang Kampung Melayu 2, Ayer Itam, Penang",1999.0,19,1632,Apartment,,Low,Non Bumi Lot,220000,Penang,,400.0
3.0,2.0,1000,"Parking, Security, Lift, Playground, Jogging Track",Kesidang Apartment,,Freehold,"Jalan Kesidang 2/8, Melaka City, Melaka",,,,Apartment,,Low,Non Bumi Lot,255000,Melaka,5,255.0
3.0,2.0,1044,"Club house, Security, Swimming Pool, Sauna, Playground, Gymnasium, Jogging Track, Parking, Lift, Barbeque area, Multipurpose hall",Silk Sky,Cheras Hong Soon Development Sdn. Bhd.,Freehold,"Jalan Kb 2/15, off Kampung Baru Balakong, Balakong, Selangor",2016.0,30,551,Service Residence,2,,Non Bumi Lot,420000,Selangor,11,402.2988505747126
3.0,2.0,875,"Parking, Security, Playground, Lift, Swimming Pool",Pangsapuri Bayu,,Freehold,"Jalan Mawar, Taman Bukit Serdang, Section 8, 43300, Serdang, Selangor",,10,,Apartment,2,,Non Bumi Lot,280000,Selangor,5,320.0
3.0,2.0,850,"Security, Parking, Multipurpose hall, Swimming Pool, Gymnasium, Lift, Playground",Residensi Aman,Top Home Builder Development,Freehold,"Jalan Dana Permai, Bandar Teknologi Kajang, Semenyih, Selangor",2020.0,17,299,Condominium,2,,Non Bumi Lot,325000,Selangor,7,382.3529411764706
3.0,2.0,1100,"Security, Parking, Gymnasium, Sauna, Jogging Track, Lift, Swimming Pool, Playground, Minimart",Villa Puteri,Land & General Berhad,Freehold,"Jalan Tun Ismail, KL City, Kuala Lumpur",1995.0,32,,Condominium,1,High,Bumi Lot,440000,Kuala Lumpur,9,400.0
3.0,2.0,1141,,,,Freehold,,,,,Condominium,1,Low,Non Bumi Lot,300000,,,262.9272567922875
4.0,4.0,2233,,Kasuma Resort,,Leasehold,"Jln Stadium (Ring), Petra Jaya, Kuching, Sarawak",,,,Condominium,,High,Non Bumi Lot,650000,Sarawak,,291.0882221227049
5.0,4.0,2080,,Sri Akasia,,Leasehold,"Taman Tampoi Indah, Johor Bahru, Johor",2005.0,,698,Apartment,,,Non Bumi Lot,449000,Johor,,215.8653846153846
3.0,2.0,1025,"Multipurpose hall, Swimming Pool, Gymnasium, Playground, Security, Parking, Minimart",Berlian Residence @ Setapak,Platinum Victory Development Sdn Bhd,Freehold,"Jalan Semarak Api 4, Taman Tai Onn, Setapak, Kuala Lumpur",2020.0,32,228,Condominium,1,Low,Non Bumi Lot,600000,Kuala Lumpur,7,585.3658536585366
2.0,1.0,513,,Sakura,,Freehold,"Lorong Semarak Api, Ayer Itam, Penang",,,,Flat,,,Non Bumi Lot,160000,Penang,,311.8908382066277
2.0,2.0,872,,One Medini Condominium,,Leasehold,"No.2, Jalan Medini Utara 3, Johor Bahru, Johor",,,,Condominium,,,Non Bumi Lot,350000,Johor,,401.3761467889908
3.0,2.0,700,"Security, Lift",Saujana Heights,,Freehold,"Jalan Teluk Kumbar,, Teluk Kumbar, Penang",1998.0,21,596,Apartment,,Medium,Non Bumi Lot,230000,Penang,2,328.57142857142856
2.0,2.0,1005,"Gymnasium, Playground, Jogging Track, Barbeque area, Multipurpose hall, Security, Swimming Pool, Tennis Court, Sauna, Parking, Squash Court, Lift",Molek Regency,ALPHA ASTRAL REALTY SDN BHD,Freehold,"Jalan Molek 3/20, Taman Molek, Johor Bahru, Johor",2018.0,,1050,Condominium,1,,Non Bumi Lot,540000,Johor,12,537.3134328358209
2.0,1.0,517,,Taman Cendana,,Freehold,"Jalan Cendana, Pasir Gudang, Johor",,,,Flat,,Medium,Non Bumi Lot,118000,Johor,,228.23984526112184
4.0,2.0,918,"Parking, Security, Lift, Swimming Pool, Playground, Gymnasium, Barbeque area, Minimart, Multipurpose hall, Jogging Track, Tennis Court",KL Traders Square Residences,SCP Group,Freehold,"Jalan Gombak Batu 4, Gombak, Kuala Lumpur",2019.0,38,2647,Service Residence,2,High,Non Bumi Lot,520000,Kuala Lumpur,11,566.4488017429194
3.0,2.0,807,"Security, Parking, Playground, Lift",,,Leasehold,,,,,Apartment,1,Medium,Non Bumi Lot,200000,,4,247.83147459727385
3.0,2.0,645,"Parking, Playground",Palma Apartment (Bandar Country Homes),,Freehold,"Off Jalan Batu Arang, Bandar Country Homes, Rawang, Selangor",,,,Apartment,1,Medium,Non Bumi Lot,99000,Selangor,2,153.48837209302326
3.0,2.0,790,"Parking, Security, Playground",Apartment Seri Teluki,,Freehold,"Jln Bukit Sentosa 3a, Seksyen BS 3, Bukit Sentosa, Rawang, Selangor",2014.0,,,Apartment,1,Medium,Non Bumi Lot,108000,Selangor,3,136.70886075949366
3.0,2.0,1035,"Gymnasium, Lift, Barbeque area, Parking, Security, Playground, Tennis Court, Multipurpose hall, Swimming Pool",8scape Residences @ Sutera,,Freehold,"Jalan Sutera Kuning, Taman Perling, Johor Bahru, Johor",2018.0,25,1255,Apartment,,Medium,Non Bumi Lot,528000,Johor,9,510.1449275362319
2.0,1.0,520,,Bandar Selesa Jaya,,Freehold,"Jalan Silat Gayong 14, Bandar Selesa Jaya, Skudai, Johor",,,,Flat,1,Low,Bumi Lot,98000,Johor,,188.46153846153845
2.0,1.0,624,,Seksyen 2 Wangsa Maju Flat,,Leasehold,"Seksyen 2, Wangsa Maju, Wangsa Maju, Kuala Lumpur",,,,Flat,,High,Non Bumi Lot,188000,Kuala Lumpur,,301.28205128205127
3.0,2.0,934,"Playground, Gymnasium, Parking, Squash Court, Swimming Pool, Security",Court 28 @ KL City,HR Group,Freehold,"Jalan Kasipillay, Off Jalan Ipoh, Jalan Ipoh, Kuala Lumpur",2019.0,35,311,Service Residence,2,High,Non Bumi Lot,600000,Kuala Lumpur,6,642.3982869379015
3.0,2.0,1085,"Security, Minimart, Playground, Jogging Track, Parking, Squash Court, Gymnasium, Club house, Swimming Pool, Tennis Court, Barbeque area",The Saffron,YTL Land & Development,Freehold,"Sentul Link, Sentul East, Sentul, Kuala Lumpur",2009.0,24,467,Service Residence,2,Medium,Non Bumi Lot,560000,Kuala Lumpur,11,516.1290322580645
3.0,2.0,1234,"Parking, Security, Lift, Swimming Pool, Playground, Multipurpose hall, Barbeque area, Gymnasium, Jogging Track",Lakeville Residence,Mah Sing Group Berhad,Leasehold,"Off Jalan Ipoh, Taman Wahyu, Jalan Ipoh, Kuala Lumpur",2017.0,42,1571,Condominium,2,High,Non Bumi Lot,770000,Kuala Lumpur,9,623.9870340356564
1.0,1.0,635,"Gymnasium, Multipurpose hall, Parking, Swimming Pool, Playground, Lift, Security",Gravit8,Mitraland Group,Freehold,"Kota Bayuemas, Klang South, Port Klang, Selangor",2018.0,,280,Service Residence,1,,Non Bumi Lot,350000,Selangor,7,551.1811023622047
2.0,2.0,818,"Lift, Multipurpose hall, Parking, Security, Swimming Pool, Playground, Gymnasium, Barbeque area",Lovell @ Country Garden Danga Bay,Country Garden Danga Bay Sdn. Bhd.,Freehold,"Jalan Skudai Off Country Garden Danga Bay, Johor Bahru, Johor",2017.0,,,Condominium,,High,Non Bumi Lot,488000,Johor,8,596.5770171149144
2.0,2.0,818,"Lift, Multipurpose hall, Parking, Security, Swimming Pool",Lovell @ Country Garden Danga Bay,Country Garden Danga Bay Sdn. Bhd.,Freehold,"Jalan Skudai Off Country Garden Danga Bay, Johor Bahru, Johor",2017.0,,,Condominium,,High,Non Bumi Lot,488000,Johor,5,596.5770171149144
2.0,2.0,818,"Lift, Multipurpose hall, Security, Parking",Lovell @ Country Garden Danga Bay,Country Garden Danga Bay Sdn. Bhd.,Freehold,"Jalan Skudai Off Country Garden Danga Bay, Johor Bahru, Johor",2017.0,,,Condominium,,High,Non Bumi Lot,488000,Johor,4,596.5770171149144
2.0,1.0,608,"Security, Playground",Beverly Hills 1,,Leasehold,"Jalan Bundusan, Kota Kinabalu, Sabah",,,,Apartment,,Low,Bumi Lot,265000,Sabah,2,435.85526315789474
3.0,2.0,815,"Parking, Security, Lift, Swimming Pool, Playground, Gymnasium, Sauna, Barbeque area, Minimart, Multipurpose hall, Club house, Jogging Track, Tennis Court, Squash Court",Kenwingston Square Garden,Kenwingston Seven Up Sdn Bhd,Freehold,"Persiaran Bestari, Cyberjaya, Selangor",2020.0,35,912,Service Residence,2,Low,Non Bumi Lot,485000,Selangor,14,595.0920245398773
3.0,2.0,837,"Security, Gymnasium, Squash Court, Swimming Pool, Barbeque area, Jogging Track, Parking, Playground",Asia Heights,Asia Green Group,Freehold,"Lorong Semarak Api 3, Ayer Itam, Penang",2007.0,22,816,Condominium,1,Low,Non Bumi Lot,330000,Penang,8,394.2652329749104
4.0,2.0,1010,"Parking, Security, Lift, Swimming Pool, Playground, Minimart, Multipurpose hall, Jogging Track, Gymnasium, Barbeque area",Kenwingston Platz,Kenwingston Group,Freehold,"Jalan Gombak, Setapak, Kuala Lumpur",,,,Service Residence,2,Medium,Non Bumi Lot,650000,Kuala Lumpur,10,643.5643564356436
3.0,2.0,750,,Vista Ilmu Apartment,,Freehold,"Vista Ilmu, Sarawak, Kuching",,,,Apartment,,Medium,Non Bumi Lot,175000,Kuching,,233.33333333333334
2.0,1.0,646,,MJC SOHO,,Leasehold,"Jalan Batu Kawa, Kuching, Sarawak",,,,Apartment,,Medium,Non Bumi Lot,130000,Sarawak,,201.23839009287926
2.0,2.0,640,"Parking, Security, Lift",Stutong Heights Apartment 1,Ibraco Berhad,Leasehold,"Lorong 12, Jalan Stampin Baru, 93350 Kuching, Kuching, Sarawak",,,,Apartment,,High,Bumi Lot,290000,Sarawak,3,453.125
3.0,2.0,1111,"Security, Swimming Pool, Gymnasium, Squash Court, Barbeque area, Parking",The Oasis,Arte Corp,Leasehold,"Off Jalan Yeap Choy Ee, Gelugor, Penang",2010.0,38,,Condominium,2,Medium,Non Bumi Lot,590000,Penang,6,531.053105310531
3.0,2.0,800,"Security, Parking",Tanjung Court,,Leasehold,"Lebuhraya Thean Teik, Ayer Itam, Penang",1994.0,6,672,Apartment,1,Low,Non Bumi Lot,430000,Penang,2,537.5
3.0,2.0,1463,"Parking, Security, Lift, Swimming Pool, Playground, Barbeque area, Sauna, Gymnasium, Jogging Track, Club house, Multipurpose hall",Arte S,Arte Corp,Freehold,"Off Persiaran Bukit Gambier, Gelugor, Penang",2018.0,49,480,Service Residence,2,High,Non Bumi Lot,990000,Penang,11,676.6917293233083
3.0,2.0,1169,"Playground, Barbeque area, Security, Swimming Pool, Parking, Minimart, Lift, Gymnasium",Setapak Ria Condominium,AM-EL Group,Freehold,"Jalan Mata Air 2, Taman Ayer Panas, Setapak, Kuala Lumpur",1994.0,24,576,Condominium,1,High,Non Bumi Lot,349000,Kuala Lumpur,8,298.5457656116339
3.0,2.0,1300,"Playground, Jogging Track, Barbeque area, Security, Swimming Pool, Tennis Court, Sauna, Multipurpose hall, Club house, Minimart, Gymnasium, Squash Court, Lift, Parking",Arena Residence @ The Arena,Golden Virtue,Freehold,"Off Jalan Tun Dr Awang, Bayan Baru, Penang",2015.0,19,114,Condominium,2,High,Non Bumi Lot,730000,Penang,14,561.5384615384615
3.0,1.0,650,"Parking, Playground, Minimart",Taman Seri Orkid,,Leasehold,"Jalan Seri Orkid 34, Skudai, Johor",,,,Flat,1,Low,Non Bumi Lot,196000,Johor,3,301.53846153846155
3.0,2.0,887,"Tennis Court, Minimart, Playground, Gymnasium, Parking, Squash Court, Lift, Security, Swimming Pool, Sauna",All Seasons Park,Belleview Group,Freehold,"Lebuhraya Thean Teik, Air Itam, Ayer Itam, Penang",2013.0,30,808,Condominium,1,Medium,Non Bumi Lot,478000,Penang,10,538.8951521984217
4.0,5.0,2800,"Club house, Parking, Playground, Swimming Pool, Squash Court, Jogging Track, Barbeque area, Security, Minimart, Sauna, Gymnasium",The Capsquare Residences,BRDB,Freehold,"Persiaran CapSquare, City Centre, Kuala Lumpur",2005.0,36,180,Condominium,2,,Non Bumi Lot,1650000,Kuala Lumpur,11,589.2857142857143
3.0,2.0,614,"Minimart, Playground, Jogging Track",Gugusan Tanjung,,Leasehold,"Jalan Cecawi, 47810 Kota Damansara, Petaling Jaya, Selangor",,,,Apartment,,Medium,Non Bumi Lot,200000,Selangor,3,325.7328990228013
4.0,2.0,1059,"Parking, Security, Lift, Swimming Pool, Playground, Minimart, Barbeque area, Gymnasium, Tennis Court",KL Traders Square Residences,SCP Group,Freehold,"Jalan Gombak Batu 4, Gombak, Kuala Lumpur",2019.0,38,2647,Service Residence,2,High,Non Bumi Lot,530000,Kuala Lumpur,9,500.4721435316336
3.0,2.0,1020,"Swimming Pool, Playground, Multipurpose hall, Barbeque area, Parking, Lift, Security, Gymnasium",Gardenz @ One South,Hua Yang Berhad,Leasehold,"Persiaran Serdang Perdana, Taman Serdang Perdana 4, Seri Kembangan, Selangor",,,,Service Residence,,Medium,Bumi Lot,400000,Selangor,8,392.15686274509807
3.0,2.0,1023,"Parking, Playground, Security, Lift, Swimming Pool, Minimart",Cengal Condominium,PPC Glomac Sdn. Bhd,Leasehold,"Jalan Sri Permaisuri 3, Bandar Sri Permaisuri, Cheras, Kuala Lumpur",2001.0,5,208,Condominium,1,High,Non Bumi Lot,377000,Kuala Lumpur,6,368.52394916911044
3.0,2.0,818,"Playground, Parking, Swimming Pool, Lift, Security",Akasia Apartment (Puchong),,Freehold,"Jalan Wawasan 2/3, Puchong, Selangor",,5,,Apartment,1,Low,Bumi Lot,375000,Selangor,5,458.43520782396087
4.0,2.0,940,"Parking, Security, Lift, Swimming Pool, Playground, Gymnasium, Barbeque area, Minimart, Multipurpose hall, Tennis Court",KL Traders Square Residences,SCP Group,Freehold,"Jalan Gombak Batu 4, Gombak, Kuala Lumpur",2019.0,38,2647,Service Residence,2,Low,Non Bumi Lot,460000,Kuala Lumpur,10,489.36170212765956
3.0,2.0,800,,RUMAWIP SUNGAI BESI,,Leasehold,"Jalan Sungai Besi, Kuala Lumpur, Sungai Besi",,,,Apartment,,Medium,Non Bumi Lot,300000,Sungai Besi,,375.0
4.0,2.0,940,"Parking, Security, Swimming Pool, Playground, Gymnasium, Barbeque area, Minimart, Multipurpose hall, Lift, Tennis Court",KL Traders Square Residences,SCP Group,Freehold,"Jalan Gombak Batu 4, Gombak, Kuala Lumpur",2019.0,38,2647,Service Residence,2,Medium,Non Bumi Lot,480000,Kuala Lumpur,10,510.63829787234044
3.0,2.0,1150,"Security, Minimart, Playground, Swimming Pool, Jogging Track, Gymnasium, Multipurpose hall, Barbeque area, Parking, Lift, Club house",Alpine Tower,IJM LAND BERHAD,Leasehold,"Tingkat Bukit Jambul 1, Bukit Jambul Indah, Bukit Jambul, Penang",2004.0,23,173,Condominium,1,Medium,Non Bumi Lot,450000,Penang,11,391.30434782608694
4.0,2.0,1179,"Swimming Pool, Security, Barbeque area, Parking, Jogging Track, Playground, Gymnasium, Lift","East Bay (Seri Bayan), Masai",,Freehold,"Jalan Bayan 11, Taman Perindustrian Kota Puteri, 81750 Masai, Johor, Masai, Johor",,,300,Apartment,1,,Non Bumi Lot,350000,Johor,8,296.86174724342663
3.0,2.0,1024,"Parking, Security, Gymnasium, Sauna, Lift, Jogging Track, Barbeque area, Minimart, Playground, Swimming Pool",Sri Akasia,,Leasehold,"Taman Tampoi Indah, Johor Bahru, Johor",2005.0,,698,Apartment,1,Medium,Non Bumi Lot,315000,Johor,10,307.6171875
3.0,3.0,1488,"Playground, Lift, Barbeque area, Squash Court, Sauna, Multipurpose hall, Jogging Track, Security, Minimart, Swimming Pool, Gymnasium, Parking",Bayshore Condominium,,Leasehold,"Jalan Teluk Likas, Off Jalan Asrama, Kota Kinabalu, Sabah",,15,,Condominium,,High,Non Bumi Lot,850000,Sabah,12,571.236559139785
3.0,2.0,1000,"Swimming Pool, Tennis Court, Sauna, Security, Barbeque area, Minimart, Parking, Playground, Squash Court",La Villas Condominium,,Freehold,"Jalan 1/21B, Taman Setapak, Setapak, Kuala Lumpur",,5,,Condominium,1,Medium,Non Bumi Lot,340000,Kuala Lumpur,9,340.0
2.0,1.0,950,"Playground, Jogging Track, Gymnasium, Security, Swimming Pool, Barbeque area, Sauna, Multipurpose hall",The Elements,Elite Forward Sdn Bhd (L&G / Mayland),Freehold,"Jalan Ampang Ulu, Ampang, Ampang, Kuala Lumpur",2015.0,41,1040,Service Residence,1,High,Non Bumi Lot,530000,Kuala Lumpur,8,557.8947368421053
4.0,1.0,1059,,Siantan,,Freehold,"Lorong Tengkera Jaya, Melaka City, Melaka",,,,Flat,,Medium,Non Bumi Lot,188000,Melaka,,177.52596789423984
3.0,2.0,969,"Swimming Pool, Security",Sri Dahlia Apartment (Kajang),TLS Group,Freehold,"Jalan Sepakat Indah 2/1, Taman Sepakat Indah 2, Kajang, Selangor",2004.0,18,332,Apartment,1,Medium,Non Bumi Lot,229000,Selangor,2,236.32610939112487
3.0,2.0,700,"Security, Parking, Lift, Swimming Pool, Playground, Multipurpose hall, Jogging Track",Kondominium Mutiara (Bandar Perda),,Freehold,"Off Jalan Perda Utama, Bandar Perda, Bukit Mertajam, Penang",,19,180,Condominium,1,Medium,Non Bumi Lot,245000,Penang,7,350.0
1.0,1.0,434,"Minimart, Security, Playground, Lift, Swimming Pool",Pulai Spring Resort,,Freehold,"Jalan Pontian, Johor, Skudai",,,,Apartment,,Medium,Non Bumi Lot,250000,Skudai,5,576.036866359447
3.0,2.0,750,"Parking, Security, Lift, Playground, Gymnasium, Barbeque area, Minimart, Multipurpose hall, Jogging Track",Residensi Prihatin Putrajaya,,Freehold,"Jalan P7C, Putrajaya, Putrajaya",,,,Apartment,1,Medium,Non Bumi Lot,200000,Putrajaya,9,266.6666666666667
3.0,2.0,804,"Parking, Security, Lift, Swimming Pool, Playground, Multipurpose hall, Barbeque area, Gymnasium, Minimart, Jogging Track",Edusentral,HCK Capital Group,Freehold,"Jalan Setia Murni U13/51, Setia Alam, Selangor",,,,Service Residence,2,Medium,Non Bumi Lot,360000,Selangor,10,447.76119402985074
3.0,2.0,1288,"Gymnasium, Multipurpose hall, Playground, Security, Swimming Pool, Jogging Track, Barbeque area, Lift, Parking",Ivory Residence,TLS Group,Freehold,"Jalan Mutiara 2, Mutiara Heights, Kajang, Selangor",2015.0,21,455,Condominium,2,Low,Non Bumi Lot,335000,Selangor,9,260.09316770186336
3.0,2.0,934,"Parking, Multipurpose hall, Club house, Security, Jogging Track, Sauna, Minimart, Playground, Swimming Pool, Gymnasium, Barbeque area",Tiara ParkHomes,Kueen Lai Villa,Freehold,"Jalan Bukit Ria, Off Jalan Bukit Mewah 41, Kajang, Selangor",2013.0,,300,Condominium,,Low,Non Bumi Lot,290000,Selangor,11,310.4925053533191
4.0,3.0,1421,"Parking, Security, Tennis Court, Lift, Gymnasium, Sauna, Club house, Playground, Barbeque area, Squash Court, Jogging Track, Minimart, Swimming Pool, Multipurpose hall",Surian Condominium,Boustead Holdings,Freehold,"Jalan PJU 7/12b, Mutiara Damansara, Petaling Jaya, Selangor",2007.0,,376,Condominium,2,High,Non Bumi Lot,860000,Selangor,14,605.2076002814919
4.0,5.0,1567,"Swimming Pool, Gymnasium, Sauna, Playground, Parking, Jogging Track, Barbeque area, Security",The Capers,YTL Land & Development,Freehold,"Sentul Link, Sentul East, Sentul, Kuala Lumpur",,40,,Service Residence,3,High,Non Bumi Lot,1000000,Kuala Lumpur,8,638.1620931716656
3.0,2.0,854,"Parking, Security, Swimming Pool",Sri Ros Apartment,TLS Group,Freehold,"Taman Sepakat Indah, Kajang, Selangor",,,,Apartment,1,Medium,Bumi Lot,180000,Selangor,3,210.7728337236534
2.0,1.0,500,"Playground, Minimart",Perling Apartment,,Freehold,"Jalan Undan 8, Johor Bahru, Johor",,,,Flat,,Medium,Non Bumi Lot,145000,Johor,2,290.0
3.0,2.0,650,"Lift, Parking",Seri Mutiara (Putra Heights),S P Setia Bhd,Freehold,"Jalan Putra Indah 9/1C, Putra Heights, Selangor",2007.0,,,Apartment,1,Low,Bumi Lot,160000,Selangor,2,246.15384615384616
3.0,1.0,700,,Taman Sri Bayan,,Freehold,"Taman Sri Bayan, Durian Tunggal, Melaka",,,,Flat,,,Non Bumi Lot,150000,Melaka,,214.28571428571428
3.0,2.0,1288,,Gardenia Court (Kuching),,Leasehold,"Jalan Tabuan Dayak, Kuching, Sarawak",,,,Apartment,,Medium,Non Bumi Lot,310000,Sarawak,,240.6832298136646
2.0,1.0,660,,Yoshi Square Commercial Centre,,Leasehold,"Jalan Pelabuhan Yoshi Square Yoshi Square,, Kuching, Sarawak",,,,Apartment,,High,Non Bumi Lot,168000,Sarawak,,254.54545454545453
2.0,2.0,550,"Lift, Minimart",Medan Angsana (Farlim 2),,Leasehold,"Medan Angsana, Ayer Itam, Penang",,,,Flat,,Medium,Non Bumi Lot,150000,Penang,2,272.72727272727275
3.0,2.0,914,,Kesidang Apartment,,Freehold,"Jalan Kesidang 2/8, Melaka City, Melaka",,,,Apartment,,Low,Non Bumi Lot,245000,Melaka,,268.0525164113786
3.0,2.0,1018,"Parking, Security, Lift, Swimming Pool, Playground, Gymnasium, Sauna, Barbeque area, Multipurpose hall, Jogging Track, Club house",The Holmes,Aset Kayamas,Leasehold,"Jalan Yaacob Latif,, Cheras, Kuala Lumpur",,,,Condominium,2,Medium,Non Bumi Lot,458000,Kuala Lumpur,11,449.901768172888
3.0,2.0,1399,"Gymnasium, Tennis Court, Playground, Parking, Security, Minimart, Swimming Pool",Sri Alam,,Leasehold,"Jalan Kelab Golf 13/1, Seksyen 13,, Shah Alam, Selangor",2004.0,8,,Condominium,,,Non Bumi Lot,480000,Selangor,7,343.10221586847746
2.0,1.0,715,"Parking, Playground, Swimming Pool, Minimart, Multipurpose hall, Club house, Barbeque area, Jogging Track, Lift, Sauna, Security, Gymnasium, Tennis Court, Squash Court",The Senai Garden,KCC Development (M) Sdn Bhd,Freehold,"Jalan Impian Senai Utama, Taman Impian Senai, Senai, Johor",,,392,Apartment,1,Medium,Non Bumi Lot,295000,Johor,14,412.5874125874126
3.0,2.0,600,"Security, Playground, Multipurpose hall",Taman Pasir Putih Fasa 3B Apartment,,Leasehold,"Putatan, Penampang, Sabah",,4,352,Apartment,,Low,Bumi Lot,195000,Sabah,3,325.0
3.0,2.0,1068,"Gymnasium, Security, Playground, Sauna, Swimming Pool, Multipurpose hall, Tennis Court, Jogging Track, Barbeque area, Parking, Minimart",The Raffles Suites,BMAH Properties,Freehold,"Jalan Uda Utama 2, Bandar Uda Utama, Johor Bahru, Johor",2016.0,30,311,Condominium,2,Medium,Non Bumi Lot,450000,Johor,11,421.34831460674155
2.0,1.0,580,,Flat Taman Alam Megah,,Leasehold,"Taman Alam Megah, Shah Alam, Selangor",,,,Apartment,1,,Bumi Lot,135000,Selangor,,232.75862068965517
2.0,1.0,580,,Flat Taman Alam Megah,,Leasehold,"Taman Alam Megah, Shah Alam, Selangor",,,,Apartment,1,,Bumi Lot,185000,Selangor,,318.9655172413793
3.0,2.0,835,"Parking, Security",Seri Atria,Worldwide Holdings,Leasehold,"Jalan Nova U5/71A, Seksyen U5, Shah Alam, Shah Alam, Selangor",,15,,Apartment,,,Bumi Lot,320000,Selangor,2,383.23353293413174
2.0,1.0,624,,Taman Desa Ilmu,,Leasehold,"Jln Desa Ilmu, Kota Samarahan, Sarawak",,,,Apartment,,Medium,Non Bumi Lot,138000,Sarawak,,221.15384615384616
3.0,2.0,750,,Vista Ilmu,,Freehold,"Vista ilmu, Sarawak, Kuching",,,,Apartment,,Medium,Non Bumi Lot,178000,Kuching,,237.33333333333334
3.0,2.0,720,"Parking, Swimming Pool, Jogging Track, Sauna, Security, Minimart, Lift, Playground, Barbeque area",Aman Putra Apartment,,Leasehold,"Off Taman Aman Putra, Kepong, Kuala Lumpur",,9,900,Apartment,,Medium,Bumi Lot,185000,Kuala Lumpur,9,256.94444444444446
3.0,2.0,750,,E Garden,VST Group,Freehold,"Persiaran Halia 3, Tanjong Tokong, Penang",,,,Condominium,,Medium,Non Bumi Lot,298000,Penang,,397.3333333333333
3.0,2.0,891,,Suria Avenue Apartment,,Freehold,"Jalan Dawai 16/2, Shah Alam, Selangor",,,,Apartment,,,Non Bumi Lot,270000,Selangor,,303.030303030303
3.0,2.0,680,"Security, Playground, Parking",Desa Pinang 2,IJM LAND BERHAD,Leasehold,"Lebuh Sungai Pinang 7, Jelutong, Penang",2009.0,22,900,Apartment,,,Non Bumi Lot,230000,Penang,3,338.2352941176471
2.0,1.0,580,,Flat Taman Alam Megah,,Leasehold,"Taman Alam Megah, Shah Alam, Selangor",,,,Apartment,1,,Bumi Lot,165000,Selangor,,284.48275862068965
3.0,1.0,646,"Security, Parking, Minimart, Jogging Track, Lift, Playground",Sri Saujana (Georgetown),PLB Land Sdn Bhd,Leasehold,"Lebuh Macallum, Georgetown, Penang",2009.0,23,2208,Apartment,,Low,Bumi Lot,240000,Penang,6,371.5170278637771
2.0,1.0,600,"Playground, Security, Parking, Barbeque area",Rampai Court,,Freehold,"Jalan 42/26, Wangsa Maju, Kuala Lumpur",,4,192,Apartment,2,,Non Bumi Lot,210000,Kuala Lumpur,4,350.0
3.0,2.0,850,,Vista Minintod,Syarikat Perumahan Negara Berhad,Leasehold,"Taman Vista Minintod, Penampang, Sabah",,5,,Apartment,,High,Non Bumi Lot,250000,Sabah,,294.11764705882354
2.0,1.0,540,"Minimart, Parking",Taman Bukit Mewah (Kajang),,Freehold,"Jalan Bukit Mewah, Taman Bukit Mewah, Kajang, Selangor",,,,Flat,,Medium,Non Bumi Lot,85000,Selangor,2,157.40740740740742
3.0,2.0,1200,"Security, Swimming Pool, Parking, Playground, Gymnasium, Lift, Sauna, Barbeque area, Multipurpose hall, Jogging Track",Seri Maya,Tan & Tan Developments Berhad,Freehold,"Jalan Jelatek, Off Jalan Ampang, Setiawangsa, Kuala Lumpur",2008.0,20,1400,Condominium,1,Low,Non Bumi Lot,560000,Kuala Lumpur,10,466.6666666666667
3.0,2.0,700,,,,Leasehold,,,,,Apartment,,Medium,Non Bumi Lot,188000,,,268.57142857142856
3.0,2.0,800,"Security, Parking",MJC Courtyard Sanctuary,,Leasehold,"Jalan Bandar Batu Kawa, Kuching, Sarawak",,,,Apartment,,High,Non Bumi Lot,275000,Sarawak,2,343.75
3.0,2.0,1259,"Parking, Swimming Pool, Sauna, Gymnasium, Security, Jogging Track, Playground, Lift",Magna Ville Condominium,Magna Park Sdn Bhd,Leasehold,"Off Lebuhraya Selayang - Kepong, Taman Selayang Jaya, Selayang, Selangor",2010.0,22,1074,Condominium,1,,Bumi Lot,360000,Selangor,8,285.94122319301033
3.0,2.0,946,"Swimming Pool, Security, Sauna, Minimart, Gymnasium, Parking, Playground",Ampang Boulevard,Suditasia,Leasehold,"Jalan Air Bukit, Ampang, Selangor",2008.0,17,616,Condominium,1,High,Bumi Lot,350000,Selangor,7,369.9788583509514
3.0,1.0,650,,Putra,,Leasehold,"Jalan Putra Permai Selesa, Seri Kembangan, Selangor",,,,Flat,,Medium,Bumi Lot,179000,Selangor,,275.38461538461536
2.0,1.0,646,"Parking, Playground, Jogging Track, Sauna, Security, Swimming Pool, Gymnasium, Barbeque area, Lift, Multipurpose hall, Club house",The Era,JKG Land Berhad,Freehold,"Jalan Segambut, Segambut, Segambut, Kuala Lumpur",2021.0,63,956,Service Residence,1,,Non Bumi Lot,432000,Kuala Lumpur,11,668.7306501547988
3.0,2.0,1155,"Parking, Security, Lift, Swimming Pool, Playground, Barbeque area, Gymnasium, Jogging Track",Akasa Cheras South,HAP SENG LAND SDN BHD,Freehold,"Taman Cheras Jaya, Seri Kembangan, Selangor",2021.0,,998,Service Residence,,Medium,Non Bumi Lot,780000,Selangor,8,675.3246753246754
2.0,2.0,847,"Parking, Security, Lift, Swimming Pool, Playground, Gymnasium, Barbeque area, Multipurpose hall, Club house",YOU Vista @ YOU City Cheras,PJD Group,Freehold,"ou vista, Jalan Persiaran You City, Taman Suntex, Cheras, Selangor",2016.0,35,,Service Residence,2,,Non Bumi Lot,460000,Selangor,9,543.0932703659977
4.0,5.0,2124,"Gymnasium, Sauna, Parking, Swimming Pool, Barbeque area, Security, Playground, Lift",Danga View Apartment,Ekovest Berhad,Freehold,"Jalan Persiaran Danga,Kampung Skudai Kiri, Skudai, Johor",,14,319,Apartment,2,High,Non Bumi Lot,520000,Johor,8,244.8210922787194
3.0,2.0,960,"Security, Parking, Barbeque area",Mutiara Court (Penang),,Freehold,"Lorong Delima 20, Gelugor, Penang",1989.0,3,186,Apartment,1,Low,Non Bumi Lot,500000,Penang,3,520.8333333333334
3.0,2.0,656,,Laksamana Jaya,Oscartech Development,Leasehold,"Kampung Laksamana, Batu Caves, Selangor",,,,Apartment,,Medium,Bumi Lot,155000,Selangor,,236.28048780487805
3.0,2.0,845,"Parking, Tennis Court, Barbeque area, Sauna, Security, Minimart, Swimming Pool, Playground, Gymnasium, Jogging Track",Idaman Sutera,Medan Idaman,Freehold,"No. 2, Jalan 13/21D, Medan Idaman, Setapak, Kuala Lumpur",2002.0,21,744,Condominium,1,,Non Bumi Lot,260000,Kuala Lumpur,10,307.6923076923077
3.0,2.0,1283,"Swimming Pool, Lift, Parking, Playground, Minimart, Gymnasium, Tennis Court, Squash Court, Security",Starhill Luxury Residences,Aroma Development Sdn. Bhd.,Freehold,"Off Persiaran Bukit Gambir, Gelugor, Penang",,35,547,Condominium,1,Medium,Non Bumi Lot,750000,Penang,9,584.5674201091192
3.0,2.0,904,"Parking, Security, Lift, Swimming Pool, Playground, Minimart",Sri Intan 1,Crystal Aim (a subsidiary of Siah Brothers Construction),Freehold,"No. 17 Lengkok Selingsing, Off Jalan Selinsing Batu 5, Jalan Ipoh, Kuala Lumpur",,,,Condominium,1,High,Non Bumi Lot,270000,Kuala Lumpur,6,298.6725663716814
3.0,2.0,1069,,Admiral Residences,Tanjung Ratna Sdn Bhd,Leasehold,"24, Jln KLJ 4, Taman Kota Laksamana Jaya, Melaka City, Melaka",,,,Apartment,2,Medium,Non Bumi Lot,360000,Melaka,,336.7633302151543
3.0,2.0,1160,"Parking, Security, Lift, Swimming Pool, Playground, Gymnasium, Sauna",Forest Hill (Kuching),Tecktonic & Sons Holdings Sdn Bhd,Leasehold,"Jalan Datuk Temenggong Tan Meng Chong, Kuching, Sarawak",,,,Apartment,,Medium,Non Bumi Lot,580000,Sarawak,7,500.0
3.0,2.0,860,"Parking, Security, Lift",Pangsapuri Jati Selatan,,Leasehold,"Jalan 1/125G, Desa Petaling, Kuala Lumpur",,,,Apartment,1,Medium,Non Bumi Lot,308000,Kuala Lumpur,3,358.13953488372096
3.0,2.0,850,"Security, Swimming Pool, Multipurpose hall",SuriaMas Suites (Johor Bahru),IJM LAND BERHAD,Leasehold,"Jalan Dato Jaafar, Taman Dato' Onn, Larkin, Johor Bahru, Johor",,10,65,Service Residence,,Medium,Non Bumi Lot,340000,Johor,3,400.0
4.0,3.0,1433,"Parking, Security, Minimart, Barbeque area, Swimming Pool, Jogging Track, Playground, Gymnasium",Casa Suria,,Freehold,"Jalan Kemacahaya 11, Taman Kemacahaya, Cheras, Selangor",2010.0,20,300,Condominium,2,,Non Bumi Lot,350000,Selangor,8,244.24284717376133
3.0,2.0,1222,"Security, Parking, Jogging Track, Playground",Mahkota Residence Apartment,Cheras Hong Soon Development Sdn. Bhd.,Freehold,"Persiaran Mahkota Residence, Bandar Mahkota Cheras, Cheras, Selangor",,8,67,Apartment,2,Low,Non Bumi Lot,415000,Selangor,4,339.60720130932896
3.0,2.0,802,Minimart,Genting Court Condominium,Immetec Sdn Bhd,Leasehold,"Jalan Teratai, Taman P Ramlee, Setapak, Kuala Lumpur",1995.0,14,1008,Condominium,2,,Non Bumi Lot,210000,Kuala Lumpur,1,261.8453865336658
3.0,2.0,1093,"Gymnasium, Barbeque area, Tennis Court, Sauna, Parking, Security, Playground, Swimming Pool",East Lake Residence,Hongkong Land,Leasehold,"Persiaran Serdang Perdana, Taman Serdang Perdana, Seksyen 3, Seri Kembangan, Selangor",,,634,Condominium,1,,Non Bumi Lot,360000,Selangor,8,329.3687099725526
3.0,1.0,590,,Taman Pinggiran Batu Caves Flat,,Leasehold,"Off Jalan Lebuhraya Pinggiran, Batu Caves, Selangor",,,,Flat,,Low,Non Bumi Lot,238000,Selangor,,403.3898305084746
2.0,1.0,678,"Playground, Parking, Swimming Pool, Security, Minimart",Apartment Saujana Gombak,,Leasehold,"Jalan Zambrut, Gombak, Selangor",,,,Apartment,,Medium,Bumi Lot,165000,Selangor,5,243.36283185840708
3.0,2.0,735,Playground,Delima Apartment,,Leasehold,"Off Jalan Klang Lama, Old Klang Road, Kuala Lumpur",2017.0,14,560,Apartment,,Medium,Non Bumi Lot,235000,Kuala Lumpur,1,319.7278911564626
3.0,2.0,650,"Security, Parking, Lift",Pangsapuri Teratai (Anggerik Perdana),Getaris Sdn. Bhd.,Leasehold,"Jalan Anggerik Perdana 3, Taman Anggerik Perdana, Kajang, Selangor",,,,Apartment,,High,Bumi Lot,140000,Selangor,3,215.3846153846154
3.0,2.0,650,"Gymnasium, Jogging Track, Playground, Swimming Pool, Sauna, Club house, Security",Bandar Sunway Semenyih,Sunway City Bhd,Freehold,"Bandar Sunway Semenyih, Semenyih, Selangor",2011.0,,,Flat,,High,Bumi Lot,140000,Selangor,7,215.3846153846154
3.0,2.0,1116,"Security, Lift, Parking, Swimming Pool, Playground, Gymnasium, Jogging Track, Barbeque area",P' Residence Kuching,Tenaga Seri Wangsa (TSW Properties),Leasehold,"Jalan Datuk Stephen Yong, Kuching, Sarawak",,,,Condominium,1,,Non Bumi Lot,450000,Sarawak,8,403.2258064516129
3.0,2.0,1190,,P' Residence Kuching,Tenaga Seri Wangsa (TSW Properties),Leasehold,"Jalan Datuk Stephen Yong, Kuching, Sarawak",,,,Condominium,2,,Non Bumi Lot,460000,Sarawak,,386.5546218487395
4.0,2.0,1680,"Security, Parking",Tabuan Stutong Apartment,Usaha Cendara Sdn Bhd,Freehold,"Stutong, Kuching, Kuching, Sarawak",,,,Apartment,,High,Non Bumi Lot,430000,Sarawak,2,255.95238095238096
2.0,2.0,802,"Lift, Parking, Jogging Track, Barbeque area, Swimming Pool, Gymnasium, Multipurpose hall, Security, Playground, Minimart",Eco Bloom @ Eco Meadows,Eco World Development Group Berhad,Freehold,"Jalan Paboi, Simpang Ampat, Penang",2020.0,33,490,Condominium,,High,Non Bumi Lot,410000,Penang,10,511.2219451371571
3.0,2.0,850,"Playground, Parking, Security, Lift, Minimart",Flora Damansara,MK Land Holdings,Leasehold,"Jalan PJU 8/9, Damansara Perdana, Selangor",2015.0,20,1440,Condominium,1,Low,Non Bumi Lot,245000,Selangor,5,288.2352941176471
3.0,2.0,1076,"Gymnasium, Jogging Track, Playground, Barbeque area, Swimming Pool, Multipurpose hall",Palm Garden @ Pearl City,TAMBUN INDAH LAND,Freehold,"Persiaran Mutiara 8, Simpang Ampat, Penang",,,,Apartment,,Medium,Non Bumi Lot,380000,Penang,6,353.1598513011152
2.0,2.0,735,,The Roxy,Tecktonic & Sons Holdings Sdn Bhd,Leasehold,"142, Jalan Bukit Cahaya, Kuching, Sarawak",,,,Apartment,1,Medium,Non Bumi Lot,400000,Sarawak,,544.2176870748299
4.0,3.0,1257,"Playground, Security, Lift, Parking, Swimming Pool, Jogging Track, Gymnasium",Liberty Grove,Elica Sdn Bhd,Leasehold,"12, Lor 2A, Taman Chuon Kiaw, Kuching, Sarawak",,12,200,Apartment,2,Medium,Non Bumi Lot,600000,Sarawak,7,477.326968973747
3.0,2.0,950,"Security, Swimming Pool, Playground, Minimart, Barbeque area, Multipurpose hall, Jogging Track, Parking",Cemara Apartment (Kajang Utama),MRCB Land,Freehold,"Jalan Seksyen 3/1a, Taman Kajang Utama, Kajang, Selangor",,5,,Apartment,1,Low,Non Bumi Lot,260000,Selangor,8,273.6842105263158
3.0,2.0,1399,"Playground, Security, Parking",Green Heights Condominiums,,Freehold,"Lorong Lapangan Terbang 2, Green Heights, Kuching, Sarawak",,,,Condominium,,Low,Non Bumi Lot,480000,Sarawak,3,343.10221586847746
3.0,2.0,850,"Parking, Security, Lift, Swimming Pool, Playground, Gymnasium, Sauna, Barbeque area, Minimart, Multipurpose hall, Club house, Jogging Track, Tennis Court, Squash Court",D'Cassia Apartment,SP Setia Berhad,Freehold,"Jalan Ecohill 1/2, Semenyih, Selangor",2019.0,,635,Apartment,2,High,Non Bumi Lot,230000,Selangor,14,270.5882352941176
2.0,2.0,818,"Minimart, Gymnasium, Jogging Track, Parking, Security, Swimming Pool, Playground, Lift",Plaza Medan Putra,Sri Melinger,Freehold,"Jalan Medan Putra 6, Kepong, Kuala Lumpur",,22,500,Service Residence,1,High,Non Bumi Lot,290000,Kuala Lumpur,8,354.52322738386306
2.0,2.0,940,"Jogging Track, Security, Swimming Pool, Gymnasium, Multipurpose hall, Barbeque area, Lift, Parking, Playground, Sauna",Luminari,OSK Property Holdings Berhad,Freehold,"Jalan Chain Ferry, Seberai Perai Utara, Butterworth, Penang",2020.0,34,462,Service Residence,1,High,Non Bumi Lot,500000,Penang,10,531.9148936170212
4.0,2.0,844,"Security, Swimming Pool, Multipurpose hall, Parking, Playground",Intana Ria,,Leasehold,"Off Jalan 7/1, Seksyen 7, Bandar Baru Bangi, Bangi, Selangor",,,,Apartment,1,Medium,Bumi Lot,229000,Selangor,5,271.3270142180095
3.0,2.0,1100,"Parking, Security, Lift, Swimming Pool, Playground, Minimart, Multipurpose hall, Gymnasium",Casa Ria (Cheras),Syarikat Maluri Sdn Bhd,Leasehold,"Jalan Jejaka, Maluri, Cheras, Kuala Lumpur",2010.0,20,300,Condominium,1,Medium,Non Bumi Lot,310000,Kuala Lumpur,8,281.8181818181818
3.0,2.0,1223,"Swimming Pool, Playground, Lift, Gymnasium, Parking, Security, Squash Court, 10",,,Leasehold,,,,,Condominium,1,Medium,Non Bumi Lot,670000,,8,547.8331970564186
3.0,2.0,750,"Parking, Security",Pangsapuri Orkid (Bukit Serdang),,Leasehold,"Off Jalan Kasturi, Taman Bukit Serdang, Seri Kembangan, Selangor",,5,300,Apartment,1,Medium,Non Bumi Lot,200000,Selangor,2,266.6666666666667
3.0,2.0,870,"Playground, Swimming Pool, Parking, Security, Gymnasium, Lift",Ashton Tower,SCP Group,Leasehold,"Off Kolombong, Kota Kinabalu, Sabah",2016.0,29,391,Condominium,1,Medium,Non Bumi Lot,480000,Sabah,6,551.7241379310345
3.0,2.0,1106,"Parking, Security, Lift, Playground",Cheras Perdana Ria Apartment,,Freehold,"Lengkok CP 1a, Cheras Perdana, Cheras, Selangor",,,,Apartment,1,Low,Bumi Lot,320000,Selangor,4,289.33092224231467
3.0,2.0,926,"Swimming Pool, Gymnasium, Security, Playground, Lift, Sauna, Parking, Barbeque area, Minimart, Multipurpose hall, Club house",Magna Ville Condominium,Magna Park Sdn Bhd,Leasehold,"Off Lebuhraya Selayang - Kepong, Taman Selayang Jaya, Selayang, Selangor",2010.0,22,1074,Condominium,1,Medium,Bumi Lot,320000,Selangor,11,345.5723542116631
3.0,2.0,1184,"Parking, Gymnasium, Squash Court, Swimming Pool, Tennis Court, Minimart, Club house, Lift, Security",Royalle Condominium,Wisdom Realty Sdn. Bhd.,Leasehold,"Jalan Kiara 3, Segambut Dalam, 50200, Kuala Lumpur, Segambut, Kuala Lumpur",,,144,Condominium,2,Medium,Non Bumi Lot,658000,Kuala Lumpur,9,555.7432432432432
3.0,2.0,755,"Lift, Parking, Security, Swimming Pool, Playground",Ketumbar Heights,Mahajaya Berhad,Freehold,"Jalan 6/95B, Taman Cheras, Cheras, Kuala Lumpur",2010.0,14,336,Condominium,1,High,Bumi Lot,250000,Kuala Lumpur,5,331.12582781456956
3.0,2.0,1052,"Parking, Security, Lift, Swimming Pool, Playground, Gymnasium, Barbeque area, Minimart, Multipurpose hall",Residensi Anggerik Wira,,Freehold,"Jalan Sungai Tekali, Hulu Langat, Selangor",,,,Condominium,2,High,Bumi Lot,370000,Selangor,9,351.71102661596956
4.0,2.0,1272,"Security, Gymnasium, Jogging Track, Swimming Pool, Club house, Minimart, Playground, Squash Court, Parking, Tennis Court, Multipurpose hall",Platinum Lake PV10,Platinum Victory Group Sdn. Bhd.,Leasehold,"No. 2 Jalan Danau Saujana 2, Danau Kota, Setapak, Kuala Lumpur",,,,Condominium,1,High,Non Bumi Lot,490000,Kuala Lumpur,11,385.2201257861635
3.0,2.0,770,,Mentari Court,Mentari Group,Leasehold,"Jalan PJS8/9, Petaling Jaya, Selangor",2006.0,18,200,Apartment,,Medium,Non Bumi Lot,260000,Selangor,,337.6623376623377
3.0,2.0,901,"Minimart, Swimming Pool, Security, Gymnasium, Tennis Court, Parking, Playground",Juta Mines,Galian Juta Property,Leasehold,"Persiaran Seri Timah, Taman Seri Timah, Seri Kembangan, Selangor",2005.0,20,606,Condominium,1,Medium,Non Bumi Lot,229999,Selangor,7,255.27081021087682
2.0,2.0,615,,Tembikai Court,,Freehold,"Jalan Indah 3, Seri Kembangan, Selangor",,,,Flat,,Low,Non Bumi Lot,182000,Selangor,,295.9349593495935
4.0,3.0,1642,"Parking, Security, Lift, Swimming Pool, Barbeque area, Sauna, Gymnasium, Playground, Multipurpose hall, Minimart",Pine Residence,Lone Pine Group,Freehold,"Jalan Bukit Kukus, Taman Terubong Indah, Paya Terubong, Penang",2015.0,,222,Condominium,2,,Non Bumi Lot,630000,Penang,10,383.6784409257004
3.0,2.0,800,"Minimart, Parking, Security, Lift, Playground, Swimming Pool",Jay Series,,Freehold,"No. 7 & 8, Jalan Gangsa, Jelutong, Penang",1998.0,24,342,Condominium,1,,Non Bumi Lot,390000,Penang,6,487.5
3.0,2.0,901,"Playground, Gymnasium, Swimming Pool, Security, Tennis Court, Parking, Minimart, Lift, Sauna, Barbeque area, Multipurpose hall, Jogging Track, Club house",Juta Mines,Galian Juta Property,Leasehold,"Persiaran Seri Timah, Taman Seri Timah, Seri Kembangan, Selangor",2005.0,20,606,Condominium,1,High,Non Bumi Lot,230000,Selangor,13,255.27192008879024
3.0,2.0,850,"Parking, Security, Playground, Swimming Pool, Lift, Gymnasium, Barbeque area, Minimart, Multipurpose hall, Club house, Jogging Track, Tennis Court",PangsaRia,Salak Park Development,Leasehold,"Jalan 1/125e, Desa Petaling, Kuala Lumpur",,9,,Apartment,1,Medium,Non Bumi Lot,220000,Kuala Lumpur,12,258.8235294117647
1.0,1.0,685,"Parking, Security, Lift, Swimming Pool, Playground, Gymnasium, Sauna",Seasons Amara Larkin,,Leasehold,"Jalan Tun Abdul Razak, Johor Bahru, Johor",,,,Service Residence,,High,Non Bumi Lot,290000,Johor,7,423.35766423357666
2.0,2.0,800,"Parking, Security, Lift, Swimming Pool, Playground, Gymnasium, Sauna, Barbeque area, Minimart, Multipurpose hall, Club house, Jogging Track, Squash Court",Razak City Residences,Razak City Residences,Freehold,"Razak City, Lebuhraya Sungai Besi Besraya, Sungai Besi, Kuala Lumpur",,,,Service Residence,1,Medium,Non Bumi Lot,398000,Kuala Lumpur,13,497.5
3.0,2.0,720,"Jogging Track, Tennis Court, Parking, Security, Lift, Swimming Pool, Playground, Gymnasium, Sauna, Barbeque area, Minimart, Multipurpose hall",Symphony Park (Jelutong),Belleview Group,Freehold,"Jalan Lenggong, Jelutong, Penang",2003.0,20,480,Condominium,2,Medium,Non Bumi Lot,499000,Penang,12,693.0555555555555
3.0,1.0,650,,Pangsapuri Arista,WCT Holding Berhad,Freehold,"Bandar Parklands, Klang, Selangor",,2,,Apartment,,High,Non Bumi Lot,155000,Selangor,,238.46153846153845
3.0,2.0,850,"Parking, Swimming Pool, Jogging Track",Pangsapuri Putra Damai,Putrajaya Homes Sdn Bhd,Freehold,"Off Jalan P11, Presint 11, Putrajaya, Putrajaya",,17,,Flat,1,Medium,Bumi Lot,270000,Putrajaya,3,317.6470588235294
3.0,2.0,1150,"Parking, Security, Lift",PR1ma Residensi Rumpun Bahagia Melaka,,Leasehold,"Rumpun Bahagia, Melaka, Bachang",,,,Apartment,,High,Non Bumi Lot,480000,Bachang,3,417.39130434782606
2.0,1.0,650,,ppr desa tun razak,,Leasehold,"8, Jln Lingkaran Tengah 2, Kuala Lumpur, Cheras",,,,Apartment,,High,Bumi Lot,200000,Cheras,,307.6923076923077
3.0,2.0,852,"Parking, Security, Lift, Swimming Pool, Playground, Gymnasium, Sauna, Barbeque area, Minimart, Multipurpose hall, Jogging Track",Tiara Mutiara,Mutiara Johan Group,Freehold,"Off Jalan Klang Lama, Old Klang Road, Kuala Lumpur",2014.0,17,403,Condominium,1,Medium,Non Bumi Lot,498000,Kuala Lumpur,11,584.5070422535211
1.0,1.0,715,"Security, Swimming Pool, Gymnasium, Barbeque area, Sauna, Lift, Multipurpose hall, Club house, Parking, Minimart, Playground, Jogging Track",Senai Garden Apartment,KCC Development (M) Sdn Bhd,Freehold,"Jalan Impian Senai Utama, Taman Impian Senai, Senai, Johor",2019.0,12,392,Apartment,1,Low,Non Bumi Lot,308000,Johor,12,430.7692307692308
1.0,1.0,715,"Jogging Track, Club house, Security, Swimming Pool, Squash Court, Sauna, Multipurpose hall, Parking, Playground, Gymnasium, Minimart, Tennis Court, Barbeque area, Lift",The Senai Garden,KCC Development (M) Sdn Bhd,Freehold,"Jalan Impian Senai Utama, Taman Impian Senai, Senai, Johor",,,392,Apartment,,Low,Non Bumi Lot,308000,Johor,14,430.7692307692308
3.0,1.0,700,,Flat Danau Kota,,Leasehold,"Jalan 2/23D, Setapak, Kuala Lumpur",,,,Apartment,1,,Bumi Lot,180000,Kuala Lumpur,,257.14285714285717
1.0,1.0,650,"Security, Jogging Track, Minimart, Parking, Lift, Barbeque area",Amber Court Apartment,,Freehold,"Genting Highlands, Genting Highlands, Pahang",,20,,Apartment,1,Medium,Non Bumi Lot,200000,Pahang,6,307.6923076923077
2.0,1.0,550,"Parking, Playground, Minimart",Bandar Baru Selayang Fasa 2A,,Freehold,"Jalan 2a/5, Selayang, Selangor",,,,Flat,1,Low,Non Bumi Lot,175000,Selangor,3,318.1818181818182
3.0,2.0,750,,Pangsapuri Sri Delima,,Freehold,"Pangsapuri Sri Delima, Jalan Pekeliling, Bandar Baru Seri Alam, Masai, Johor",,,,Apartment,,Low,Bumi Lot,125000,Johor,,166.66666666666666
4.0,2.0,1588,,Taman Kosas Shop Apartment,,Leasehold,"Off Jalan Kosas Utama, Taman Kosas, Ampang, Selangor",,4,,Apartment,,Medium,Bumi Lot,228000,Selangor,,143.57682619647355
3.0,2.0,1600,,Village Grove Condominium,,Leasehold,"Taman BDC, Kuching, Sarawak",,,,Condominium,,Medium,Non Bumi Lot,530000,Sarawak,,331.25
1.0,1.0,715,"Gymnasium, Security, Minimart, Sauna, Multipurpose hall, Playground, Jogging Track, Lift, Barbeque area, Club house, Parking, Swimming Pool",Senai Garden Apartment,KCC Development (M) Sdn Bhd,Freehold,"Jalan Impian Senai Utama, Taman Impian Senai, Senai, Johor",2019.0,12,392,Apartment,,Low,Non Bumi Lot,308000,Johor,12,430.7692307692308
3.0,2.0,700,"Parking, Security",Mutiara Indah,I&P Group,Freehold,"Changkat Bukit Gambier, Gelugor, Penang",,,,Apartment,,Medium,Non Bumi Lot,290000,Penang,2,414.2857142857143
3.0,2.0,849,"Minimart, Tennis Court, Jogging Track, Sauna, Parking, Swimming Pool, Squash Court, Multipurpose hall, Club house, Playground, Lift, Barbeque area, Security, Gymnasium",Mediterranean Apartment,,Freehold,"Off Persiaran Aman, Taman Sri Muda, Shah Alam, Selangor",,,,Apartment,,,Bumi Lot,238000,Selangor,14,280.32979976442874
3.0,2.0,1097,,Sri Samudera Seaview Residence Suites,,Freehold,"Jalan Mahmoodiah, Johor Bahru, Johor",2008.0,22,188,Apartment,1,High,Non Bumi Lot,490000,Johor,,446.67274384685504
3.0,3.0,1251,"Security, Swimming Pool, Sauna, Playground, Gymnasium, Jogging Track, Lift, Parking, Minimart, Squash Court, Multipurpose hall",Conezion Residences,Mayang Development Sdn Bhd,Freehold,"Persiaran Utara, Putrajaya, Putrajaya",2018.0,26,1326,Service Residence,2,Medium,Non Bumi Lot,788000,Putrajaya,11,629.8960831334932
5.0,5.0,2306,"Security, Parking, Lift, Swimming Pool, Gymnasium",Bukit Dumbar Permai,,Freehold,"3A, Jalan Bukit Dumbar, Gelugor, Penang",,5,,Condominium,2,High,Non Bumi Lot,1000000,Penang,5,433.6513443191674
3.0,2.0,990,"Security, Playground, Barbeque area, Swimming Pool, Jogging Track, Parking, Multipurpose hall",Rumbia Residence @ Ari Permaisuri,Dwitasik Sdn Bhd,Leasehold,"Off Jalan Sri Permaisuri, Bandar Sri Permaisuri, Cheras, Kuala Lumpur",2021.0,35,284,Condominium,,High,Non Bumi Lot,560000,Kuala Lumpur,7,565.6565656565657
4.0,3.0,1900,"Playground, Gymnasium, Security, Swimming Pool, Jogging Track, Multipurpose hall",Ceria Residence,SETIA HARUMAN SDN BHD,Freehold,"Persiaran Sepang, Taman Sains Selangor 2, Cyberjaya, Selangor",2017.0,,350,Condominium,2,Low,Bumi Lot,670000,Selangor,6,352.63157894736844
3.0,2.0,1200,"Parking, Lift, Security",Centro View,,Freehold,"Off Lorong Segar Jaya 1, Bagan Lalang, Butterworth, Penang",,10,,Condominium,1,Medium,Non Bumi Lot,380000,Penang,3,316.6666666666667
3.0,2.0,1207,"Multipurpose hall, Club house, Security, Swimming Pool, Minimart, Playground, Parking, Lift",Astana Lumayan,Danau Lumayan Sdn Bhd,Leasehold,"Jalan Tasik Permaisuri 3, Bandar Sri Permaisuri, Cheras, Kuala Lumpur",2013.0,18,250,Service Residence,2,Medium,Bumi Lot,530000,Kuala Lumpur,8,439.10521955260975
2.0,1.0,600,"Parking, Security, Lift, Swimming Pool, Playground, Gymnasium, Sauna, Barbeque area, Minimart, Multipurpose hall, Club house, Jogging Track, Tennis Court, Squash Court",Bandar Baru Uda (Johor Bahru),,Leasehold,"Bandar Baru Uda, Johor Bahru, Johor",,,,Flat,,Medium,Non Bumi Lot,130000,Johor,14,216.66666666666666
3.0,2.0,903,"Swimming Pool, Minimart, Parking, Playground, Sauna, Security, Lift",Elaeis 1,,Freehold,"Block D, Jalan Bait U8/1, Section U8, Shah Alam, Selangor",,11,,Condominium,1,High,Bumi Lot,360000,Selangor,7,398.67109634551497
3.0,2.0,1020,"Minimart, Tennis Court, Squash Court, Swimming Pool, Security, Playground, Gymnasium, Jogging Track, Lift, Multipurpose hall, Parking, Sauna, Club house, Barbeque area",Tropicana Bay Residences @ PWC,Tropicana Ivory Sdn. Bhd.,Freehold,"Penang WorldCity Sales Gallery, Bayan Lepas, Penang",2017.0,22,1343,Condominium,1,High,Non Bumi Lot,738000,Penang,14,723.5294117647059
3.0,2.0,850,"Swimming Pool, Security, Lift, Parking",Kipark,KIP Group,Leasehold,"Jalan Titiwangsa 1, Taman Tampoi Indah, Johor Bahru, Johor",2008.0,16,196,Apartment,1,Medium,Bumi Lot,330000,Johor,4,388.2352941176471
3.0,2.0,646,,Pangsapuri Intan (Ampang),,Leasehold,"Jalan Bukit Permai, Ampang, Selangor",,,,Flat,,Medium,Non Bumi Lot,160000,Selangor,,247.67801857585138
3.0,2.0,820,"Security, Parking, Playground",Seri Permai Apartment,Sunrise Bhd,Freehold,"Jalan Bahagia 29, Taman Seri Bahagia, Cheras, Selangor",,5,,Apartment,1,High,Non Bumi Lot,180000,Selangor,3,219.5121951219512
4.0,3.0,1645,"Parking, Security, Lift, Swimming Pool, Playground, Gymnasium, Sauna, Barbeque area, Minimart, Multipurpose hall, Club house, Jogging Track, Tennis Court",Armanee,MK Land Holdings,Leasehold,"Jalan PJU 10/1C, Damansara Damai, Selangor",2006.0,10,733,Condominium,2,Low,Bumi Lot,525000,Selangor,13,319.1489361702128
3.0,2.0,710,"Parking, Playground, Minimart",Park Avenue (Tampoi Indah),,Leasehold,"Jalan Mawar 3, Off Jalan Titiwangsa Utama, Taman Tampoi Indah, Johor Bahru, Johor",,3,,Apartment,,Low,Bumi Lot,206000,Johor,3,290.14084507042253
3.0,2.0,650,"Parking, Playground, Security, Swimming Pool, Lift, Minimart, Gymnasium, Barbeque area, Multipurpose hall, Jogging Track",Harmoni Apartment,,Leasehold,"Jalan PJU 10/4C, Damansara Damai, Damansara Damai, Selangor",,5,1100,Apartment,1,Low,Bumi Lot,98000,Selangor,10,150.76923076923077
3.0,2.0,850,"Barbeque area, Club house, Parking, Jogging Track, Tennis Court, Multipurpose hall, Minimart, Playground, Gymnasium, Security, Swimming Pool, Squash Court, Sauna",Arc @ Austin Hills,Andaman Group,Freehold,"Jalan Sagu 36, Taman Daya, Johor Bahru, Johor",2019.0,35,1843,Service Residence,2,High,Non Bumi Lot,350000,Johor,13,411.7647058823529
3.0,2.0,1055,"Security, Lift, Parking, Swimming Pool, Playground, Gymnasium",Puncak Saujana,,Freehold,"Persiaran Puncak Saujana, Kajang, Selangor",,,,Apartment,,,Non Bumi Lot,270000,Selangor,6,255.92417061611374
3.0,2.0,700,"Parking, Playground, Security, Lift",Casa Impian,,Freehold,"No. 78, Jalan Ooi Thiam Siew, Jelutong, Penang",2006.0,18,182,Apartment,1,Medium,Non Bumi Lot,420000,Penang,4,600.0
3.0,2.0,580,"Jogging Track, Parking, Minimart, Lift",Sri Saujana (Georgetown),PLB Land Sdn Bhd,Leasehold,"Lebuh Macallum, Georgetown, Penang",2009.0,23,2208,Apartment,,High,Non Bumi Lot,200000,Penang,4,344.82758620689657
3.0,2.0,800,,Mutiara Fadason,,Leasehold,"Jalan 2/17, Off Jalan Kepong, Jinjang, Kuala Lumpur",,,,Apartment,,Low,Non Bumi Lot,178000,Kuala Lumpur,,222.5
3.0,2.0,700,"Parking, Playground, Security, Lift",Casa Impian,,Freehold,"No. 78, Jalan Ooi Thiam Siew, Jelutong, Penang",2006.0,18,182,Apartment,1,Medium,Non Bumi Lot,360000,Penang,4,514.2857142857143
1.0,1.0,660,"Sauna, Multipurpose hall, Parking, Swimming Pool, Gymnasium, Barbeque area, Playground, Jogging Track, Security, Minimart",Diamond Regency,Renown Inspiration,Freehold,"No.18 Jalan 3/50, Off Jalan Gombak, Setapak, Kuala Lumpur",2007.0,20,196,Condominium,1,Medium,Non Bumi Lot,299000,Kuala Lumpur,10,453.030303030303
3.0,2.0,920,,Menara D'Sara,,Freehold,"Jalan Margosa SD 10/1, Bandar Sri Damansara, Selangor",,,,Condominium,1,,Non Bumi Lot,495000,Selangor,,538.0434782608696
3.0,2.0,812,Minimart,Genting Court Condominium,Immetec Sdn Bhd,Leasehold,"Jalan Teratai, Taman P Ramlee, Setapak, Kuala Lumpur",1995.0,14,1008,Condominium,1,,Non Bumi Lot,215000,Kuala Lumpur,1,264.7783251231527
3.0,2.0,1100,,Tasik Mewah Condominium,,Freehold,"Lot 5031, Jalan Keliling, Seremban, Negeri Sembilan",,,,Condominium,1,Medium,Non Bumi Lot,270000,Negeri Sembilan,,245.45454545454547
3.0,2.0,936,"Parking, Security, Playground, Barbeque area",Sri Impian Apartment (Larkin Perdana),,Leasehold,"Jalan Larkin Perdana 2, Johor Bahru, Johor",,21,,Apartment,,Medium,Bumi Lot,246000,Johor,4,262.8205128205128
3.0,1.0,750,,Hulubalang Shop Apartment,,Freehold,"72, Jalan Hulubalang 10, Taman Sentosa, 41200 Klang, Selangor, Selangor, Klang",,,,Apartment,,,Non Bumi Lot,75000,Klang,,100.0
3.0,2.0,645,,Palma Apartment (Bandar Country Homes),,Freehold,"Off Jalan Batu Arang, Bandar Country Homes, Rawang, Selangor",,,,Apartment,,Low,Non Bumi Lot,97000,Selangor,,150.3875968992248
3.0,2.0,700,,Anggerik Apartment (Taman Bunga Raya),Medan Prestasi Sdn Bhd,Leasehold,"Taman Bunga Raya, Bukit Beruntung, Rawang, Bukit Beruntung, Selangor",,5,,Apartment,,Low,Non Bumi Lot,115000,Selangor,,164.28571428571428
4.0,3.0,1849,"Parking, Playground, Swimming Pool, Lift, Minimart, Security",Templer Impian,,Leasehold,"Jalan Bukit Anak Tukun, Templer Park, Rawang, Selangor",,7,,Condominium,2,High,Non Bumi Lot,500000,Selangor,6,270.4164413196322
3.0,1.0,720,,Taman Sri Hijau,,Freehold,"Taman Sri Hijau, Rawang, Selangor",,,,Apartment,,High,Non Bumi Lot,69000,Selangor,,95.83333333333333
3.0,1.0,650,,Apartment Seri Seroja,,Freehold,"Jalan Bukit Beruntung 7A, Bukit Beruntung, Rawang, Selangor",,,,Flat,,Medium,Non Bumi Lot,63000,Selangor,,96.92307692307692
3.0,1.0,581,,Rumah Pangsa Seri Ros,Talam Industries Sdn BHd,Freehold,"Jalan Ros 2A Seksyen Bs 5, Bandar Baru Bukit Sentosa, Rawang, Selangor",,,,Flat,,Medium,Bumi Lot,65000,Selangor,,111.87607573149742
3.0,2.0,700,,Desa Delima,,Leasehold,"Lorong Semarak Api Dua, Bandar Baru Farlim, Ayer Itam, Penang",1992.0,17,3,Apartment,1,,Non Bumi Lot,285000,Penang,,407.14285714285717
3.0,2.0,650,"Minimart, Security, Parking",Puncak Terubong,Lone Pine Group,Freehold,"Jalan Bukit Kukus, Ayer Itam, Penang",,,405,Apartment,1,,Non Bumi Lot,260000,Penang,3,400.0
3.0,2.0,750,"Parking, Security, Playground, Minimart, Multipurpose hall, Jogging Track",Pangsapuri Akasia (Bandar Botanic),,Freehold,"Persiaran Botanik, Bandar Botanic, Klang, Selangor",,5,,Apartment,1,High,Non Bumi Lot,220000,Selangor,6,293.3333333333333
3.0,2.0,800,"Security, Gymnasium, Playground, Swimming Pool, Jogging Track, Minimart, Lift, Multipurpose hall, Parking",J.Satine,Gandingan Jakel,Leasehold,"Jalan 3/23a, Setapak, Kuala Lumpur",2026.0,,3600,Service Residence,1,,Non Bumi Lot,300000,Kuala Lumpur,9,375.0
3.0,2.0,951,"Barbeque area, Gymnasium, Jogging Track, Parking, Swimming Pool, Security, Multipurpose hall, Lift, Playground, Sauna",Symphony Tower,Mitraland Group,Freehold,"Taman Cheras Jaya, Balakong, Selangor",2018.0,42,1675,Service Residence,,High,Non Bumi Lot,420000,Selangor,10,441.6403785488959
3.0,3.0,1087,"Minimart, Barbeque area, Security, Swimming Pool, Sauna, Squash Court, Lift, Parking, Playground, Gymnasium",Residensi Adelia,Trans Loyal Development Sdn Bhd,Freehold,"Persiaran Bangi Avenue, Ladang Bangi, Kajang, Selangor",2022.0,,552,Condominium,2,,Non Bumi Lot,310000,Selangor,10,285.18859245630176
3.0,2.0,900,"Parking, Security, Lift, Swimming Pool, Playground, Gymnasium, Sauna, Barbeque area, Minimart, Multipurpose hall, Club house, Jogging Track, Tennis Court, Squash Court",Putrajaya » Putrajaya,,Freehold,"Putrajaya » Putrajaya, Putrajaya, Putrajaya",,,,Condominium,2,High,Bumi Lot,450000,Putrajaya,14,500.0
3.0,2.0,850,,I-Santorini,Ideal Property Group,Leasehold,"Jalan Tanjung Tokong, Tanjong Tokong, Penang",2016.0,49,2155,Condominium,2,,Non Bumi Lot,515000,Penang,,605.8823529411765
3.0,2.0,850,,I-Santorini,Ideal Property Group,Leasehold,"Jalan Tanjung Tokong, Tanjong Tokong, Penang",2016.0,49,2155,Condominium,2,,Non Bumi Lot,600000,Penang,,705.8823529411765
2.0,2.0,668,"Playground, Barbeque area, Security, Lift, Swimming Pool, Parking, Gymnasium, Jogging Track, Sauna, Multipurpose hall, Minimart",Majestic Maxim,Maxim Holdings,Leasehold,"Jalan 9/142, Taman Connaught, Cheras, Kuala Lumpur",2021.0,44,2136,Service Residence,1,,Non Bumi Lot,379888,Kuala Lumpur,11,568.6946107784431
3.0,2.0,745,"Parking, Security, Playground, Barbeque area",Sri Cempaka (Puchong),,Freehold,"Bandar Puchong Jaya, Puchong, Selangor",,5,,Apartment,1,Low,Non Bumi Lot,300000,Selangor,4,402.6845637583893
3.0,3.0,1450,"Parking, Security, Lift, Swimming Pool, Playground, Multipurpose hall, Barbeque area, Sauna, Gymnasium, Jogging Track",Skyridge Garden @ Tanjung Tokong,OHM Group,Freehold,"Halaman Halia, Tanjong Tokong, Penang",2019.0,40,486,Condominium,2,Medium,Non Bumi Lot,740000,Penang,10,510.3448275862069
3.0,2.0,1098,Lift,Muze @ PICC,Hunza Properties Berhad,Freehold,"Jalan Tun Dr Awang, Bayan Lepas, Penang",,,846,Condominium,2,,Non Bumi Lot,850000,Penang,1,774.1347905282331
3.0,2.0,650,,Rumah Pangsa Impian,,Leasehold,"Jalan Saujana Putra, Selangor, Bandar Saujana Putra",,,,Flat,,,Bumi Lot,129000,Bandar Saujana Putra,,198.46153846153845
3.0,2.0,850,,I-Santorini,Ideal Property Group,Leasehold,"Jalan Tanjung Tokong, Tanjong Tokong, Penang",2016.0,49,2155,Condominium,,,Non Bumi Lot,530000,Penang,,623.5294117647059
3.0,2.0,1028,"Security, Swimming Pool",Sri Akasia,,Leasehold,"Taman Tampoi Indah, Johor Bahru, Johor",2005.0,,698,Apartment,,,Non Bumi Lot,305000,Johor,2,296.69260700389106
3.0,2.0,914,"Parking, Playground, Tennis Court, Security, Gymnasium, Jogging Track, Barbeque area, Swimming Pool",Bayu Puteri 3,Must Ehsan Development Sdn Bhd,Leasehold,"Jalan Bayu Puteri 1/2, Taman Bayu Puteri, Johor Bahru, Johor",2006.0,21,565,Apartment,1,,Non Bumi Lot,288000,Johor,8,315.0984682713348
3.0,2.0,783,"Parking, Security, Playground, Minimart",Birchwood Court,,Leasehold,"Pinggiran Lembah Hijau 9, Bandar Tasik Puteri, Rawang, Selangor",,,,Apartment,1,High,Bumi Lot,170000,Selangor,4,217.11366538952745
3.0,2.0,736,,Kemuning Aman,Paramount Property Development,Freehold,"Kemuning, Shah Alam, Selangor",2010.0,,596,Apartment,,Low,Non Bumi Lot,280000,Selangor,,380.4347826086956
3.0,2.0,848,"Playground, Gymnasium, Security, Minimart, Swimming Pool, Parking, Lift, Sauna, Barbeque area, Multipurpose hall",The Gardens (Penampang),SC Land Group,Leasehold,"Lorong Taman Formosa 2, Taman Farmosa, Penampang, Sabah",2017.0,,,Condominium,2,Medium,Non Bumi Lot,480000,Sabah,10,566.0377358490566
3.0,2.0,1141,"Parking, Swimming Pool, Security, Lift, Playground, Minimart, Multipurpose hall, Jogging Track, Club house",Glen View Villa,DRB-HICOM,Leasehold,"Jalan 49, Kampung Cheras Baru, Cheras, Kuala Lumpur",,18,240,Condominium,1,High,Non Bumi Lot,298000,Kuala Lumpur,9,261.1744084136722
3.0,2.0,748,"Jogging Track, Minimart, Gymnasium, Security, Parking, Swimming Pool",Putra Suria Residence,Amber Resource,Leasehold,"Jalan Jelawat 2, Cheras, Kuala Lumpur",,,,Condominium,1,Low,Bumi Lot,300000,Kuala Lumpur,6,401.06951871657753
3.0,2.0,1550,"Playground, Tennis Court, Barbeque area, Gymnasium, Squash Court, Jogging Track, Sauna, Security, Minimart, Swimming Pool, Parking",Angkupuri,Homestead Development,Freehold,"No. 20 Jalan 1/70C, off Jalan Bukit Kiara, Mont Kiara, Kuala Lumpur",1998.0,39,,Condominium,1,,Non Bumi Lot,738000,Kuala Lumpur,11,476.1290322580645
3.0,2.0,657,,Pangsapuri Pendamar A (Klang),,Freehold,"Jalan Pendamaran/Ks 5c, Taman Kota Pendamar, Klang, Selangor",,,,Apartment,9,Low,Non Bumi Lot,155000,Selangor,,235.9208523592085
3.0,2.0,750,"Parking, Security, Lift, Minimart",Simfoni @ Eco Majestic,,Freehold,"Jalan Eco Majestic 3A/5, Semenyih, Selangor",,,,Apartment,1,High,Non Bumi Lot,230000,Selangor,4,306.6666666666667
2.0,2.0,720,"Parking, Security, Lift, Swimming Pool, Playground, Gymnasium, Sauna, Barbeque area, Minimart, Multipurpose hall",Mesahill,Green Target Group,Freehold,"Persiaran Ilmu, Bandar Baru Nilai, Nilai, Negeri Sembilan",2016.0,,,Service Residence,,Medium,Non Bumi Lot,410000,Negeri Sembilan,10,569.4444444444445
3.0,2.0,835,"Gymnasium, Swimming Pool, Squash Court, Jogging Track, Parking, Playground, Security, Barbeque area",Asia Heights,Asia Green Group,Freehold,"Lorong Semarak Api 3, Ayer Itam, Penang",2007.0,22,816,Condominium,1,,Non Bumi Lot,380000,Penang,8,455.0898203592814
3.0,2.0,1148,"Barbeque area, Parking, Playground, Swimming Pool, Tennis Court, Minimart, Gymnasium, Lift, Security, Multipurpose hall",Seri Puri,,Freehold,"Jalan Aman, Desa Aman Puri, Kepong, Kuala Lumpur",,17,,Condominium,1,High,Non Bumi Lot,390000,Kuala Lumpur,10,339.7212543554007
3.0,2.0,760,"Security, Parking",SD Apartment II,Land & General Berhad,Freehold,"No.3, Persiaran Meranti, Jalan PJU 9, Bandar Sri Damansara, Selangor",,5,480,Apartment,,High,Non Bumi Lot,300000,Selangor,2,394.7368421052632
3.0,2.0,1001,"Playground, Barbeque area, Swimming Pool, Parking, Security, Gymnasium, Multipurpose hall, Lift",Sentul Point Suite Apartment,UOA Group,Freehold,"Jalan Sentul Pasar, Sentul, Kuala Lumpur",2020.0,44,1400,Apartment,2,Medium,Non Bumi Lot,550000,Kuala Lumpur,8,549.4505494505495
4.0,2.0,864,,Taman Mutiara (Bebuloh),,Leasehold,"Jalan Bebuloh, Bebuloh, Labuan",,,,Flat,1,Low,Non Bumi Lot,170000,Labuan,,196.75925925925927
3.0,2.0,815,"Parking, Playground, Swimming Pool, Gymnasium, Barbeque area, Security, Minimart",Vista Pinggiran,LBS Bina Group Berhad,Leasehold,"Jalan Pinggiran Putra 1, Seksyen 2, Taman Pinggiran Putra, Seri Kembangan, Selangor",2004.0,20,998,Apartment,2,,Non Bumi Lot,265000,Selangor,7,325.15337423312883
3.0,2.0,868,"Security, Parking, Playground, Jogging Track",Pangsapuri Taman Bukit Rawang Putra,,Freehold,"Jalan Rawang Putra, Taman Bukit Rawang Putra, Rawang, Selangor",,5,,Apartment,1,Low,Bumi Lot,199000,Selangor,4,229.2626728110599
3.0,2.0,963,,Daya View Apartment,,Freehold,"Lot 32590, Jalan Sagu 36, Taman Daya, Johor Bahru, Johor",2013.0,4,1,Apartment,,,Non Bumi Lot,240000,Johor,,249.22118380062307
2.0,1.0,550,,Medan Angsana (Farlim 2),,Leasehold,"Medan Angsana, Ayer Itam, Penang",,,,Flat,,,Non Bumi Lot,150000,Penang,,272.72727272727275
3.0,2.0,800,"Parking, Security, Lift, Minimart, Jogging Track, Swimming Pool, Playground",Kingfisher Series Condominium,Hunza Properties Berhad,Freehold,"No. 9-10, Jalan Gangsa, Green Lane, Georgetown, Penang",1998.0,21,406,Condominium,1,,Non Bumi Lot,350000,Penang,7,437.5
3.0,2.0,800,"Parking, Security, Lift, Swimming Pool, Minimart",Kingfisher Series Condominium,Hunza Properties Berhad,Freehold,"No. 9-10, Jalan Gangsa, Green Lane, Georgetown, Penang",1998.0,21,406,Condominium,1,,Non Bumi Lot,380000,Penang,5,475.0
3.0,2.0,800,"Parking, Security, Lift, Swimming Pool, Playground, Jogging Track",Kingfisher Series Condominium,Hunza Properties Berhad,Freehold,"No. 9-10, Jalan Gangsa, Green Lane, Georgetown, Penang",1998.0,21,406,Condominium,1,,Non Bumi Lot,368000,Penang,6,460.0
3.0,3.0,1766,,The Light Linear @ The Light Waterfront,IJM LAND BERHAD,Freehold,"Jalan Pantai Sinaran, Lebuhraya Jelutong, Gelugor, Penang",2012.0,17,328,Condominium,2,,Non Bumi Lot,1300000,Penang,,736.1268403171008
3.0,2.0,800,"Parking, Playground",Pangsapuri Seri Mengkuang,,Leasehold,"Jalan Juragan, Gelang Patah, Johor",,,,Apartment,,,Non Bumi Lot,128000,Johor,2,160.0
3.0,2.0,1060,"Security, Parking, Swimming Pool, Lift, Playground, Gymnasium, Barbeque area, Multipurpose hall",Menara Greenview,,Freehold,"No. 18, Halaman Tembaga, 11600 Greenlane, Penang, Jelutong, Penang",1996.0,25,237,Condominium,1,,Non Bumi Lot,450000,Penang,8,424.52830188679246
2.0,2.0,860,"Sauna, Security, Gymnasium, Lift, Swimming Pool, Parking, Playground, Barbeque area, Multipurpose hall",River Park,Malton Berhad,Leasehold,"Seksyen 98 Jalan Pantai Dalam, Bangsar South, Kuala Lumpur",2026.0,48,1332,Condominium,2,Medium,Non Bumi Lot,568000,Kuala Lumpur,9,660.4651162790698
4.0,3.0,1600,"Gymnasium, Playground, Security, Barbeque area, Sauna, Multipurpose hall, Swimming Pool, Jogging Track",Duta Park Residences,Malton Berhad Group,Leasehold,"Jalan Kolam Air, Jalan Ipoh, Jalan Ipoh, Kuala Lumpur",2024.0,58,1300,Service Residence,2,,Non Bumi Lot,920000,Kuala Lumpur,8,575.0
3.0,2.0,990,"Playground, Barbeque area, Jogging Track, Security, Sauna, Multipurpose hall, Swimming Pool, Gymnasium",Duta Park Residences,Malton Berhad Group,Leasehold,"Jalan Kolam Air, Jalan Ipoh, Jalan Ipoh, Kuala Lumpur",2024.0,58,1300,Service Residence,2,,Non Bumi Lot,578000,Kuala Lumpur,8,583.8383838383838
3.0,2.0,1151,,Single Storey Terrace House Taman Sri Kijang,,Freehold,"65. LORONG SERI KIJANG 15, TAMAN SRI KIJANG, 14000 BUKIT MERTAJAM. PENANG, Penang, Bukit Mertajam",,,,Townhouse Condo,2,Low,Non Bumi Lot,330000,Bukit Mertajam,,286.70721112076455
3.0,2.0,871,"Security, Minimart, Playground, Swimming Pool, Parking",Desa Tanjung (Puchong),,Freehold,"Persiaran Indera, Pusat Bandar Puchong, Puchong, Selangor",,5,,Apartment,1,Low,Non Bumi Lot,388000,Selangor,5,445.4649827784156
3.0,2.0,850,"Security, Minimart, Playground, Swimming Pool, Parking",Desa Tanjung (Puchong),,Freehold,"Persiaran Indera, Pusat Bandar Puchong, Puchong, Selangor",,5,,Apartment,1,High,Non Bumi Lot,300000,Selangor,5,352.94117647058823
2.0,2.0,1195,"Parking, Security, Playground, Gymnasium, Lift, Swimming Pool",Molek Pine 2,,Freehold,"Taman Molek, Johor Bahru, Johor",,,,Condominium,1,Medium,Non Bumi Lot,490000,Johor,6,410.0418410041841
3.0,2.0,1000,,I Residence @ Kota Damansara,KLIA Consultancy Services,Leasehold,"Section 4, Persiaran Surian, Kota Damansara, Selangor",2012.0,18,348,Service Residence,2,Medium,Non Bumi Lot,590000,Selangor,,590.0
3.0,2.0,854,"Parking, Security, Lift",Tasik Heights Apartment,,Leasehold,"Jalan Liku Tasik Selatan, Bandar Tasik Selatan, Cheras, Selangor",,9,8,Apartment,1,Low,Non Bumi Lot,288888,Selangor,3,338.27634660421546
3.0,2.0,1200,Tennis Court,Mutiara Place,,Freehold,"Lorong Delima 13, Gelugor, Penang",,19,142,Condominium,2,,Non Bumi Lot,580000,Penang,1,483.3333333333333
3.0,2.0,866,,Greenfield Residence (Kota Kinabalu),,Leasehold,"Jalan Kokol Poring - Poring, Kota Kinabalu, Sabah",,,,Condominium,,Low,Bumi Lot,380000,Sabah,,438.7990762124711
3.0,2.0,830,,Taman Hui Aun,,Freehold,"Off Jalan Thean Teik, Ayer Itam, Penang",,17,,Apartment,2,High,Non Bumi Lot,390000,Penang,,469.87951807228916
3.0,3.0,1642,"Parking, Security, Lift, Swimming Pool, Playground, Gymnasium, Sauna, Barbeque area, Multipurpose hall",Pine Residence,Lone Pine Group,Freehold,"Jalan Bukit Kukus, Taman Terubong Indah, Paya Terubong, Penang",2015.0,,222,Condominium,2,High,Non Bumi Lot,680000,Penang,9,414.1291108404385
3.0,2.0,700,"Parking, Security",Desa Permata Ruby Block 17,,Freehold,"Lintang Paya Terubong 1, Ayer Itam, Penang",1995.0,11,100,Apartment,1,High,Non Bumi Lot,270000,Penang,2,385.7142857142857
5.0,5.0,6000,"Sauna, Security, Playground, Swimming Pool, Tennis Court, Squash Court, Barbeque area, Parking, Multipurpose hall, Gymnasium",Riana Green East,IJM LAND BERHAD,Leasehold,"Jalan 34/26, Wangsa Maju, Kuala Lumpur",2012.0,,391,Condominium,3,High,Non Bumi Lot,1680000,Kuala Lumpur,10,280.0
3.0,2.0,1100,"Parking, Swimming Pool, Security, Sauna, Minimart, Playground, Jogging Track",Bayu Villa,,Freehold,"Jalan Batu Unjur, Klang, Selangor",,,760,Apartment,,Low,Non Bumi Lot,350000,Selangor,7,318.1818181818182
1.0,1.0,650,"Parking, Security, Lift, Swimming Pool, Playground, Gymnasium",Wellesley Residences @ Harbour Place,PJD Group,Freehold,"Off Jalan New Ferry, Butterworth, Penang",2014.0,,410,Condominium,1,Medium,Non Bumi Lot,288888,Penang,6,444.44307692307694
3.0,2.0,1080,,Putra Villa,Haluan Mulia Sdn Bhd,Freehold,"Jalan Terminal Putra, Taman Melati, Setapak, Kuala Lumpur",2007.0,16,416,Condominium,1,,Non Bumi Lot,395000,Kuala Lumpur,,365.74074074074076
1.0,1.0,495,"Parking, Security, Lift, Swimming Pool, Playground, Gymnasium, Barbeque area, Minimart, Multipurpose hall",Zennith Suites,,Leasehold,"Jalan Kebun Teh 1, Johor Bahru, Johor",,27,303,Condominium,,Medium,Non Bumi Lot,235000,Johor,9,474.74747474747477
2.0,1.0,521,,Desa Intan,,Freehold,"Lebuhraya Thean Teik, Ayer Itam, Penang",,13,1020,Apartment,,Medium,Non Bumi Lot,130000,Penang,,249.5201535508637
3.0,2.0,854,"Parking, Security, Lift, Swimming Pool, Playground, Minimart",Tasik Height Apartment Bandar Tasik Selatan,,Leasehold,"21/146 Bandar Tasik Selatan, Kuala Lumpur, Sungai Besi",,,,Apartment,1,Medium,Non Bumi Lot,300000,Sungai Besi,6,351.288056206089
4.0,2.0,1270,"Security, Gymnasium, Playground, Swimming Pool, Sauna, Jogging Track, Barbeque area, Multipurpose hall",Gardens Ville,GSD Land (M) Sdn Bhd,Freehold,"Jalan Kampong Batak off Jalan Paya Terubong, Sungai Ara, Penang",2017.0,31,476,Condominium,2,High,Non Bumi Lot,580000,Penang,8,456.6929133858268
4.0,2.0,2524,,Pangsapuri Prima Prai,,Freehold,"Jalan Perai Utama 4, Penang, Perai",,,,Others,2,,Non Bumi Lot,328000,Perai,,129.95245641838352
4.0,2.0,1642,,Pine Residence,Lone Pine Group,Freehold,"Jalan Bukit Kukus, Taman Terubong Indah, Paya Terubong, Penang",2015.0,,222,Condominium,2,Medium,Non Bumi Lot,628000,Penang,,382.46041412911086
3.0,2.0,1060,"Parking, Swimming Pool, Security, Lift, Playground, Gymnasium",Menara Greenview,,Freehold,"No. 18, Halaman Tembaga, 11600 Greenlane, Penang, Jelutong, Penang",1996.0,25,237,Condominium,1,,Non Bumi Lot,450000,Penang,6,424.52830188679246
2.0,2.0,769,,The Garden Residences,Scientex (Skudai),Leasehold,"Jalan Persiaran Mutiara Mas, Skudai, Johor",2021.0,21,613,Condominium,,Medium,Non Bumi Lot,380000,Johor,,494.148244473342
3.0,2.0,645,"Parking, Security, Lift, Minimart",Mutiara Vista,Syarikat Perumahan Negara Berhad,Freehold,"Jalan Jelutong, Jelutong, Penang",,27,454,Apartment,1,High,Non Bumi Lot,280000,Penang,4,434.1085271317829
3.0,2.0,1050,"Parking, Security, Playground, Gymnasium, Sauna, Barbeque area, Minimart, Multipurpose hall, Club house, Jogging Track, Tennis Court, Squash Court",Mutiara (Semenyih),,Freehold,"Jalan Bukit Semenyih, Semenyih, Selangor",,,,Flat,1,High,Bumi Lot,270000,Selangor,12,257.14285714285717
3.0,3.0,646,,Taman Sentosa,Classic Perspective Sdn Bhd,Freehold,"291-2B, Jalan Hulubalang 28, Taman Sentosa, Klang, Selangor",,4,,Flat,,Low,Non Bumi Lot,88000,Selangor,,136.22291021671828
2.0,1.0,650,,Taman Batu Permai,,Leasehold,"Taman Batu Permai, Jalan Ipoh, Kuala Lumpur",,,,Flat,,Medium,Bumi Lot,145000,Kuala Lumpur,,223.07692307692307
2.0,2.0,853,"Parking, Security, Lift, Swimming Pool, Playground, Gymnasium, Sauna, Barbeque area, Minimart, Multipurpose hall, Club house",Seasons Amara Larkin,,Leasehold,"Jalan Tun Abdul Razak, Johor Bahru, Johor",,,,Service Residence,1,Low,Non Bumi Lot,338000,Johor,11,396.2485345838218
3.0,2.0,750,"Parking, Security, Playground, Minimart, Multipurpose hall, Jogging Track",Pangsapuri Akasia (Bandar Botanic),,Freehold,"Persiaran Botanik, Bandar Botanic, Klang, Selangor",,5,,Apartment,1,Low,Non Bumi Lot,280000,Selangor,6,373.3333333333333
3.0,2.0,1316,"Parking, Minimart, Barbeque area, Club house, Sauna, Swimming Pool, Gymnasium, Squash Court, Security, Lift",Menjalara 18,Radiant Symphony,Freehold,"Bandar Manjalara, Bandar Menjalara, Kuala Lumpur",,18,248,Condominium,2,Medium,Non Bumi Lot,690000,Kuala Lumpur,10,524.3161094224924
3.0,2.0,2200,"Parking, Swimming Pool, Security, Minimart, Gymnasium, Lift, Jogging Track, Squash Court",BL Avenue,Reka Indah Development Sdn Bhd,Freehold,"Lebuhraya Thean Teik, Ayer Itam, Penang",,19,168,Apartment,2,High,Non Bumi Lot,899000,Penang,8,408.6363636363636
4.0,3.0,1800,"Security, Parking, Lift, Swimming Pool",Greenlane Heights,Hunza Properties Berhad,Freehold,"Greenlane Heights,, Greenlane, Penang",,14,,Condominium,2,Low,Non Bumi Lot,800000,Penang,4,444.44444444444446
3.0,2.0,860,"Swimming Pool, Parking, Gymnasium, Barbeque area, Security, Playground, Lift",Greenlane Park,,Freehold,"Solok Tembaga, Island Park, Greenlane, Penang",2005.0,27,,Condominium,1,,Non Bumi Lot,420000,Penang,7,488.3720930232558
3.0,2.0,860,"Swimming Pool, Parking, Gymnasium, Barbeque area, Security, Playground, Lift",Greenlane Park,,Freehold,"Solok Tembaga, Island Park, Greenlane, Penang",2005.0,27,,Condominium,1,,Non Bumi Lot,430000,Penang,7,500.0
3.0,2.0,860,"Swimming Pool, Parking, Gymnasium, Barbeque area, Security, Playground, Lift",Greenlane Park,,Freehold,"Solok Tembaga, Island Park, Greenlane, Penang",2005.0,27,,Condominium,1,,Non Bumi Lot,428000,Penang,7,497.6744186046512
2.0,2.0,775,"Gymnasium, Security, Parking, Sauna, Playground, Swimming Pool",Avenue Garden,Tambun Indah Land Berhad,Freehold,"Persiaran Mutiara 8, Bandar Tasek Mutiara, Simpang Ampat, Penang",,17,312,Service Residence,,,Non Bumi Lot,350000,Penang,6,451.61290322580646
3.0,2.0,900,"Parking, Security, Lift, Swimming Pool, Playground, Barbeque area, Gymnasium, Multipurpose hall, Jogging Track, Minimart",D'Cerrum Apartment,SP Setia Berhad,Freehold,"Jalan Ecohill 1/2, Semenyih, Selangor",2019.0,,635,Apartment,2,High,Non Bumi Lot,299000,Selangor,10,332.22222222222223
3.0,2.0,926,"Playground, Swimming Pool, Parking, Security, Lift, Minimart, Gymnasium",Platinum Splendor Residensi Semarak,Platinum Victory Development Sdn Bhd,Leasehold,"Jalan Semarak, Kampung Padang Tembak, Bukit Keramat, Keramat, Kuala Lumpur",2020.0,32,2000,Condominium,,High,Non Bumi Lot,590000,Kuala Lumpur,7,637.1490280777538
5.0,3.0,2335,"Security, Minimart, Swimming Pool, Tennis Court, Lift, Sauna, Squash Court, Barbeque area, Parking, Playground, Jogging Track, Multipurpose hall, Club house, Gymnasium",Boulevard Condominium (BLVD),Reka Indah Development Sdn Bhd,Freehold,"Lebuhraya Thean Teik, Ayer Itam, Penang",2011.0,38,420,Condominium,4,High,Non Bumi Lot,1150000,Penang,14,492.5053533190578
3.0,2.0,936,"Playground, Lift, Security, Swimming Pool, Gymnasium, Jogging Track, Club house, Minimart, Squash Court, Barbeque area, Sauna, Parking, Tennis Court, Multipurpose hall",Boulevard Condominium (BLVD),Reka Indah Development Sdn Bhd,Freehold,"Lebuhraya Thean Teik, Ayer Itam, Penang",2011.0,38,420,Condominium,2,Medium,Non Bumi Lot,580000,Penang,14,619.6581196581196
4.0,5.0,3735,"Parking, Swimming Pool, Security, Playground",Impiana (Ampang),,Freehold,"Jalan Ampang Ulu, Ampang, Selangor",,12,150,Condominium,2,High,Non Bumi Lot,1700000,Selangor,4,455.1539491298527
3.0,2.0,1023,"Playground, Swimming Pool, Sauna, Parking, Security, Gymnasium, Barbeque area, Jogging Track, Lift",The Era,JKG Land Berhad,Freehold,"Jalan Segambut, Segambut, Segambut, Kuala Lumpur",2021.0,63,956,Service Residence,2,,Non Bumi Lot,650000,Kuala Lumpur,9,635.386119257087
3.0,1.0,726,,Pangsapuri BBK Bandar Baru Kundang,Nilai Idaman Sdn Bhd,Leasehold,"Pengkalan Kundang, Bandar Baru Kundang, Rawang, Selangor",,,,Apartment,,Medium,Non Bumi Lot,60000,Selangor,,82.64462809917356
3.0,3.0,1097,"Parking, Security, Lift, Swimming Pool, Playground, Gymnasium, Barbeque area, Sauna, Multipurpose hall, Jogging Track",KSL Residences @ Daya,KSL Holdings Bhd,Freehold,"Jalan Daya, Johor Bahru, Johor",,,,Service Residence,,,Non Bumi Lot,399000,Johor,10,363.7192342752963
3.0,3.0,1050,"Parking, Security, Lift, Swimming Pool, Playground, Gymnasium, Sauna, Barbeque area, Multipurpose hall, Jogging Track",KSL Residences @ Daya,KSL Holdings Bhd,Freehold,"Jalan Daya, Johor Bahru, Johor",,,,Service Residence,,Low,Non Bumi Lot,428000,Johor,10,407.6190476190476
3.0,2.0,956,"Gymnasium, Tennis Court, Sauna, Parking, Security, Jogging Track, Barbeque area, Multipurpose hall, Minimart, Swimming Pool, Playground, Club house, Lift",Villa Park,VILLAMAS GROUP OF COMPANIES,Freehold,"Jalan Cemara, Taman Bukit Serdang, Seri Kembangan, Selangor",,19,392,Condominium,1,High,Bumi Lot,310000,Selangor,13,324.26778242677824
3.0,2.0,800,"Parking, Minimart, Playground, Gymnasium, Security, Lift, Swimming Pool, Sauna, Barbeque area",TRI PINNACLE,Aspen Group,Freehold,"Jalan Persiaran Halia 3, Tanjong Tokong, Penang",2018.0,45,1168,Condominium,2,High,Non Bumi Lot,530000,Penang,9,662.5
3.0,2.0,950,"Parking, Security, Lift, Swimming Pool, Playground, Gymnasium, Sauna, Barbeque area, Minimart, Multipurpose hall, Club house, Jogging Track, Tennis Court, Squash Court",Cyberia SmartHomes,Paramoden (MK Land),Freehold,"Persiaran Multimedia, Cyberjaya, Selangor",2002.0,,1188,Condominium,1,Medium,Non Bumi Lot,213000,Selangor,14,224.21052631578948
4.0,2.0,1316,"Parking, Minimart, Barbeque area, Club house, Sauna, Swimming Pool, Gymnasium, Squash Court, Lift, Security",Menjalara 18,Radiant Symphony,Freehold,"Bandar Manjalara, Bandar Menjalara, Kuala Lumpur",,18,248,Condominium,1,Low,Non Bumi Lot,680000,Kuala Lumpur,10,516.7173252279636
3.0,2.0,736,"Parking, Security, Lift, Playground",Kemuning Aman,Paramount Property Development,Freehold,"Kemuning, Shah Alam, Selangor",2010.0,,596,Apartment,,Medium,Bumi Lot,285000,Selangor,4,387.2282608695652
3.0,2.0,1100,"Security, Swimming Pool, Parking, Lift",Flamingo Series,,Freehold,"No. 4 - 6, Solok Gangsa, Jelutong, Penang",1997.0,14,96,Condominium,1,,Non Bumi Lot,620000,Penang,4,563.6363636363636
3.0,2.0,1100,"Swimming Pool, Security, Parking, Lift",Flamingo Series,,Freehold,"No. 4 - 6, Solok Gangsa, Jelutong, Penang",1997.0,14,96,Condominium,1,,Non Bumi Lot,580000,Penang,4,527.2727272727273
3.0,2.0,1100,"Parking, Security, Swimming Pool, Lift",Flamingo Series,,Freehold,"No. 4 - 6, Solok Gangsa, Jelutong, Penang",1997.0,14,96,Condominium,1,,Non Bumi Lot,578000,Penang,4,525.4545454545455
3.0,2.0,1100,"Parking, Security, Swimming Pool, Lift",Flamingo Series,,Freehold,"No. 4 - 6, Solok Gangsa, Jelutong, Penang",1997.0,14,96,Condominium,,,Non Bumi Lot,590000,Penang,4,536.3636363636364
3.0,2.0,1226,"Minimart, Gymnasium, Playground, Squash Court, Sauna, Swimming Pool, Parking, Security",Mont Residence @ Penang,Visentak Capital Sdn Bhd,Freehold,"Off Mount Erskine, Tanjong Tokong, Penang",2018.0,38,473,Condominium,2,,Non Bumi Lot,740000,Penang,8,603.5889070146819
3.0,4.0,2314,"Swimming Pool, Security, Gymnasium, Tennis Court, Sauna, Parking, Lift",Platino,IJM Land Berhad,Freehold,"Lebuh Tunku Kudin 1,, Gelugor, Penang",2010.0,,228,Condominium,2,High,Non Bumi Lot,1700000,Penang,7,734.6585998271391
3.0,2.0,700,"Parking, Security, Lift",Greenlane Heights,Hunza Properties Berhad,Freehold,"Greenlane Heights,, Greenlane, Penang",,14,,Apartment,1,,Non Bumi Lot,270000,Penang,3,385.7142857142857
3.0,2.0,700,"Swimming Pool, Parking, Barbeque area, Multipurpose hall, Jogging Track, Security, Playground, Gymnasium, Lift",Melody Homes,Belleview Group,Freehold,"Lebuhraya Thean Teik, Farlim,, Ayer Itam, Penang",2012.0,30,500,Apartment,1,,Non Bumi Lot,330000,Penang,9,471.42857142857144
4.0,5.0,2476,"Security, Tennis Court, Sauna, Swimming Pool, Gymnasium, Parking, Lift, Playground, Multipurpose hall",Platino,IJM Land Berhad,Freehold,"Lebuh Tunku Kudin 1,, Gelugor, Penang",2010.0,,228,Condominium,2,,Non Bumi Lot,1600000,Penang,9,646.2035541195477
3.0,3.0,1646,"Playground, Multipurpose hall, Sauna, Gymnasium, Swimming Pool, Barbeque area, Security, Parking, Lift",Grace Residence,Nova Mulia Development Sdn Bhd,Freehold,"Jalan Jelutong, Off Tun Dr. Lim Chong Eu Hwy, Jelutong, Penang",2018.0,44,378,Condominium,2,High,Non Bumi Lot,950000,Penang,9,577.1567436208992
3.0,2.0,887,"Lift, Parking, Playground, Swimming Pool, Gymnasium, Sauna, Security, Minimart, Tennis Court, Squash Court",All Seasons Park,Belleview Group,Freehold,"Lebuhraya Thean Teik, Air Itam, Ayer Itam, Penang",2013.0,30,808,Condominium,2,High,Non Bumi Lot,498000,Penang,10,561.4430665163472
3.0,2.0,700,"Parking, Jogging Track, Security, Minimart, Lift",Taman Seri Perak,,Freehold,"Jalan Slim, Georgetown, Penang",1997.0,20,205,Condominium,1,High,Non Bumi Lot,325000,Penang,5,464.2857142857143
3.0,3.0,1819,"Security, Swimming Pool, Gymnasium, Tennis Court, Sauna, Parking, Lift, Playground",Platino,IJM Land Berhad,Freehold,"Lebuh Tunku Kudin 1,, Gelugor, Penang",2010.0,,228,Condominium,2,High,Non Bumi Lot,1300000,Penang,8,714.678394722375
3.0,2.0,1110,"Barbeque area, Squash Court, Security, Swimming Pool, Gymnasium, Lift, Parking",The Oasis,Arte Corp,Leasehold,"Off Jalan Yeap Choy Ee, Gelugor, Penang",2010.0,38,,Condominium,2,,Non Bumi Lot,590000,Penang,7,531.5315315315315
3.0,2.0,700,"Parking, Security, Lift",Desa Permata Ruby Block 17,,Freehold,"Lintang Paya Terubong 1, Ayer Itam, Penang",1995.0,11,100,Apartment,1,,Non Bumi Lot,270000,Penang,3,385.7142857142857
3.0,3.0,1091,"Tennis Court, Swimming Pool, Gymnasium, Squash Court, Security, Minimart, Lift, Parking, Playground, Sauna",All Seasons Park,Belleview Group,Freehold,"Lebuhraya Thean Teik, Air Itam, Ayer Itam, Penang",2013.0,30,808,Condominium,1,,Non Bumi Lot,590000,Penang,10,540.7882676443629
3.0,2.0,700,"Security, Minimart, Swimming Pool, Parking, Playground, Lift",Taman Lone Pine (Medium Low Cost),,Freehold,"Block 21-23, Lebuhraya Thean Teik, Paya Terubong, Penang",1995.0,17,224,Apartment,1,,Non Bumi Lot,320000,Penang,6,457.14285714285717
3.0,3.0,1222,"Tennis Court, Parking, Playground, Gymnasium, Lift, Squash Court, Security, Minimart, Swimming Pool, Sauna",All Seasons Park,Belleview Group,Freehold,"Lebuhraya Thean Teik, Air Itam, Ayer Itam, Penang",2013.0,30,808,Condominium,2,,Non Bumi Lot,630000,Penang,10,515.5482815057284
3.0,2.0,800,"Parking, Security, Lift, Swimming Pool, Playground, Minimart, Jogging Track",Kingfisher Series Condominium,Hunza Properties Berhad,Freehold,"No. 9-10, Jalan Gangsa, Green Lane, Georgetown, Penang",1998.0,21,406,Condominium,1,Low,Non Bumi Lot,350000,Penang,7,437.5
2.0,1.0,550,"Parking, Security, Lift, Swimming Pool, Playground, Gymnasium, Sauna, Barbeque area, Minimart, Multipurpose hall, Club house, Jogging Track, Tennis Court, Squash Court",Selangor » Cyberjaya,,Freehold,"Selangor » Cyberjaya, Selangor, Cyberjaya",,,,Condominium,2,High,Bumi Lot,198000,Cyberjaya,14,360.0
4.0,2.0,1270,"Swimming Pool, Parking, Gymnasium, Barbeque area, Security, Playground, Lift",Greenlane Park,,Freehold,"Solok Tembaga, Island Park, Greenlane, Penang",2005.0,27,,Condominium,2,,Non Bumi Lot,598000,Penang,7,470.86614173228344
3.0,2.0,1055,"Sauna, Parking, Minimart, Security, Playground, Swimming Pool, Gymnasium, Squash Court",Penhill Perdana Condominium,,Freehold,"Hill Railway Road, Ayer Itam, Penang",2007.0,16,122,Condominium,2,High,Non Bumi Lot,570000,Penang,8,540.2843601895735
3.0,2.0,1076,"Playground, Multipurpose hall, Barbeque area, Swimming Pool, Gymnasium, Jogging Track",Palm Garden @ Pearl City,TAMBUN INDAH LAND,Freehold,"Persiaran Mutiara 8, Simpang Ampat, Penang",,,,Apartment,,,Non Bumi Lot,380000,Penang,6,353.1598513011152
2.0,2.0,700,"Parking, Jogging Track, Swimming Pool, Lift, Playground, Minimart",Pangsapuri Putra Damai,Putrajaya Homes Sdn Bhd,Freehold,"Off Jalan P11, Presint 11, Putrajaya, Putrajaya",,17,,Flat,,Medium,Bumi Lot,270000,Putrajaya,6,385.7142857142857
3.0,2.0,939,,Seri Mutiara Apartment @ Setia Alam,Setia Precast Sdn Bhd,Freehold,"Persiaran Setia Gemilang, Setia Alam, Selangor",2015.0,25,636,Apartment,,Medium,Non Bumi Lot,335000,Selangor,,356.76251331203406
3.0,2.0,1152,"Security, Parking, Lift, Playground, Swimming Pool, Minimart, Gymnasium",Desa Skudai Apartment,,Freehold,"Jalan Sejahtera 1, Skudai, Johor",,,,Apartment,1,High,Non Bumi Lot,300000,Johor,7,260.4166666666667
2.0,1.0,506,,pangsapuri merak kangkar pulai,,Leasehold,"BLOCK A3-XX-16, JALAN PULAI HARMONI 1, PANGSAPURI MERAK, BANDAR BARU KANGKAR PULAI, 81110 KANGKAR PULAI JOHOR, Johor Bahru, Johor",,,,Flat,,,Non Bumi Lot,79000,Johor,,156.12648221343875
2.0,2.0,936,"Barbeque area, Tennis Court, Squash Court, Club house, Parking, Swimming Pool, Jogging Track, Sauna, Multipurpose hall, Playground, Gymnasium, Lift, Security, Minimart",Boulevard Condominium (BLVD),Reka Indah Development Sdn Bhd,Freehold,"Lebuhraya Thean Teik, Ayer Itam, Penang",2011.0,38,420,Condominium,2,Medium,Non Bumi Lot,555000,Penang,14,592.9487179487179
3.0,2.0,936,"Swimming Pool, Minimart, Squash Court, Lift, Sauna, Multipurpose hall, Parking, Security, Club house, Jogging Track, Barbeque area, Playground, Gymnasium, Tennis Court",Boulevard Condominium (BLVD),Reka Indah Development Sdn Bhd,Freehold,"Lebuhraya Thean Teik, Ayer Itam, Penang",2011.0,38,420,Condominium,3,Medium,Non Bumi Lot,498000,Penang,14,532.0512820512821
3.0,2.0,1087,"Squash Court, Parking, Security, Playground, Tennis Court, Lift, Barbeque area, Multipurpose hall, Jogging Track, Sauna, Club house, Minimart, Swimming Pool, Gymnasium",Boulevard Condominium (BLVD),Reka Indah Development Sdn Bhd,Freehold,"Lebuhraya Thean Teik, Ayer Itam, Penang",2011.0,38,420,Condominium,2,Medium,Non Bumi Lot,598000,Penang,14,550.1379944802208
3.0,2.0,936,"Barbeque area, Tennis Court, Squash Court, Club house, Parking, Swimming Pool, Jogging Track, Sauna, Multipurpose hall, Playground, Gymnasium, Lift, Security, Minimart",Boulevard Condominium (BLVD),Reka Indah Development Sdn Bhd,Freehold,"Lebuhraya Thean Teik, Ayer Itam, Penang",2011.0,38,420,Condominium,2,High,Non Bumi Lot,530000,Penang,14,566.2393162393163
2.0,2.0,900,,Sunny Ville Condominium,,Freehold,"Jalan Batu Uban, Gelugor, Penang",1994.0,22,504,Condominium,1,Medium,Non Bumi Lot,368000,Penang,,408.8888888888889
2.0,2.0,749,"Sauna, Security, Swimming Pool, Barbeque area, Gymnasium, Multipurpose hall, Playground, Lift, Parking",Twin Danga Residence,SKS Group,Leasehold,"Kg. Sungai Danga, Johor Bahru, Johor",2018.0,27,712,Service Residence,,Low,Non Bumi Lot,368000,Johor,9,491.3217623497997
4.0,2.0,1100,"Parking, Security, Lift, Swimming Pool, Playground, Gymnasium, Sauna, Barbeque area, Minimart, Multipurpose hall, Club house, Jogging Track, Tennis Court, Squash Court",Mahkota Cheras Condominium,,Freehold,"mahkota cheras Mcd, Selangor, Bandar Mahkota Cheras",,,,Condominium,2,Low,Non Bumi Lot,408000,Bandar Mahkota Cheras,14,370.90909090909093
3.0,2.0,916,"Security, Playground, Swimming Pool, Gymnasium, Parking, Minimart",Larkin Heights Apartment,Mahabuilders Berhad,Leasehold,"Jalan Dato Jaafar, Larkin, Johor Bahru, Johor",2016.0,22,328,Apartment,2,Medium,Non Bumi Lot,378000,Johor,6,412.6637554585153
3.0,2.0,1140,"Security, Playground, Swimming Pool, Jogging Track, Sauna, Club house, Lift, Parking, Gymnasium, Barbeque area, Multipurpose hall",Royale Infinity,Taman Jadi Group,Freehold,"Jalan Lembah Indah, Simpang Ampat, Penang",2017.0,14,608,Condominium,2,Low,Non Bumi Lot,370000,Penang,11,324.56140350877195
3.0,2.0,900,"Parking, Security",Kenari Apartment (Taman Melati),,Freehold,"Jalan Taman Melati, Setapak, Kuala Lumpur",,4,,Apartment,1,High,Non Bumi Lot,295000,Kuala Lumpur,2,327.77777777777777
3.0,2.0,720,"Parking, Security, Lift",Pangsapuri Indah Teluk Air Tawar Blok 1A & 1B (Pangsapuri Indah Teluk Air Tawar),,Freehold,"Lorong Teluk Air Tawar 6, Taman Air Tawar Indah, Butterworth, Penang",,,,Apartment,1,Low,Non Bumi Lot,200000,Penang,3,277.77777777777777
4.0,3.0,1280,"Parking, Security, Lift, Swimming Pool, Playground, Gymnasium, Sauna, Barbeque area, Minimart, Multipurpose hall, Club house, Jogging Track, Tennis Court, Squash Court",Jalil Residence,,Freehold,"bandar kinrara 5, Kuala Lumpur, Bukit Jalil",,,,Condominium,3,Medium,Non Bumi Lot,580000,Bukit Jalil,14,453.125
3.0,3.0,1463,"Swimming Pool, Security, Jogging Track, Tennis Court, Multipurpose hall, Club house, Parking, Playground",Casa Indah 1,Dijaya Group Corporation,Leasehold,"Selangor, Petaling Jaya, Tropicana, Petaling Jaya, Selangor",,,,Condominium,1,Low,Bumi Lot,710000,Selangor,8,485.30416951469584
4.0,2.0,1270,"Security, Playground, Barbeque area, Parking, Swimming Pool, Gymnasium, Lift",Greenlane Park,,Freehold,"Solok Tembaga, Island Park, Greenlane, Penang",2005.0,27,,Condominium,2,,Non Bumi Lot,598000,Penang,7,470.86614173228344
3.0,2.0,830,"Security, Swimming Pool, Parking, Minimart, Playground, Multipurpose hall",The Lumayan Apartment,Danau Lumayan Sdn Bhd,Leasehold,"Jalan Tasik Permaisuri 2, Cheras, Kuala Lumpur",,,,Apartment,1,Medium,Bumi Lot,340000,Kuala Lumpur,6,409.6385542168675
3.0,2.0,850,"Parking, Security, Lift, Swimming Pool, Playground, Gymnasium, Sauna, Barbeque area, Minimart, Multipurpose hall, Club house, Jogging Track, Tennis Court, Squash Court",M Vertica,Mah Sing Group Berhad,Freehold,"Off Jalan Cheras, Taman Pertama, Cheras, Kuala Lumpur",2023.0,50,3600,Condominium,2,Low,Non Bumi Lot,490000,Kuala Lumpur,14,576.4705882352941
3.0,2.0,700,"Jogging Track, Security, Multipurpose hall, Barbeque area, Parking, Playground, Swimming Pool, Gymnasium, Lift",Melody Homes,Belleview Group,Freehold,"Lebuhraya Thean Teik, Farlim,, Ayer Itam, Penang",2012.0,30,500,Apartment,1,,Non Bumi Lot,350000,Penang,9,500.0
3.0,2.0,700,"Swimming Pool, Barbeque area, Security, Playground, Multipurpose hall, Parking, Gymnasium, Jogging Track, Lift",Melody Homes,Belleview Group,Freehold,"Lebuhraya Thean Teik, Farlim,, Ayer Itam, Penang",2012.0,30,500,Apartment,,,Non Bumi Lot,360000,Penang,9,514.2857142857143
3.0,2.0,700,"Swimming Pool, Barbeque area, Security, Playground, Multipurpose hall, Parking, Gymnasium, Jogging Track, Lift",Melody Homes,Belleview Group,Freehold,"Lebuhraya Thean Teik, Farlim,, Ayer Itam, Penang",2012.0,30,500,Apartment,1,,Non Bumi Lot,330000,Penang,9,471.42857142857144
1.0,1.0,550,"Swimming Pool, Security, Minimart, Parking, Barbeque area, Gymnasium, Jogging Track, Playground",Aliff Avenue (Dwi Alif),,Leasehold,"Jalan Tampoi, Kawasan Perindustrian Tampoi, Skudai, Johor",,,,Apartment,,Medium,Non Bumi Lot,250000,Johor,8,454.54545454545456
4.0,3.0,1405,"Security, Playground, Lift, Sauna, Swimming Pool, Squash Court, Jogging Track, Club house, Minimart, Tennis Court, Barbeque area, Multipurpose hall, Parking, Gymnasium",La Vista Condominiums,IOI Properties Group,Freehold,"Jalan Tempua 2, Bandar Puchong Jaya, Puchong, Selangor",,15,192,Condominium,1,Low,Non Bumi Lot,380000,Selangor,14,270.4626334519573
3.0,2.0,800,"Parking, Minimart, Playground, Gymnasium, Security, Lift, Swimming Pool, Sauna, Barbeque area",TRI PINNACLE,Aspen Group,Freehold,"Jalan Persiaran Halia 3, Tanjong Tokong, Penang",2018.0,45,1168,Condominium,2,High,Non Bumi Lot,520000,Penang,9,650.0
3.0,2.0,1582,"Parking, Barbeque area, Swimming Pool, Sauna, Security, Gymnasium, Lift",Suasana Bukit Ceylon,UMLand,Freehold,"No. 1-17 Jalan Bukit Ceylon, KLCC, Kuala Lumpur",2012.0,34,310,Service Residence,1,High,Non Bumi Lot,1050000,Kuala Lumpur,7,663.7168141592921
3.0,2.0,1065,"Parking, Security, Lift, Swimming Pool, Playground, Gymnasium, Barbeque area, Multipurpose hall",Park @ One South,Hua Yang Berhad,Leasehold,"Persiaran Serdang Perdana, Seri Kembangan, Selangor",2014.0,23,418,Service Residence,2,Medium,Non Bumi Lot,400000,Selangor,8,375.5868544600939
3.0,2.0,998,"Parking, Security, Minimart, Playground, Swimming Pool",Mutiara Condominium (Ampang),Mutiara Condominium Sdn Bhd,Leasehold,"Jalan Bukit Indah 3/3, Taman Bukit Indah, Ampang, Selangor",1990.0,10,,Condominium,1,Low,Bumi Lot,350000,Selangor,5,350.7014028056112
3.0,2.0,1141,,The Garden Residences,Scientex (Skudai),Leasehold,"Jalan Persiaran Mutiara Mas, Skudai, Johor",2021.0,21,613,Apartment,,Medium,Non Bumi Lot,400000,Johor,,350.56967572304995
3.0,2.0,1237,"Squash Court, Parking, Security, Lift, Minimart, Playground, Swimming Pool, Gymnasium",Suria Jelutong,Sunsuria Berhad,Freehold,"Jalan Bazar U8/99, Bukit Jelutong, Shah Alam, Selangor",2014.0,13,666,Service Residence,4,High,Non Bumi Lot,535000,Selangor,8,432.4979789814066
3.0,2.0,920,"Swimming Pool, Parking, Minimart, Gymnasium, Barbeque area, Playground, Security",Bayu Tasik 1,PPC Glomac Sdn. Bhd.,Leasehold,"Jalan Sri Permaisuri 5, Bandar Sri Permaisuri, Cheras, Kuala Lumpur",1999.0,15,690,Condominium,1,Medium,Bumi Lot,340000,Kuala Lumpur,7,369.5652173913044
3.0,2.0,1222,"Parking, Security, Lift",Mahkota Residence Apartment,Cheras Hong Soon Development Sdn. Bhd.,Freehold,"Persiaran Mahkota Residence, Bandar Mahkota Cheras, Cheras, Selangor",,8,67,Apartment,2,Low,Non Bumi Lot,390000,Selangor,3,319.1489361702128
2.0,2.0,1272,"Minimart, Multipurpose hall, Security, Playground, Swimming Pool, Parking, Lift",Riviera Bay Resort Condominium,,Leasehold,"10km, Jalan Tanjung Kling, Tanjong Kling, Melaka",,,,Condominium,2,Medium,Non Bumi Lot,160000,Melaka,7,125.78616352201257
2.0,2.0,1131,"Parking, Security, Lift, Swimming Pool, Playground, Gymnasium, Sauna, Barbeque area, Minimart, Multipurpose hall, Club house, Jogging Track, Tennis Court, Squash Court",Damai Residence @ Sungai Besi,Choon Tian Sdn Bhd,Freehold,"Jalan Sungai Besi, KL City, Kuala Lumpur",2021.0,,443,Condominium,2,Medium,Non Bumi Lot,330000,Kuala Lumpur,14,291.7771883289125
1.0,1.0,667,"Sauna, Parking, Swimming Pool, Jogging Track, Multipurpose hall, Security, Gymnasium, Lift, Playground, Minimart",The Loft @ ZetaPark,ZetaPark Development,Leasehold,"Off Jalan Taman Ibu Kota, Festival City Malll, Setapak, Kuala Lumpur",2014.0,22,470,Service Residence,1,High,Non Bumi Lot,290000,Kuala Lumpur,10,434.7826086956522
3.0,2.0,883,"Parking, Security, Lift, Swimming Pool, Playground, Gymnasium, Sauna, Barbeque area, Minimart, Multipurpose hall, Club house, Jogging Track, Tennis Court, Squash Court",Park View Tower @ Harbour Place,PJD Group,Freehold,"Off Jalan New Ferry, Butterworth, Penang",,24,,Condominium,1,High,Non Bumi Lot,268000,Penang,14,303.5107587768969
2.0,2.0,780,"Parking, Security, Lift, Playground",Jade Tower (Ria),,Freehold,"Lebuh Kampung Benggali, Butterworth, Penang",,,,Apartment,2,High,Non Bumi Lot,240000,Penang,4,307.6923076923077
4.0,3.0,1991,"Swimming Pool, Barbeque area, Minimart, Gymnasium, Club house, Playground, Parking, Security, Lift",Fortune Avenue,Asian Pac Holdings Berhad,Leasehold,"Jalan Metro Perdana1, Taman Usahawan Kepong, Kepong, Kuala Lumpur",,8,825,Condominium,2,High,Non Bumi Lot,690000,Kuala Lumpur,9,346.5595178302361
3.0,2.0,838,"Jogging Track, Parking, Swimming Pool, Barbeque area, Security, Squash Court, Playground, Gymnasium, Lift",Asia Heights,Asia Green Group,Freehold,"Lorong Semarak Api 3, Ayer Itam, Penang",2007.0,22,816,Condominium,1,,Non Bumi Lot,355000,Penang,9,423.62768496420045
3.0,2.0,838,"Gymnasium, Barbeque area, Playground, Swimming Pool, Squash Court, Jogging Track, Security, Parking, Lift",Asia Heights,Asia Green Group,Freehold,"Lorong Semarak Api 3, Ayer Itam, Penang",2007.0,22,816,Condominium,2,,Non Bumi Lot,385000,Penang,9,459.4272076372315
3.0,2.0,838,"Gymnasium, Barbeque area, Playground, Swimming Pool, Squash Court, Jogging Track, Security, Parking, Lift",Asia Heights,Asia Green Group,Freehold,"Lorong Semarak Api 3, Ayer Itam, Penang",2007.0,22,816,Condominium,1,,Non Bumi Lot,380000,Penang,9,453.46062052505965
3.0,2.0,838,"Jogging Track, Parking, Swimming Pool, Barbeque area, Security, Squash Court, Playground, Gymnasium, Lift",Asia Heights,Asia Green Group,Freehold,"Lorong Semarak Api 3, Ayer Itam, Penang",2007.0,22,816,Condominium,,,Non Bumi Lot,380000,Penang,9,453.46062052505965
4.0,3.0,1300,"Parking, Security, Lift, Swimming Pool, Playground, Gymnasium, Sauna, Barbeque area, Minimart, Multipurpose hall, Club house, Jogging Track, Tennis Court, Squash Court",Putrajaya P8 Apartment,,Freehold,"Presint 9, Putrajaya, Putrajaya",,,,Condominium,2,Medium,Non Bumi Lot,299000,Putrajaya,14,230.0
4.0,2.0,1333,"Playground, Gymnasium, Parking, Security, Minimart, Swimming Pool, Club house, Lift",Platinum Lake PV 20,Platinum Victory Group Sdn. Bhd.,Leasehold,"No. 5 Jalan Usahawan 2, Jalan Genting Kelang, Setapak, Kuala Lumpur",2014.0,25,800,Condominium,2,,Non Bumi Lot,460000,Kuala Lumpur,8,345.08627156789197
2.0,2.0,750,"Parking, Security, Minimart, Gymnasium, Barbeque area, Swimming Pool, Lift, Playground, Jogging Track, Sauna, Squash Court, Tennis Court",Woodsbury Suites @ Harbour Place,PJD Group,Freehold,"Jalan Chain Ferry, Kampung Perlis, Butterworth, Penang",2017.0,40,420,Service Residence,1,Medium,Non Bumi Lot,400000,Penang,12,533.3333333333334
3.0,2.0,700,"Parking, Security, Lift, Swimming Pool, Playground, Minimart",Kingfisher Series Condominium,Hunza Properties Berhad,Freehold,"No. 9-10, Jalan Gangsa, Green Lane, Georgetown, Penang",1998.0,21,406,Condominium,1,Medium,Non Bumi Lot,380000,Penang,6,542.8571428571429
4.0,2.0,1100,"Parking, Security, Lift, Swimming Pool, Playground, Gymnasium, Sauna, Barbeque area, Minimart, Multipurpose hall, Club house, Jogging Track, Tennis Court, Squash Court","Apartment Presint 17, Putrajaya",,Freehold,"Presint 17, Putrajaya, Putrajaya",,,,Condominium,2,Medium,Non Bumi Lot,299000,Putrajaya,14,271.8181818181818
2.0,1.0,825,,The Garden Residences,Scientex (Skudai),Leasehold,"Jalan Persiaran Mutiara Mas, Skudai, Johor",2021.0,21,613,Condominium,2,Medium,Non Bumi Lot,330000,Johor,,400.0
3.0,2.0,949,"Lift, Security, Parking, Playground, Minimart, Jogging Track, Swimming Pool",D'Cerrum Apartment,SP Setia Berhad,Freehold,"Jalan Ecohill 1/2, Semenyih, Selangor",2019.0,,635,Apartment,2,Medium,Non Bumi Lot,265000,Selangor,7,279.2413066385669
3.0,2.0,1742,"Jogging Track, Security, Minimart, Gymnasium, Swimming Pool, Parking, Playground, Lift, Barbeque area",Serin Residency,Trientel Land (Villamas Group),Freehold,"Jalan Fauna 1, OFF Persiaran Multimedia, Cyberjaya, Selangor",2014.0,30,600,Condominium,2,Medium,Non Bumi Lot,483000,Selangor,9,277.2675086107922
3.0,2.0,850,"Parking, Lift, Playground, Security, Jogging Track",Flora Damansara,MK Land Holdings,Leasehold,"Jalan PJU 8/9, Damansara Perdana, Selangor",2015.0,20,1440,Apartment,,Medium,Non Bumi Lot,245000,Selangor,5,288.2352941176471
4.0,3.0,1477,"Parking, Security, Minimart, Playground, Swimming Pool, Gymnasium, Lift, Sauna, Barbeque area, Multipurpose hall, Jogging Track, Squash Court",Imperial Residence Cheras,Beverly Group Sdn Bhd,Freehold,"Jalan Mas Utama Off Cheras-Kajang Highway, Taman Sri Aman, Cheras, Selangor",2015.0,22,229,Condominium,2,,Non Bumi Lot,448000,Selangor,12,303.3175355450237
4.0,3.0,1300,"Parking, Security, Lift, Swimming Pool, Playground, Gymnasium, Sauna, Barbeque area, Minimart, Multipurpose hall, Club house, Jogging Track, Tennis Court, Squash Court","Apartment Presint 17, Putrajaya",,Freehold,"Presint 17, Putrajaya, Putrajaya",,,,Condominium,2,Medium,Non Bumi Lot,300000,Putrajaya,14,230.76923076923077
3.0,2.0,743,,Kota Laksamana Utama Apartment,,Leasehold,"Jalan Kota Laksamana 3/5, Taman Maharjaya, Melaka City, Melaka",,,,Apartment,,High,Non Bumi Lot,85000,Melaka,,114.40107671601615
3.0,2.0,750,"Jogging Track, Tennis Court, Squash Court, Parking, Security, Lift, Swimming Pool, Playground, Gymnasium, Sauna, Barbeque area, Minimart, Multipurpose hall, Club house",Suria Ixora,Sunsuria Berhad,Freehold,"Jalan Setia Perdana U13/28, Alam Nusantara, Shah Alam, Selangor",,,460,Apartment,2,High,Non Bumi Lot,290000,Selangor,14,386.6666666666667
3.0,2.0,1000,"Gymnasium, Security, Sauna, Swimming Pool",Bukit Dumbar Indah,,Freehold,"Bukit Dumbar, Penang, Bukit Dumbar, Penang",,5,108,Condominium,1,Low,Non Bumi Lot,460000,Penang,4,460.0
3.0,2.0,613,,Jasa,,Leasehold,"Jalan Hang Hebat, Skudai, Johor",,,,Flat,1,Medium,Non Bumi Lot,99000,Johor,,161.50081566068516
4.0,2.0,1100,"Parking, Security, Lift, Swimming Pool, Playground, Gymnasium, Sauna, Barbeque area, Minimart, Multipurpose hall, Club house, Jogging Track, Tennis Court, Squash Court",Lakefront Homes @ Cyberjaya,LakeFront Residence Sdn Bhd,Freehold,"Lot 108634, Persiaran Sepang, Cyber 11, Cyberjaya, Selangor",2021.0,42,1311,Condominium,2,Medium,Non Bumi Lot,299000,Selangor,14,271.8181818181818
3.0,2.0,800,,Seri Mengkuang,,Leasehold,"Jalan Juragan 1,, Gelang Patah, Johor",,,,Apartment,1,Medium,Non Bumi Lot,138000,Johor,,172.5
3.0,2.0,650,"Lift, Playground, Jogging Track, Minimart",PPR Taman Wahyu 2,,Leasehold,"Jalan Ipoh Taman Wahyu, Kuala Lumpur, Jalan Ipoh",,,,Apartment,,High,Bumi Lot,180000,Jalan Ipoh,4,276.9230769230769
4.0,3.0,1300,"Parking, Security, Squash Court, Multipurpose hall, Minimart, Playground, Swimming Pool, Sauna, Jogging Track, Lift, Barbeque area, Tennis Court, Gymnasium, Club house",Sawtelle Suites Cyberjaya,COUNTRY HEIGHTS HOLDINGS BERHAD,Freehold,"Off Persiaran Tasik, Cyber Heights Villa, Cyberjaya, Selangor",2017.0,16,128,Condominium,2,Medium,Non Bumi Lot,299000,Selangor,14,230.0
3.0,2.0,850,"Security, Parking, Playground, Lift, Swimming Pool",Pangsapuri Perdana (Seksyen 13),,Leasehold,"Jalan Lompat Pagar 13/37, Shah Alam, Selangor",2000.0,10,20,Apartment,1,Low,Bumi Lot,245000,Selangor,5,288.2352941176471
3.0,2.0,897,"Barbeque area, Club house, Security, Minimart, Parking, Playground, Swimming Pool, Gymnasium, Lift, Multipurpose hall",Banjaria Court,Perbadanan Kemajuan Negeri Selangor (PKNS),Leasehold,"Jalan Samudera Timur 1, Taman Samudra, Batu Caves, Selangor",2010.0,,704,Condominium,1,Low,Bumi Lot,385000,Selangor,10,429.20847268673356
4.0,3.0,1345,,The Regina,Regina Development Sdn Bhd,Leasehold,"Jalan Subang Permai, USJ 1, USJ, Selangor",2014.0,,600,Condominium,2,High,Non Bumi Lot,635000,Selangor,,472.1189591078067
3.0,3.0,1091,"Playground, Swimming Pool, Lift, Gymnasium, Sauna, Parking, Squash Court, Security, Minimart, Tennis Court",All Seasons Park,Belleview Group,Freehold,"Lebuhraya Thean Teik, Air Itam, Ayer Itam, Penang",2013.0,30,808,Condominium,1,,Non Bumi Lot,530000,Penang,10,485.7928505957837
3.0,3.0,1285,"Playground, Swimming Pool, Lift, Gymnasium, Sauna, Parking, Squash Court, Security, Minimart, Tennis Court",All Seasons Park,Belleview Group,Freehold,"Lebuhraya Thean Teik, Air Itam, Ayer Itam, Penang",2013.0,30,808,Condominium,1,,Non Bumi Lot,600000,Penang,10,466.9260700389105
3.0,2.0,887,"Playground, Swimming Pool, Lift, Gymnasium, Sauna, Parking, Squash Court, Security, Minimart, Tennis Court",All Seasons Park,Belleview Group,Freehold,"Lebuhraya Thean Teik, Air Itam, Ayer Itam, Penang",2013.0,30,808,Condominium,2,,Non Bumi Lot,495000,Penang,10,558.0608793686584
3.0,2.0,887,"Playground, Swimming Pool, Lift, Gymnasium, Sauna, Parking, Squash Court, Security, Minimart, Tennis Court",All Seasons Park,Belleview Group,Freehold,"Lebuhraya Thean Teik, Air Itam, Ayer Itam, Penang",2013.0,30,808,Condominium,1,,Non Bumi Lot,450000,Penang,10,507.3280721533258
3.0,2.0,1009,,Kingfisher @ Putatan,,Leasehold,"Jalan Ketiau Tombovo, Penampang, Sabah",,,,Condominium,2,Medium,Non Bumi Lot,450000,Sabah,,445.98612487611496
4.0,3.0,1550,"Parking, Security, Lift, Swimming Pool, Playground, Gymnasium, Sauna, Barbeque area, Minimart, Multipurpose hall, Tennis Court, Squash Court",Vina Versatile Homes,Mitraland Group,Freehold,"Jalan Seri Taming, Taman Seri Taming,, Cheras, Kuala Lumpur",2016.0,,474,Condominium,2,,Non Bumi Lot,778000,Kuala Lumpur,12,501.93548387096774
3.0,2.0,1227,"Parking, Security, Lift, Swimming Pool, Playground, Minimart, Multipurpose hall, Barbeque area, Sauna, Gymnasium, Club house, Jogging Track, Tennis Court, Squash Court",Eco Sky,Eco Sky Development Sdn Bhd,Freehold,"1-29, EcoSky, No. 972, Batu 6½, Taman Wahyu, Jalan Ipoh, Kuala Lumpur",2018.0,41,1115,Service Residence,2,Medium,Non Bumi Lot,820000,Kuala Lumpur,14,668.2966585167075
4.0,3.0,1300,"Parking, Security, Lift, Swimming Pool, Playground, Gymnasium, Sauna, Barbeque area, Minimart, Multipurpose hall, Club house, Jogging Track, Tennis Court, Squash Court",Cyberview Garden Villas,Cyberview Lodge Resorts & Spa,Freehold,"Persiaran Multimedia,, Cyberjaya, Selangor",,,52,Condominium,2,Medium,Non Bumi Lot,299000,Selangor,14,230.0
3.0,2.0,1285,"Security, Playground, Swimming Pool, Squash Court, Jogging Track, Barbeque area, Parking, Lift, Gymnasium, Minimart, Multipurpose hall",Eastside @ One Ampang Avenue,Perdana Parkcity sdn bhd,Leasehold,"Jalan Ampang Utama 2/2, Ampang, Selangor",,16,96,Condominium,1,Low,Non Bumi Lot,468000,Selangor,11,364.2023346303502
4.0,3.0,1202,"Parking, Jogging Track, Playground, Gymnasium, Security, Swimming Pool, Barbeque area, Lift, Multipurpose hall",Setia Seraya Residence,Setia Promenade Sdn Bhd (SP Setia),Freehold,"Lot 14124, Jln P15 H, Presint 15, Putrajaya, Putrajaya, Putrajaya",2021.0,,363,Condominium,2,Low,Non Bumi Lot,650000,Putrajaya,9,540.7653910149751
4.0,3.0,1661,"Gymnasium, Squash Court, Playground, Swimming Pool, Tennis Court",Kiara 9,Kina-Bijak Sdn Bhd,Freehold,"No. 22, Jalan Kiara 3, Mont Kiara, Kuala Lumpur",2011.0,41,192,Condominium,2,Medium,Non Bumi Lot,1150000,Kuala Lumpur,5,692.3540036122818
3.0,2.0,1100,"Security, Playground, Parking",Pertiwi Indah,,Leasehold,"No. 2, Jalan Pertiwi, Taman Maluri, Cheras, Kuala Lumpur",,12,,Condominium,1,High,Non Bumi Lot,410000,Kuala Lumpur,3,372.72727272727275
3.0,2.0,1100,"Security, Sauna, Playground, Gymnasium, Parking, Swimming Pool, Barbeque area",Bam Villa,,Leasehold,"Jalan Pria, Taman Maluri, Cheras, Kuala Lumpur",1996.0,19,,Condominium,1,,Non Bumi Lot,340000,Kuala Lumpur,7,309.09090909090907
2.0,2.0,1311,"Parking, Security, Lift, Swimming Pool, Playground, Gymnasium, Sauna, Barbeque area, Minimart, Multipurpose hall, Club house, Jogging Track, Tennis Court, Squash Court",The Gardens (Mid Valley City),IGB Corporation Berhad,Freehold,"Lingkaran Syed Putra, Mid Valley City, Kuala Lumpur",2007.0,30,151,Condominium,2,Medium,Non Bumi Lot,350000,Kuala Lumpur,14,266.9717772692601
2.0,1.0,480,"Parking, Playground",Taman Asa Jaya,,Freehold,"Off Jalan Semenyih, Kajang, Selangor",,,,Flat,,Low,Non Bumi Lot,120000,Selangor,2,250.0
3.0,2.0,838,"Gymnasium, Barbeque area, Playground, Swimming Pool, Squash Court, Jogging Track, Security, Parking, Lift",Asia Heights,Asia Green Group,Freehold,"Lorong Semarak Api 3, Ayer Itam, Penang",2007.0,22,816,Condominium,2,,Non Bumi Lot,380000,Penang,9,453.46062052505965
2.0,2.0,994,"Playground, Jogging Track, Parking, Minimart, Security, Barbeque area",Anjung Hijau,BERJAYA GROUP,Freehold,"Jalan 1/155B, Bukit Jalil, Kuala Lumpur",,18,600,Condominium,1,Low,Non Bumi Lot,450000,Kuala Lumpur,6,452.7162977867203
3.0,2.0,720,"Parking, Lift, Security",Desa Delima,,Leasehold,"Lorong Semarak Api Dua, Bandar Baru Farlim, Ayer Itam, Penang",1992.0,17,3,Apartment,1,,Non Bumi Lot,240000,Penang,3,333.3333333333333
3.0,2.0,720,"Parking, Security, Lift",Desa Delima,,Leasehold,"Lorong Semarak Api Dua, Bandar Baru Farlim, Ayer Itam, Penang",1992.0,17,3,Apartment,1,,Non Bumi Lot,250000,Penang,3,347.22222222222223
5.0,5.0,2415,"Parking, Security, Lift, Playground, Gymnasium, Club house, Tennis Court, Jogging Track, Squash Court, Multipurpose hall, Sauna, Swimming Pool, Barbeque area, Minimart",Tasik Residency,Metrogen Sdn Bhd,Leasehold,"Taman Putra Prima, Puchong, Selangor",2020.0,24,670,Condominium,,Medium,Non Bumi Lot,785000,Selangor,14,325.0517598343685
4.0,2.0,1213,"Gymnasium, Barbeque area, Swimming Pool, Squash Court, Sauna, Security, Parking, Playground, Lift, Minimart",Skudai Villa,,Freehold,"jalan aman skudai baru, Johor Bahru, Johor",2004.0,40,500,Condominium,1,High,Non Bumi Lot,340000,Johor,10,280.2967848309975
3.0,2.0,1168,"Parking, Minimart, Playground, Gymnasium, Multipurpose hall, Club house, Security, Jogging Track, Swimming Pool, Lift",Gembira Residen (G Residence),Kelang Lama Sdn Bhd (Chin Hin Group),Freehold,"Jalan Senang Ria, Off Jalan Gembira, Kuchai Lama, Kuala Lumpur",2013.0,24,467,Condominium,2,Medium,Non Bumi Lot,678000,Kuala Lumpur,10,580.4794520547945
4.0,3.0,2400,"Parking, Lift",Villamas (Georgetown),,Freehold,"Jalan Logan, Georgetown, Penang",,,,Condominium,2,High,Non Bumi Lot,1050000,Penang,2,437.5
3.0,2.0,700,"Parking, Lift, Minimart",Taman Terubong Indah (Majestic Heights),,Freehold,"Tingkat Paya Terubong 4, Ayer Itam, Penang",2003.0,23,2115,Flat,,,Non Bumi Lot,135000,Penang,3,192.85714285714286
3.0,3.0,818,,Bakti,,Leasehold,"Jalan Tamby Abdullah, Melaka City, Melaka",,,,Flat,,,Non Bumi Lot,168000,Melaka,,205.37897310513446
6.0,5.0,9800,"Barbeque area, Security, Swimming Pool, Squash Court, Parking, Playground, Gymnasium",Moonlight Bay Condovilla,Ivory Properties Group Sdn Bhd,Freehold,"Off Jalan Batu Ferringhi, Batu Ferringhi, Penang",,5,20,Condominium,3,Low,Non Bumi Lot,5000000,Penang,7,510.2040816326531
3.0,2.0,1273,"Parking, Security, Lift, Swimming Pool, Playground, Gymnasium",Elements Garden,Oriental Max Sdn Bhd,Freehold,"Jalan Raja Uda, Butterworth, Penang",,,,Condominium,2,,Non Bumi Lot,490000,Penang,6,384.917517674784
4.0,2.0,1206,"Parking, Swimming Pool, Tennis Court, Security, Playground, Barbeque area, Lift",Sri Kinabalu,,Leasehold,"Jalan 4/27e, Wangsa Maju, Kuala Lumpur",,,,Condominium,1,Medium,Bumi Lot,400000,Kuala Lumpur,7,331.6749585406302
3.0,3.0,1225,"Lift, Multipurpose hall, Parking, Playground, Swimming Pool",AmberSide @ Country Garden Danga Bay,Country Garden Danga Bay Sdn. Bhd.,Freehold,"Jalan Skudai Off Country Garden Danga Bay, Johor Bahru, Johor",2017.0,,,Condominium,1,Medium,Non Bumi Lot,620000,Johor,5,506.1224489795918
3.0,2.0,650,,Pangsapuri Palma (Bandar Botanic),,Freehold,"Jalan Palma Raja 3/KS6, Bandar Botanic, Klang, Selangor",2015.0,3,,Apartment,,High,Non Bumi Lot,150000,Selangor,,230.76923076923077
3.0,2.0,657,,Pangsapuri Pendamar A (Klang),,Freehold,"Jalan Pendamaran/Ks 5c, Taman Kota Pendamar, Klang, Selangor",,,,Apartment,,Medium,Non Bumi Lot,155000,Selangor,,235.9208523592085
3.0,2.0,750,Parking,Pangsapuri Akasia (Bandar Botanic),,Freehold,"Persiaran Botanik, Bandar Botanic, Klang, Selangor",,5,,Apartment,,Low,Non Bumi Lot,355000,Selangor,1,473.3333333333333
3.0,2.0,947,"Swimming Pool, Playground, Gymnasium, Parking, Security",Belimbing Heights,,Freehold,"Jalan Belimbing Indah, Seri Kembangan, Selangor",,14,248,Condominium,,Medium,Bumi Lot,298000,Selangor,5,314.6779303062302
3.0,2.0,800,"Security, Swimming Pool, Squash Court, Parking, Gymnasium, Sauna, Playground, Tennis Court, Jogging Track, Lift, Club house, Minimart, Multipurpose hall",Tropicana Bay Residences @ PWC,Tropicana Ivory Sdn. Bhd.,Freehold,"Penang WorldCity Sales Gallery, Bayan Lepas, Penang",2017.0,22,1343,Condominium,2,,Non Bumi Lot,620000,Penang,13,775.0
1.0,1.0,500,"Parking, Security, Lift, Swimming Pool, Playground, Gymnasium, Sauna, Barbeque area, Minimart, Multipurpose hall, Jogging Track",Silk Sky,Cheras Hong Soon Development Sdn. Bhd.,Freehold,"Jalan Kb 2/15, off Kampung Baru Balakong, Balakong, Selangor",2016.0,30,551,Service Residence,2,High,Non Bumi Lot,308000,Selangor,11,616.0
3.0,2.0,883,"Parking, Playground, Gymnasium, Security, Swimming Pool, Minimart, Barbeque area, Lift",Kelana Impian,,Freehold,"Jalan SS8/7, Kelana Jaya, Petaling Jaya, Selangor",,10,,Apartment,1,Medium,Non Bumi Lot,349999,Selangor,8,396.3748584371461
3.0,2.0,957,"Minimart, Security, Parking",Selesa I-Resort Apartment,,Freehold,"Jalan Damai Mewah 2, Taman Damai Mewah, Kajang, Selangor",,,,Apartment,,Medium,Non Bumi Lot,212000,Selangor,3,221.52560083594565
3.0,2.0,1052,"Playground, Gymnasium, Security, Multipurpose hall, Parking, Swimming Pool, Lift, Barbeque area, Jogging Track, Minimart",Camellia Residences,WIRA CHERAS DEVELOPMENT SDN. BHD.,Freehold,"Jalan SL 16, Bandar Sungai Long, Kajang, Selangor",2020.0,14,244,Condominium,2,Medium,Non Bumi Lot,395000,Selangor,10,375.47528517110266
3.0,2.0,830,"Parking, Swimming Pool, Minimart, Playground, Security, Lift, Gymnasium, Tennis Court, Jogging Track",Vista Impiana,LBS Bina Group Berhad,Leasehold,"Jalan Bukit Serdang 10/2, Taman Bukit Serdang, Seri Kembangan, Selangor",2004.0,21,,Condominium,1,Medium,Non Bumi Lot,260000,Selangor,9,313.2530120481928
3.0,2.0,830,"Parking, Playground, Swimming Pool, Security, Minimart, Lift, Gymnasium, Barbeque area, Jogging Track, Tennis Court",Vista Impiana,LBS Bina Group Berhad,Leasehold,"Jalan Bukit Serdang 10/2, Taman Bukit Serdang, Seri Kembangan, Selangor",2004.0,21,,Condominium,1,Medium,Non Bumi Lot,288000,Selangor,10,346.9879518072289
4.0,2.0,864,"Parking, Barbeque area, Playground, Security",Putra Indah Apartment,,Leasehold,"Jalan PP 16, Taman Pinggiran Putra, Seri Kembangan, Selangor",,5,,Apartment,1,Low,Non Bumi Lot,285000,Selangor,4,329.8611111111111
3.0,2.0,760,Parking,Taman Sri Kuching,,Freehold,"Jalan Matang 2, Off Jalan Kuching, Jalan Kuching, Kuala Lumpur",,3,,Apartment,,Low,Non Bumi Lot,238000,Kuala Lumpur,1,313.1578947368421
3.0,2.0,1750,"Jogging Track, Minimart, Gymnasium, Playground, Tennis Court, Multipurpose hall, Club house, Security, Swimming Pool, Squash Court, Lift, Sauna, Parking",Tropicana Bay Residences @ PWC,Tropicana Ivory Sdn. Bhd.,Freehold,"Penang WorldCity Sales Gallery, Bayan Lepas, Penang",2017.0,22,1343,Condominium,2,,Non Bumi Lot,1150000,Penang,13,657.1428571428571
3.0,3.0,1400,"Barbeque area, Multipurpose hall, Jogging Track, Playground, Parking, Minimart, Swimming Pool, Gymnasium, Security",The Treez,Jalilmax Development,Freehold,"Jalan 13/155C, Bukit Jalil, Kuala Lumpur",2013.0,135,,Condominium,2,Low,Non Bumi Lot,960000,Kuala Lumpur,9,685.7142857142857
4.0,2.0,844,"Swimming Pool, Multipurpose hall, Security, Parking, Playground",Intana Ria,,Leasehold,"Off Jalan 7/1, Seksyen 7, Bandar Baru Bangi, Bangi, Selangor",,,,Apartment,1,Medium,Bumi Lot,229000,Selangor,5,271.3270142180095
3.0,2.0,800,"Parking, Security, Gymnasium, Sauna, Club house, Jogging Track, Lift, Playground, Tennis Court, Multipurpose hall, Minimart, Swimming Pool, Squash Court",Tropicana Bay Residences @ PWC,Tropicana Ivory Sdn. Bhd.,Freehold,"Penang WorldCity Sales Gallery, Bayan Lepas, Penang",2017.0,22,1343,Condominium,2,,Non Bumi Lot,622000,Penang,13,777.5
4.0,4.0,2600,"Parking, Sauna, Security, Playground, Swimming Pool, Gymnasium, Barbeque area, Multipurpose hall",Delima Palace,Arah Objektif (M) Sdn Bhd,Freehold,"Changkat Delima 2, Greenlane, Penang",2010.0,25,,Condominium,2,,Non Bumi Lot,1230000,Penang,8,473.0769230769231
3.0,3.0,1539,,The Light Linear @ The Light Waterfront,IJM LAND BERHAD,Freehold,"Jalan Pantai Sinaran, Lebuhraya Jelutong, Gelugor, Penang",2012.0,17,328,Condominium,2,,Non Bumi Lot,1200000,Penang,,779.7270955165692
3.0,2.0,872,"Parking, Swimming Pool, Lift, Multipurpose hall, Minimart, Gymnasium, Security, Tennis Court, Jogging Track, Sauna, Club house, Playground, Squash Court",,,Freehold,,,,,Condominium,1,,Non Bumi Lot,660000,,13,756.8807339449542
2.0,1.0,650,"Security, Lift, Multipurpose hall, Minimart",Taman Alor Vista,,Freehold,"Lebuh Relau Off Jalan Paya Terubong, Relau, Penang",,,,Flat,,Medium,Non Bumi Lot,165000,Penang,4,253.84615384615384
3.0,2.0,955,"Parking, Security, Lift, Swimming Pool, Playground, Gymnasium, Minimart, Multipurpose hall",Riverside Residence,,Leasehold,"89500 Penampang, Sabah, Penampang, Sabah",,,,Condominium,1,Medium,Non Bumi Lot,580000,Sabah,8,607.3298429319372
5.0,4.0,2600,"Parking, Sauna, Security, Playground, Swimming Pool, Gymnasium, Barbeque area, Multipurpose hall",Delima Palace,Arah Objektif (M) Sdn Bhd,Freehold,"Changkat Delima 2, Greenlane, Penang",2010.0,25,,Condominium,3,,Non Bumi Lot,1450000,Penang,8,557.6923076923077
3.0,2.0,1043,"Swimming Pool, Playground, Security, Parking, Gymnasium, Lift",Saujana Aster,Peremba Jaya Holdings Sdn Bhd,Freehold,"Jalan P11h/1, Precinct 11, Putrajaya, Putrajaya",,,226,Condominium,1,High,Non Bumi Lot,430000,Putrajaya,6,412.27229146692235
1.0,1.0,715,"Minimart, Sauna, Multipurpose hall, Swimming Pool, Gymnasium, Squash Court, Parking, Playground, Lift, Barbeque area, Club house, Security, Tennis Court, Jogging Track",The Senai Garden,KCC Development (M) Sdn Bhd,Freehold,"Jalan Impian Senai Utama, Taman Impian Senai, Senai, Johor",,,392,Apartment,,Medium,Non Bumi Lot,295000,Johor,14,412.5874125874126
3.0,2.0,830,"Parking, Security, Swimming Pool, Gymnasium, Minimart, Playground, Lift, Sauna, Jogging Track",D'Cassia Apartment,SP Setia Berhad,Freehold,"Jalan Ecohill 1/2, Semenyih, Selangor",2019.0,,635,Apartment,2,Low,Non Bumi Lot,230000,Selangor,9,277.10843373493975
3.0,2.0,810,"Lift, Security, Playground",D'Kristal,,Freehold,"ln Ecohill 1/2, Setia Ecohill, Semenyih, Selangor",,,,Apartment,,Medium,Non Bumi Lot,199000,Selangor,3,245.679012345679
3.0,2.0,1410,"Minimart, Playground, Squash Court, Parking, Gymnasium, Jogging Track, Security, Swimming Pool, Lift",Menara U,Kenari Sukma Sdn Bhd,Leasehold,"Jalan Akuatik, Seksyen 13, Shah Alam, Selangor",2013.0,27,569,Condominium,2,Medium,Non Bumi Lot,275000,Selangor,9,195.03546099290782
3.0,1.0,700,"Parking, Lift",Desa Green Apartment (Jelutong),,Freehold,"Jalan Van Praagh, off Perak Road, Jelutong, Penang",1997.0,22,1008,Apartment,1,Medium,Non Bumi Lot,265000,Penang,2,378.57142857142856
4.0,3.0,1320,"Parking, Swimming Pool, Lift, Multipurpose hall, Minimart, Gymnasium, Security, Tennis Court, Jogging Track, Sauna, Club house, Playground, Squash Court",,,Freehold,,,,,Condominium,2,,Non Bumi Lot,928000,,13,703.030303030303
3.0,2.0,900,"Security, Club house, Parking, Minimart, Swimming Pool, Gymnasium, Playground, Barbeque area",Putri Ria,,Freehold,"Jalan Bayan 45, Pasir Gudang, Johor",,,,Condominium,2,Medium,Non Bumi Lot,250000,Johor,8,277.77777777777777
4.0,3.0,1646,"Gymnasium, Playground, Swimming Pool, Security, Barbeque area, Sauna, Multipurpose hall",Grace Residence,Nova Mulia Development Sdn Bhd,Freehold,"Jalan Jelutong, Off Tun Dr. Lim Chong Eu Hwy, Jelutong, Penang",2018.0,44,378,Condominium,2,,Non Bumi Lot,920000,Penang,7,558.9307411907655
3.0,2.0,700,"Playground, Parking",Pangsapuri Baiduri (Bandar Tasik Kesuma),,Freehold,"Off Jalan Semenyih, Bandar Tasik Kesuma, Beranang, Selangor",,5,7810,Apartment,,Low,Non Bumi Lot,110000,Selangor,2,157.14285714285714
3.0,2.0,700,"Parking, Security, Gymnasium, Minimart, Swimming Pool, Lift",BL Garden,,Freehold,"Lebuhraya Thean Teik, Ayer Itam, Penang",,30,,Apartment,1,,Non Bumi Lot,345000,Penang,6,492.85714285714283
2.0,2.0,700,"Parking, Security, Gymnasium, Minimart, Swimming Pool, Lift",BL Garden,,Freehold,"Lebuhraya Thean Teik, Ayer Itam, Penang",,30,,Apartment,2,,Non Bumi Lot,350000,Penang,6,500.0
3.0,2.0,700,"Security, Parking, Lift, Playground",Shineville Garden,Zantalite Enterprise (M) Sdn Bhd,Freehold,"Thean Teik Hwy, Ayer Itam, Penang",,24,234,Apartment,1,,Non Bumi Lot,318000,Penang,4,454.2857142857143
3.0,2.0,750,,Flat Sri Lanang (Desa Tebrau),,Freehold,"Taman Desa Tebrau, Johor Bahru, Johor",,,,Flat,,High,Non Bumi Lot,145000,Johor,,193.33333333333334
3.0,2.0,800,"Swimming Pool, Parking, Security, Lift",Ria Apartment (Butterworth),Thong Sin Group,Freehold,"Lebuh Kampung Benggali, Butterworth, Penang",,,242,Apartment,1,High,Non Bumi Lot,255000,Penang,4,318.75
3.0,2.0,680,"Minimart, Parking, Security, Lift, Multipurpose hall, Playground",Halaman Kenanga,The Penang Development Corporation,Leasehold,"Jalan Bukit Gambier, Gelugor, Penang",,22,714,Apartment,1,Low,Non Bumi Lot,225000,Penang,6,330.88235294117646
3.0,2.0,850,"Swimming Pool, Gymnasium, Minimart, Playground, Parking, Jogging Track, Sauna, Security, Lift",D'Cassia Apartment,SP Setia Berhad,Freehold,"Jalan Ecohill 1/2, Semenyih, Selangor",2019.0,,635,Apartment,2,Medium,Non Bumi Lot,240000,Selangor,9,282.3529411764706
3.0,2.0,872,"Minimart, Jogging Track, Sauna, Club house, Security, Playground, Gymnasium, Squash Court, Lift, Parking, Swimming Pool, Tennis Court, Multipurpose hall",Tropicana Bay Residences @ PWC,Tropicana Ivory Sdn. Bhd.,Freehold,"Penang WorldCity Sales Gallery, Bayan Lepas, Penang",2017.0,22,1343,Condominium,1,,Non Bumi Lot,595000,Penang,13,682.3394495412844
3.0,2.0,951,"Sauna, Multipurpose hall, Parking, Security, Jogging Track, Barbeque area, Swimming Pool, Gymnasium, Lift, Playground, Minimart, Club house",Symphony Tower,Mitraland Group,Freehold,"Taman Cheras Jaya, Balakong, Selangor",2018.0,42,1675,Service Residence,1,Medium,Non Bumi Lot,445000,Selangor,12,467.9284963196635
3.0,2.0,650,"Lift, Parking, Playground, Minimart",Pangsapuri Desa Sepakat,,Leasehold,"Jln Medan 32, Tmn Medan Baru, Petaling Jaya, Selangor",,,,Apartment,1,Medium,Non Bumi Lot,169999,Selangor,4,261.5369230769231
3.0,2.0,807,"Security, Parking, Lift, Minimart, Playground",Pangsapuri Salvia,,Leasehold,"Jalan Kenyalang 11/3, Kota Damansara, Selangor",2005.0,6,,Condominium,1,Medium,Non Bumi Lot,305000,Selangor,5,377.9429987608426
4.0,2.0,1000,"Parking, Security, Lift, Swimming Pool, Playground, Gymnasium, Barbeque area, Multipurpose hall, Jogging Track",Kajang New 1000sqft,,Freehold,"Taman Desa Karunmas, Selangor, Kajang",,,,Condominium,2,Medium,Non Bumi Lot,400000,Kajang,9,400.0
4.0,2.0,1333,"Parking, Swimming Pool, Multipurpose hall, Barbeque area, Security, Jogging Track, Gymnasium","Orange 3 Condo, Bagan Ajam",Tah Wah Group,Freehold,"Jalan Pantai Bersih, Kampung Bagan Ajam, Butterworth, Penang",2016.0,15,139,Condominium,2,,Non Bumi Lot,430000,Penang,7,322.5806451612903
4.0,2.0,850,Playground,Pangsapuri Taman Seri Setanggi,Syarikat Perumahan Negara Berhad,Leasehold,"Off Jalan Tebrau, Taman Seri Setanggi, Johor Bahru, Johor",,5,,Apartment,,Low,Bumi Lot,235000,Johor,1,276.47058823529414
3.0,3.0,1243,"Security, Swimming Pool, Playground, Gymnasium, Parking, Sauna, Lift",V-Residensi 5,B&G Supreme Property Sdn Bhd,Leasehold,"Jalan Kuching, Batu Caves, Selangor",2021.0,24,240,Service Residence,2,,Non Bumi Lot,440000,Selangor,7,353.98230088495575
3.0,3.0,1213,"Parking, Security, Swimming Pool, Lift, Playground, Gymnasium, Barbeque area, Minimart, Multipurpose hall",V-Residensi,Avaland Berhad,Leasehold,"Jalan SH 2, Selayang Heights, Selayang, Selangor",2016.0,21,482,Condominium,2,,Non Bumi Lot,400000,Selangor,9,329.76092333058534
4.0,2.0,1700,"Security, Playground, Swimming Pool, Parking, Lift",Kiara Park,,Freehold,"Jalan Burhanuddin Helmi, Taman Tun Dr Ismail, Kuala Lumpur",1993.0,17,,Condominium,2,High,Non Bumi Lot,1239000,Kuala Lumpur,5,728.8235294117648
3.0,2.0,1008,"Multipurpose hall, Parking, Lift, Security, Playground, Swimming Pool",Kristal Villa,,Freehold,"Jalan Kajang Villa 3, Taman Kajang Villa, Kajang, Selangor",2015.0,12,306,Condominium,1,Medium,Non Bumi Lot,239000,Selangor,6,237.1031746031746
3.0,3.0,1234,"Parking, Security, Lift, Swimming Pool, Playground, Gymnasium, Sauna, Barbeque area, Minimart, Multipurpose hall, Club house, Jogging Track, Tennis Court, Squash Court",The Nest Residences,Nagano Development Sdn Bhd,Freehold,"Jalan Puchong, Old Klang Road, Kuala Lumpur",2019.0,36,618,Condominium,2,High,Non Bumi Lot,850000,Kuala Lumpur,14,688.8168557536467
3.0,2.0,1400,"Playground, Parking, Tennis Court, Squash Court, Minimart, Swimming Pool, Sauna, Security, Jogging Track, Lift",Frinza Court,,Freehold,"Johor Bahru, Johor Bahru, Johor",,,,Condominium,1,Medium,Non Bumi Lot,310000,Johor,10,221.42857142857142
3.0,2.0,969,"Parking, Security, Lift, Swimming Pool, Playground, Gymnasium, Sauna, Barbeque area, Minimart, Multipurpose hall, Club house, Jogging Track, Tennis Court, Squash Court",The Clio 2 Residences,IOI Properties Group Berhad,Freehold,"Lebuh IRC, Putrajaya, Putrajaya",,,,Service Residence,2,Medium,Non Bumi Lot,482000,Putrajaya,14,497.4200206398349
3.0,2.0,728,"Parking, Security, Lift, Playground",Desa Palma (Nilai),,Freehold,"Bandar Baru Nilai, Negeri Sembilan, Nilai, Negeri Sembilan",,,,Condominium,,Medium,Non Bumi Lot,155000,Negeri Sembilan,4,212.9120879120879
2.0,2.0,753,,Taman Plentong Utama,,Freehold,"Jalan Bunga Daisi 8, Masai, Johor",,,,Flat,,High,Non Bumi Lot,158000,Johor,,209.8273572377158
3.0,2.0,973,,Scott Towers @ Larkin JB,Andaman Group,Leasehold,"Off Jalan Datin Halimah, Larkin, Johor Bahru, Johor",2015.0,,352,Condominium,,Medium,Non Bumi Lot,320000,Johor,,328.879753340185
3.0,1.0,888,,Mewah Court Cheras (Cheras Mewah),,Freehold,"Jalan Cheras Mewah 2, Taman Cheras Mewah, Cheras, Kuala Lumpur",,,,Apartment,1,Low,Non Bumi Lot,270000,Kuala Lumpur,,304.05405405405406
3.0,2.0,700,"Parking, Security, Lift, Multipurpose hall, Playground",Sri Ivory (Sri Ivori) Apartment,,Leasehold,"Solok Angsana, Bandar Baru Farlim, Ayer Itam, Penang",,25,,Apartment,1,,Non Bumi Lot,240000,Penang,5,342.85714285714283
3.0,2.0,650,,Pangsapuri Arista,WCT Holding Berhad,Freehold,"Bandar Parklands, Klang, Selangor",,2,,Apartment,,Medium,Non Bumi Lot,145000,Selangor,,223.07692307692307
3.0,2.0,700,"Barbeque area, Jogging Track, Parking, Playground, Swimming Pool, Multipurpose hall, Security, Gymnasium, Lift",Melody Homes,Belleview Group,Freehold,"Lebuhraya Thean Teik, Farlim,, Ayer Itam, Penang",2012.0,30,500,Apartment,1,,Non Bumi Lot,380000,Penang,9,542.8571428571429
2.0,2.0,703,"Parking, Security, Lift, Swimming Pool, Playground, Gymnasium, Sauna, Barbeque area, Minimart, Multipurpose hall, Club house, Jogging Track, Tennis Court, Squash Court",Court 28 @ KL City,HR Group,Freehold,"Jalan Kasipillay, Off Jalan Ipoh, Jalan Ipoh, Kuala Lumpur",2019.0,35,311,Service Residence,,High,Non Bumi Lot,473000,Kuala Lumpur,14,672.8307254623044
3.0,2.0,916,"Minimart, Swimming Pool, Parking, Security, Playground, Gymnasium, Lift",Larkin Heights Apartment,Mahabuilders Berhad,Leasehold,"Jalan Dato Jaafar, Larkin, Johor Bahru, Johor",2016.0,22,328,Apartment,2,Medium,Non Bumi Lot,378000,Johor,7,412.6637554585153
3.0,2.0,961,"Playground, Security, Multipurpose hall, Tennis Court, Swimming Pool, Gymnasium, Jogging Track, Parking, Minimart",Greenfield Regency,Alpha Astral,Freehold,"Jalan Skudai Lama, Taman Tampoi Indah, Johor Bahru, Johor",2014.0,,561,Apartment,,Medium,Non Bumi Lot,385000,Johor,9,400.624349635796
3.0,2.0,850,"Gymnasium, Club house, Security, Playground, Barbeque area, Multipurpose hall, Tennis Court, Squash Court, Jogging Track, Parking, Minimart, Swimming Pool, Sauna",Arc @ Austin Hills,Andaman Group,Freehold,"Jalan Sagu 36, Taman Daya, Johor Bahru, Johor",2019.0,35,1843,Service Residence,,Medium,Non Bumi Lot,398000,Johor,13,468.2352941176471
3.0,2.0,903,"Parking, Security, Lift, Playground, Minimart, Jogging Track",Goodview Heights ( Villa Residence ),SHL Consolidated Berhad,Freehold,"Jalan Goodview 1, Goodview Height, Kajang, Selangor",2016.0,5,469,Apartment,1,Low,Non Bumi Lot,350000,Selangor,6,387.5968992248062
3.0,2.0,700,"Parking, Multipurpose hall, Playground, Security",Sentosa Apartment @ Setia Alam,Bandar Setia Alam Sdn Bhd,Freehold,"Jalan Setia Permai U13/40, Shah Alam, Selangor",,5,,Apartment,,Medium,Non Bumi Lot,190000,Selangor,4,271.42857142857144
3.0,2.0,969,"Minimart, Swimming Pool, Parking, Security, Playground, Gymnasium, Lift, Barbeque area, Multipurpose hall",Zentro Residences,IOI Properties Group,Leasehold,"Jalan Sierra 10/1, Bandar 16 Sierra, Puchong, Selangor",2020.0,23,241,Service Residence,2,Low,Non Bumi Lot,450000,Selangor,9,464.39628482972137
3.0,2.0,700,"Security, Parking, Lift, Playground",Shineville Garden,Zantalite Enterprise (M) Sdn Bhd,Freehold,"Thean Teik Hwy, Ayer Itam, Penang",,24,234,Apartment,1,,Non Bumi Lot,260000,Penang,4,371.42857142857144
3.0,2.0,700,"Security, Parking, Lift, Playground",Shineville Garden,Zantalite Enterprise (M) Sdn Bhd,Freehold,"Thean Teik Hwy, Ayer Itam, Penang",,24,234,Apartment,1,,Non Bumi Lot,300000,Penang,4,428.57142857142856
3.0,2.0,700,"Security, Parking, Lift, Playground",Shineville Garden,Zantalite Enterprise (M) Sdn Bhd,Freehold,"Thean Teik Hwy, Ayer Itam, Penang",,24,234,Apartment,1,,Non Bumi Lot,315000,Penang,4,450.0
3.0,2.0,800,"Parking, Security, Lift, Swimming Pool, Playground, Gymnasium, Jogging Track",Tanjung Court,,Leasehold,"Lebuhraya Thean Teik, Ayer Itam, Penang",1994.0,6,672,Apartment,1,,Non Bumi Lot,288000,Penang,7,360.0
1.0,1.0,648,"Parking, Security, Lift, Swimming Pool, Playground, Barbeque area",Everly Resort Hotel (Riviera Bay),,Leasehold,"Jalan Tanjong Kling,, Tanjong Kling, Melaka",,,,Condominium,10,Medium,Non Bumi Lot,88000,Melaka,6,135.80246913580248
3.0,2.0,829,"Parking, Security, Lift, Swimming Pool, Playground, Gymnasium, Sauna, Barbeque area, Minimart, Multipurpose hall, Club house, Jogging Track, Tennis Court, Squash Court",The Clio 2 Residences,IOI Properties Group Berhad,Freehold,"Lebuh IRC, Putrajaya, Putrajaya",,,,Service Residence,2,Medium,Non Bumi Lot,470000,Putrajaya,14,566.9481302774427
3.0,2.0,933,"Parking, Security, Lift, Swimming Pool, Playground, Gymnasium, Barbeque area, Jogging Track",The Podium,Chen Ling Group,Leasehold,"Jalan Tun Ahmad Zaidi Adruce, Kuching, Sarawak",,,,Service Residence,1,,Non Bumi Lot,600000,Sarawak,8,643.0868167202573
3.0,2.0,897,"Playground, Security, Swimming Pool, Club house, Minimart, Gymnasium, Barbeque area, Parking",Banjaria Court,Perbadanan Kemajuan Negeri Selangor (PKNS),Leasehold,"Jalan Samudera Timur 1, Taman Samudra, Batu Caves, Selangor",2010.0,,704,Condominium,,Medium,Bumi Lot,385000,Selangor,8,429.20847268673356
2.0,2.0,1311,"Parking, Security, Lift, Swimming Pool, Playground, Gymnasium, Sauna, Barbeque area, Minimart, Multipurpose hall, Club house, Jogging Track, Tennis Court, Squash Court",Apartment Desa Tasik Fasa 1A,,Freehold,"Off Jalan Tasik Selatan 20, Sungai Besi, Kuala Lumpur",,13,,Condominium,2,Low,Non Bumi Lot,350000,Kuala Lumpur,14,266.9717772692601
4.0,2.0,1400,"Playground, Gymnasium, Multipurpose hall, Parking, Jogging Track",Kiara East - DEX Suites,Kiara East Property Sdn Bhd,Leasehold,"Jalan 3/18A Taman Mastiara, KL City, Kuala Lumpur",2016.0,,,Condominium,2,Low,Non Bumi Lot,900000,Kuala Lumpur,5,642.8571428571429
3.0,2.0,700,"Parking, Security, Lift, Tennis Court, Swimming Pool",Serina Bay,PLB Land Sdn Bhd,Leasehold,"Hilir Sungai Pinang, Jelutong, Penang",2008.0,22,754,Condominium,1,Medium,Non Bumi Lot,458000,Penang,5,654.2857142857143
3.0,2.0,850,"Security, Tennis Court, Playground, Jogging Track, Parking, Swimming Pool, Gymnasium, Lift, Minimart, Multipurpose hall",Putatan Platinum Apartment,Syarikat Perumahan Negara Berhad,Leasehold,"Jalan Putatan, Penampang, Sabah",,12,1012,Apartment,,,Non Bumi Lot,300000,Sabah,10,352.94117647058823
1.0,1.0,655,"Jogging Track, Tennis Court, Squash Court, Parking, Security, Lift, Swimming Pool, Playground, Gymnasium, Sauna, Barbeque area, Minimart, Multipurpose hall, Club house",591 Damansara,Nexus Development Sdn Bhd,Freehold,"Jalan Perimbun, Shah Alam, Selangor",2014.0,10,84,Condominium,1,Low,Non Bumi Lot,299000,Selangor,14,456.48854961832063
2.0,2.0,550,"Parking, Security, Swimming Pool, Playground, Lift, Minimart",Green Garden,,Freehold,"Jalan Paya Terubong,, Paya Terubong, Penang",,26,,Apartment,,Medium,Non Bumi Lot,133000,Penang,6,241.8181818181818
1.0,1.0,17611,"Parking, Security, Lift, Swimming Pool",Mahkota Valley,MGCC Properties,Freehold,"Jalan IM 9/2, Kuantan, Pahang",,,,Condominium,,High,Non Bumi Lot,270000,Pahang,4,15.331327011526886
3.0,1.0,914,"Parking, Jogging Track, Security, Lift, Squash Court, Swimming Pool, Playground, Minimart",Wisma 2020 Muar,,Freehold,"Jalan Temenggong Ahmad, 84000, Johor, Muar, Johor",,,,Apartment,2,Medium,Non Bumi Lot,298000,Johor,8,326.0393873085339
3.0,2.0,900,"Parking, Security, Lift, Swimming Pool, Playground, Minimart, Multipurpose hall, Sauna, Gymnasium, Tennis Court",Serina Bay,PLB Land Sdn Bhd,Leasehold,"Hilir Sungai Pinang, Jelutong, Penang",2008.0,22,754,Condominium,1,Medium,Non Bumi Lot,476000,Penang,10,528.8888888888889
4.0,3.0,1960,"Swimming Pool, Minimart, Multipurpose hall, Parking, Playground, Security, Lift, Barbeque area, Jogging Track, Tennis Court",Riviera Bay Resort Condominium,,Leasehold,"10km, Jalan Tanjung Kling, Tanjong Kling, Melaka",,,,Condominium,,Medium,Non Bumi Lot,450000,Melaka,10,229.59183673469389
3.0,2.0,750,"Parking, Jogging Track, Security, Lift, Playground, Gymnasium, Barbeque area, Minimart, Multipurpose hall, Club house",Desa Medura,AM-EL Group,Freehold,"Lebuh Relau 4, Taman Desa Relau, Bayan Lepas, Penang",,,,Condominium,1,Medium,Non Bumi Lot,285000,Penang,10,380.0
1.0,1.0,391,"Sauna, Security, Swimming Pool, Gymnasium, Playground, Parking, Jogging Track",University Utama Condominium,The W Property Collection,Leasehold,"Jalan Kayu Madang, Kota Kinabalu, Sabah",,,,Condominium,,Medium,Non Bumi Lot,220000,Sabah,7,562.6598465473146
3.0,2.0,1050,"Parking, Security, Tennis Court, Squash Court, Swimming Pool, Playground, Gymnasium, Sauna, Barbeque area, Minimart, Multipurpose hall",Leader Garden,,Freehold,"No 1, Jalan Chee Seng 13, Tanjung Bungah, Penang",1998.0,,428,Condominium,1,High,Non Bumi Lot,420000,Penang,11,400.0
3.0,2.0,1056,"Parking, Security, Lift, Swimming Pool, Playground, Gymnasium, Sauna, Barbeque area, Minimart, Multipurpose hall, Jogging Track",Apartment Aranda Nova Suite,,Leasehold,"Jalan Aranda Nova The Square, Pahang, Cameron Highlands",,,,Apartment,,Low,Non Bumi Lot,600000,Cameron Highlands,11,568.1818181818181
4.0,2.0,1465,"Tennis Court, Sauna, Parking, Security, Squash Court, Minimart, Swimming Pool, Jogging Track, Lift, Playground, Gymnasium",Bukit OUG Condominium,BERJAYA GROUP,Freehold,"Jalan 3A/155, Bukit OUG, Bukit Jalil, Kuala Lumpur",1996.0,16,,Condominium,1,Low,Non Bumi Lot,440000,Kuala Lumpur,11,300.34129692832767
2.0,2.0,660,"Parking, Security, Lift, Swimming Pool, Playground, Multipurpose hall, Minimart, Barbeque area, Gymnasium, Club house, Jogging Track",Platinum Arena (Jalan Klang Lama),,Leasehold,"Jalan Klang Lama, Batu 5 1/2 Taman Sentosa, Kuala Lumpur, Old Klang Road",,,,Service Residence,1,Medium,Bumi Lot,390000,Old Klang Road,11,590.9090909090909
3.0,2.0,1003,"Minimart, Parking, Security, Lift",Kondominium Kristal,Worldwide Holdings,Leasehold,"Jalan Pualam 7/32, Seksyen 7, Shah Alam, Selangor",2006.0,12,260,Condominium,2,Low,Non Bumi Lot,470000,Selangor,4,468.59421734795615
2.0,1.0,600,,PKNS Seri Kembangan,,Leasehold,"Jalan 7/1, Seri Kembangan, Selangor",,,,Flat,,Medium,Bumi Lot,170000,Selangor,,283.3333333333333
2.0,2.0,1213,"Playground, Gymnasium, Barbeque area, Multipurpose hall, Swimming Pool, Sauna, Security, Jogging Track",Pearl Suria,Aikbee Timbers Sdn. Bhd.,Leasehold,"Jalan Sepadu 3, Taman United,, Old Klang Road, Kuala Lumpur",2016.0,24,403,Condominium,2,Medium,Non Bumi Lot,850000,Kuala Lumpur,8,700.7419620774938
3.0,2.0,945,"Parking, Security, Lift, Swimming Pool, Playground, Gymnasium, Barbeque area, Multipurpose hall",Almyra Residences,IOI Properties Group Berhad,Freehold,"Bandar Puteri Bangi, Bangi, Selangor",2017.0,2,669,Service Residence,2,Medium,Bumi Lot,350000,Selangor,8,370.3703703703704
3.0,2.0,850,"Parking, Security, Lift, Swimming Pool, Playground, Multipurpose hall, Minimart, Gymnasium",Angkasa Apartment,Bina Puri Holdings Bhd,Leasehold,"Jalan Darau, Kampung Darau, Kota Kinabalu, Sabah",,,,Apartment,1,Medium,Bumi Lot,265000,Sabah,8,311.7647058823529
3.0,2.0,1540,"Playground, Gymnasium, Swimming Pool, Tennis Court, Security, Minimart, Squash Court, Jogging Track, Parking, Lift",A'Famosa Villa Beverly Hills,,Leasehold,"Jalan Kemus, Simpang Empat, Alor Gajah, Melaka",,,,Condominium,,Medium,Non Bumi Lot,158000,Melaka,10,102.59740259740259
3.0,2.0,606,"Parking, Security, Playground",Rista Villa Apartment,,Leasehold,"Off Bulatan Putra Perdana, Taman Putra Perdana, Puchong, Selangor",,,,Apartment,1,Low,Non Bumi Lot,115000,Selangor,3,189.76897689768978
3.0,2.0,812,"Parking, Security, Multipurpose hall, Swimming Pool, Gymnasium, Jogging Track, Playground, Lift, Minimart",The Wharf Residence,Bolton Berhad,Leasehold,"Persiaran Taman Tasik Prima 3, Lake Vista, Puchong, Selangor",2014.0,33,1002,Service Residence,2,Medium,Non Bumi Lot,389000,Selangor,9,479.064039408867
2.0,2.0,1480,"Parking, Jogging Track, Security, Tennis Court, Lift, Swimming Pool, Playground, Barbeque area",Everly Resort Hotel (Riviera Bay),,Leasehold,"Jalan Tanjong Kling,, Tanjong Kling, Melaka",,,,Condominium,10,Medium,Non Bumi Lot,78000,Melaka,8,52.7027027027027
3.0,2.0,960,"Barbeque area, Swimming Pool, Playground, Security, Parking",Le Jardine,,Leasehold,"Jalan Pandan Indah 26, Pandan Indah, Pandan Indah, Kuala Lumpur",,9,,Condominium,,High,Non Bumi Lot,370000,Kuala Lumpur,5,385.4166666666667
3.0,2.0,1100,"Parking, Jogging Track, Security, Tennis Court, Lift, Swimming Pool, Playground, Gymnasium, Barbeque area, Minimart",Palm Court (Brickfields),Seal Incorporated Berhad,Freehold,"Jalan Berhala, Brickfields, Brickfields, Kuala Lumpur",,19,,Condominium,2,High,Non Bumi Lot,550000,Kuala Lumpur,10,500.0
3.0,2.0,1084,"Parking, Squash Court, Swimming Pool, Security, Lift, Playground, Gymnasium, Minimart, Tennis Court",Sri Desa,,Freehold,"Jalan Selesa, off Jalan 1/116B, Kuchai Lama, Kuala Lumpur",,10,160,Condominium,1,Medium,Non Bumi Lot,289999,Kuala Lumpur,9,267.5267527675277
3.0,3.0,1398,"Gymnasium, Tennis Court, Barbeque area, Playground, Security, Multipurpose hall, Swimming Pool, Squash Court, Minimart, Parking, Lift, Club house",Mutiara Oriental,CapitaLand Financial Limited,Freehold,"Jalan Bukit Mayang 1/8, Taman Bukit Mayang Emas, Tropicana, Petaling Jaya, Selangor",1998.0,18,,Condominium,1,Medium,Non Bumi Lot,600000,Selangor,12,429.18454935622316
3.0,2.0,1100,"Swimming Pool, Security, Playground, Parking, Lift, Gymnasium",SkyVilla Condominium (MJC),Mudajaya Group,Leasehold,"Bandar Baru Batu Kawa (MJC), Kuching, Sarawak",,,,Condominium,2,Low,Non Bumi Lot,550000,Sarawak,6,500.0
3.0,2.0,963,"Parking, Security",Dimensi,,Freehold,"Jalan Dimensi 3, Sungei Petai, Melaka",,,,Apartment,1,Medium,Bumi Lot,165000,Melaka,2,171.33956386292834
3.0,2.0,1216,"Parking, Security, Lift, Swimming Pool, Playground, Gymnasium, Sauna, Barbeque area, Minimart, Multipurpose hall, Club house, Jogging Track, Tennis Court, Squash Court",The Clio 2 Residences,IOI Properties Group Berhad,Freehold,"Lebuh IRC, Putrajaya, Putrajaya",,,,Service Residence,2,Medium,Non Bumi Lot,500000,Putrajaya,14,411.1842105263158
3.0,2.0,1023,"Parking, Security, Minimart, Swimming Pool, Playground, Lift, Jogging Track, Barbeque area",Pangsapuri Kayangan,Suncity Bhd,Leasehold,"No. 33, Jalan PJS 10/24,, Bandar Sunway, Selangor",2004.0,5,200,Apartment,,Low,Non Bumi Lot,380000,Selangor,8,371.45650048875854
3.0,2.0,850,"Parking, Security, Lift",Taman Bagan Lalang,BSG PROPERTY,Freehold,"Taman Bagan Lalang, Butterworth, Penang",,,,Apartment,1,Low,Non Bumi Lot,230000,Penang,3,270.5882352941176
3.0,2.0,1000,"Parking, Lift, Security, Swimming Pool, Minimart, Multipurpose hall, Jogging Track",Pangsapuri Persiaran Tanjung,,Leasehold,"Jalan Persiaran Tanjung, Johor Bahru, Johor",,16,576,Flat,2,Medium,Bumi Lot,235000,Johor,7,235.0
3.0,2.0,856,"Swimming Pool, Squash Court, Minimart, Parking, Security, Playground, Jogging Track, Lift",Pangsapuri Damai (Subang Bestari),,Leasehold,"Jln Tasik Raja Lumu, U4/17, Taman Subang Delima, Seksyen U4, Subang Bestari, Selangor",2015.0,13,682,Apartment,1,Medium,Non Bumi Lot,255000,Selangor,8,297.89719626168227
3.0,2.0,650,"Security, Minimart, Playground, Parking, Lift",Putra Ria Apartment,,Leasehold,"Kampung Abdullah Hukum, Off Jalan Maarof, Bangsar, Kuala Lumpur",,,,Apartment,1,Medium,Non Bumi Lot,240000,Kuala Lumpur,5,369.2307692307692
3.0,2.0,650,"Parking, Playground, Minimart",Apartment Harmoni,,Leasehold,"Jalan Pju 10/4C, Damansara Damai, Selangor",,,,Apartment,1,Medium,Non Bumi Lot,99999,Selangor,3,153.8446153846154
3.0,2.0,907,"Parking, Playground, Swimming Pool, Minimart, Security, Lift, Gymnasium",Brunsfield Riverview,Brunsfield International Group,Leasehold,"Jalan Yoga 13/42, Seksyen 13, Shah Alam, Selangor",,12,,Condominium,1,Medium,Non Bumi Lot,255000,Selangor,7,281.14663726571115
3.0,2.0,1670,"Jogging Track, Barbeque area, Sauna, Parking, Security, Gymnasium, Multipurpose hall, Club house, Playground, Swimming Pool, Tennis Court",Hijauan Saujana,Esquire Corner Sdn Bhd,Freehold,"Subang (Saujana Resort), Seksyen U2, Shah Alam, Selangor",2015.0,14,539,Condominium,3,Low,Non Bumi Lot,850000,Selangor,11,508.9820359281437
3.0,2.0,800,"Security, Minimart, Parking, Playground, Gymnasium",TRI PINNACLE,Aspen Group,Freehold,"Jalan Persiaran Halia 3, Tanjong Tokong, Penang",2018.0,45,1168,Condominium,,High,Non Bumi Lot,530000,Penang,5,662.5
3.0,2.0,950,"Parking, Security, Playground, Swimming Pool",OUG Parklane,Akisama Group of companies,Freehold,"Jalan 1/152, Off Jalan Puchong, Taman OUG, OUG, Kuala Lumpur",2015.0,31,4225,Service Residence,,,Non Bumi Lot,410000,Kuala Lumpur,4,431.57894736842104
3.0,2.0,960,"Swimming Pool, Security, Playground, Parking",OUG Parklane,Akisama Group of companies,Freehold,"Jalan 1/152, Off Jalan Puchong, Taman OUG, OUG, Kuala Lumpur",2015.0,31,4225,Service Residence,,,Non Bumi Lot,420000,Kuala Lumpur,4,437.5
2.0,2.0,1019,"Sauna, Security, Gymnasium, Playground, Swimming Pool, Barbeque area, Tennis Court, Jogging Track",One Medini,One Medini Sdn Bhd,Leasehold,"Off Lebuh Kota Iskandar, Iskandar Puteri, Johor",2015.0,,644,Condominium,1,Medium,Non Bumi Lot,400000,Johor,8,392.54170755642787
3.0,2.0,861,"Security, Tennis Court, Squash Court, Sauna, Gymnasium, Barbeque area, Parking, Swimming Pool, Playground",Kenanga Point,Mahajaya Berhad,Freehold,"No. 11, Jalan Gelugor, Pudu, Pudu, Kuala Lumpur",,26,,Condominium,,Medium,Non Bumi Lot,490000,Kuala Lumpur,9,569.1056910569106
3.0,2.0,850,,Kepong New Project,,Leasehold,"jalan lingkaran tengah 2, Kuala Lumpur, Kepong",,,,Condominium,,,Non Bumi Lot,450000,Kepong,,529.4117647058823
4.0,2.0,956,"Parking, Security, Lift, Swimming Pool, Playground, Gymnasium, Sauna, Barbeque area, Minimart, Multipurpose hall",Savanna Executive Suites,Mah Sing Group Berhad,Freehold,"Lebuhraya KL-Serermban, Sungai Besi, Bangi, Selangor",,,,Service Residence,2,Medium,Bumi Lot,350000,Selangor,10,366.10878661087867
1.0,1.0,579,,Sri Legenda Apartment,,Freehold,"Jalan Penarak, Langkawi, Kedah",,,,Condominium,,Low,Non Bumi Lot,100000,Kedah,,172.71157167530225
3.0,2.0,950,"Parking, Playground, Minimart",Langkawi,,Freehold,"Jalan Pantai Emas 5, Taman Pantai Emas, Melaka Tengah, Melaka",,,,Flat,1,High,Non Bumi Lot,110000,Melaka,3,115.78947368421052
3.0,2.0,1141,"Parking, Security",Bukit Merah Laketown,,Leasehold,"Jalan Bukit Merah, Semanggol, Perak",,,,Apartment,2,Low,Non Bumi Lot,90000,Perak,2,78.87817703768624
3.0,2.0,818,"Parking, Security, Lift, Swimming Pool, Playground, Gymnasium, Barbeque area, Multipurpose hall","Camellia Residence, Seri Austin",Dynasty View Sdn Bhd (UM Land),Freehold,"Jalan Seri Austin 1/17, Taman Seri Austin, Johor Bahru, Johor",,20,300,Apartment,2,Low,Bumi Lot,368000,Johor,8,449.87775061124694
3.0,2.0,1300,"Swimming Pool, Gymnasium, Playground, Multipurpose hall, Security, Jogging Track, Barbeque area, Lift, Parking",Ivory Residence,TLS Group,Freehold,"Jalan Mutiara 2, Mutiara Heights, Kajang, Selangor",2015.0,21,455,Condominium,2,High,Non Bumi Lot,350000,Selangor,9,269.2307692307692
3.0,2.0,1520,"Parking, Security, Lift, Swimming Pool, Playground, Gymnasium, Tennis Court, Squash Court, Jogging Track, Multipurpose hall, Barbeque area, Sauna, Club house",Serene Heights (Miri),,Leasehold,"Jalan Riam, Miri, Sarawak",,,,Condominium,,High,Non Bumi Lot,728888,Sarawak,13,479.5315789473684
3.0,2.0,904,"Parking, Security, Lift, Swimming Pool, Playground, Gymnasium, Sauna, Barbeque area, Minimart, Multipurpose hall, Club house, Jogging Track, Tennis Court, Squash Court",The Clio 2 Residences,IOI Properties Group Berhad,Freehold,"Lebuh IRC, Putrajaya, Putrajaya",,,,Service Residence,2,Medium,Non Bumi Lot,470000,Putrajaya,14,519.9115044247787
4.0,2.0,893,"Security, Parking, Barbeque area, Club house, Playground, Swimming Pool, Minimart",Villa Krystal,Orando Holdings Sdn Bhd,Freehold,"Jalan Silat Lincah, Bandar Selesa Jaya, Johor Bahru, Johor",2017.0,20,,Apartment,,,Bumi Lot,215000,Johor,7,240.76147816349385
2.0,2.0,520,"Lift, Multipurpose hall",Medan Angsana (Farlim 2),,Leasehold,"Medan Angsana, Ayer Itam, Penang",,,,Flat,,Low,Non Bumi Lot,150000,Penang,2,288.46153846153845
3.0,2.0,710,"Parking, Security",Desa Palma (Nilai),,Freehold,"Bandar Baru Nilai, Negeri Sembilan, Nilai, Negeri Sembilan",,,,Condominium,,Medium,Non Bumi Lot,170000,Negeri Sembilan,2,239.43661971830986
3.0,2.0,1000,"Parking, Security, Minimart, Playground, Jogging Track, Barbeque area",Sri Lavender Apartment,TLS Group,Freehold,"Jalan Sepakat Indah 2/1, Taman Sepakat Indah 2, Kajang, Selangor",2007.0,13,445,Apartment,1,Low,Non Bumi Lot,230000,Selangor,6,230.0
3.0,2.0,1036,"Jogging Track, Parking, Lift, Playground, Swimming Pool, Minimart",DK Senza,DK-MY Properties Sdn Bhd,Leasehold,"Jalan Taylor's, Bandar Sunway, Selangor",2013.0,24,406,Service Residence,1,Medium,Non Bumi Lot,618000,Selangor,6,596.5250965250965
3.0,2.0,1230,"Tennis Court, Barbeque area, Security, Playground, Swimming Pool, Parking, Minimart, Lift",Emerald Hill,,Leasehold,"Jalan Bukit Indah Utama, Bukit Indah, Ampang, Selangor",,15,,Condominium,1,High,Bumi Lot,365000,Selangor,8,296.7479674796748
3.0,2.0,800,"Security, Parking, Lift, Swimming Pool, Playground, Barbeque area, Jogging Track",Tanjung Court,,Leasehold,"Lebuhraya Thean Teik, Ayer Itam, Penang",1994.0,6,672,Apartment,1,,Non Bumi Lot,290000,Penang,7,362.5
3.0,2.0,800,"Security, Parking, Lift, Swimming Pool, Playground, Barbeque area, Jogging Track",Tanjung Court,,Leasehold,"Lebuhraya Thean Teik, Ayer Itam, Penang",1994.0,6,672,Apartment,1,,Non Bumi Lot,330000,Penang,7,412.5
3.0,2.0,800,"Parking, Security, Lift, Swimming Pool, Playground",Tanjung Court,,Leasehold,"Lebuhraya Thean Teik, Ayer Itam, Penang",1994.0,6,672,Apartment,2,,Non Bumi Lot,300000,Penang,5,375.0
3.0,2.0,800,"Parking, Security, Lift, Swimming Pool, Barbeque area",Tanjung Court,,Leasehold,"Lebuhraya Thean Teik, Ayer Itam, Penang",1994.0,6,672,Apartment,2,,Non Bumi Lot,295000,Penang,5,368.75
3.0,2.0,960,"Swimming Pool, Security, Playground, Parking",OUG Parklane,Akisama Group of companies,Freehold,"Jalan 1/152, Off Jalan Puchong, Taman OUG, OUG, Kuala Lumpur",2015.0,31,4225,Service Residence,,,Non Bumi Lot,438000,Kuala Lumpur,4,456.25
3.0,2.0,1021,"Parking, Playground, Tennis Court, Swimming Pool, Multipurpose hall, Security, Gymnasium, Barbeque area, Lift, Jogging Track, Minimart",One Damansara,MK Land Holdings,Leasehold,"Jalan PJU 10/1, Damansara Damai, Petaling Jaya, Selangor",2013.0,20,899,Condominium,5,Low,Non Bumi Lot,420000,Selangor,11,411.36141038197843
3.0,2.0,906,"Parking, Security, Gymnasium, Tennis Court, Barbeque area, Playground, Swimming Pool, Jogging Track, Lift",Bayu Puteri 3,Must Ehsan Development Sdn Bhd,Leasehold,"Jalan Bayu Puteri 1/2, Taman Bayu Puteri, Johor Bahru, Johor",2006.0,21,565,Apartment,1,High,Non Bumi Lot,268000,Johor,9,295.8057395143488
3.0,2.0,1131,"Playground, Barbeque area, Minimart, Gymnasium, Jogging Track, Parking, Security, Swimming Pool",Bayu Puteri 1,Iskandar Waterfront City Berhad,Leasehold,"Jalan Bayu Puteri 1, Taman Bayu Puteri, Johor Bahru, Johor",,,266,Apartment,1,High,Non Bumi Lot,300000,Johor,8,265.2519893899204
3.0,2.0,650,,Pangsapuri Palma (Bandar Botanic),,Freehold,"Jalan Palma Raja 3/KS6, Bandar Botanic, Klang, Selangor",2015.0,3,,Apartment,,,Non Bumi Lot,124999,Selangor,,192.30615384615385
3.0,2.0,947,"Parking, Security, Lift, Swimming Pool, Playground, Gymnasium, Sauna, Barbeque area, Minimart, Multipurpose hall, Club house, Jogging Track, Tennis Court, Squash Court",The Clio 2 Residences,IOI Properties Group Berhad,Freehold,"Lebuh IRC, Putrajaya, Putrajaya",,,,Service Residence,2,Medium,Non Bumi Lot,475000,Putrajaya,14,501.583949313622
3.0,2.0,969,"Security, Barbeque area, Parking, Lift, Swimming Pool, Playground, Minimart, Sauna, Gymnasium, Multipurpose hall, Jogging Track",The Netizen @ Bandar Tun Hussein Onn,KEB Group,Freehold,"Jalan Lengkok 1-B, Taman Cheras Perdana, Batu 10, Cheras, Selangor",2019.0,,1196,Apartment,2,Medium,Non Bumi Lot,445000,Selangor,11,459.23632610939114
3.0,2.0,850,,Taman Bukit Mutiara Apartment,,Freehold,"Off Jalan Bukit Mewah 41, Taman Bukit Mutiara, Kajang, Selangor",,,,Apartment,1,,Non Bumi Lot,199000,Selangor,,234.11764705882354
3.0,2.0,907,"Club house, Security, Swimming Pool, Barbeque area, Parking, Playground, Gymnasium, Multipurpose hall",Sierra Residency,Pembinaan Sierra Mal Sdn Bhd,Freehold,"Jalan Kinrara 5B, Bandar Kinrara 5, Puchong, Selangor",2009.0,,256,Condominium,1,,Non Bumi Lot,350000,Selangor,8,385.8875413450937
3.0,2.0,700,"Security, Lift, Parking, Playground, Jogging Track, Multipurpose hall",Sri Ivory (Sri Ivori) Apartment,,Leasehold,"Solok Angsana, Bandar Baru Farlim, Ayer Itam, Penang",,25,,Apartment,1,,Non Bumi Lot,280000,Penang,6,400.0
3.0,2.0,800,"Parking, Security, Playground, Lift, Jogging Track",Sri Impian Apartment,,Leasehold,"Lengkok Angsana,, Ayer Itam, Penang",2005.0,22,,Apartment,1,,Non Bumi Lot,270000,Penang,5,337.5
3.0,2.0,800,"Parking, Security, Playground, Lift",Sri Impian (Penang),,Leasehold,"Lengkok Angsana, Bandar Baru Farlim, Ayer Itam, Penang",2005.0,22,,Apartment,1,,Non Bumi Lot,250000,Penang,4,312.5
3.0,2.0,800,"Playground, Security, Parking, Lift",Sri Impian (Penang),,Leasehold,"Lengkok Angsana, Bandar Baru Farlim, Ayer Itam, Penang",2005.0,22,,Apartment,,,Non Bumi Lot,300000,Penang,4,375.0
3.0,2.0,1100,"Playground, Gymnasium, Multipurpose hall, Security, Club house, Swimming Pool, Barbeque area, Jogging Track",Pinnacle (Petaling Jaya),Pinnacle Homes Sdn Bhd,Leasehold,"Jalan Utara, Petaling Jaya, Selangor",2016.0,38,787,Condominium,2,,Non Bumi Lot,290000,Selangor,8,263.6363636363636
4.0,2.0,1200,"Parking, Security, Lift, Swimming Pool, Playground, Squash Court, Barbeque area, Tennis Court, Jogging Track, Sauna, Gymnasium, Club house",Cheras,,Freehold,"cheras, Selangor, Cheras",,,,Condominium,2,,Non Bumi Lot,290000,Cheras,12,241.66666666666666
2.0,2.0,750,,Desa Medura,AM-EL Group,Freehold,"Lebuh Relau 4, Taman Desa Relau, Bayan Lepas, Penang",,,,Condominium,1,,Non Bumi Lot,295000,Penang,,393.3333333333333
3.0,2.0,1200,,Bandar Bukit Tinggi 1 Apartment,WCT Land Sdn Bhd,Freehold,"Jalan Batu Nilam 15, Bandar Bukit Tinggi 1, Klang, Klang, Selangor",,5,,Apartment,,Low,Non Bumi Lot,310000,Selangor,,258.3333333333333
3.0,2.0,650,"Playground, Minimart, Multipurpose hall",Pangsapuri Seri Pulai,,Freehold,"Jalan PH 4/1 Off Jalan Bakawali, Puchong, Selangor",,5,,Apartment,1,Medium,Non Bumi Lot,168000,Selangor,3,258.46153846153845
3.0,2.0,1068,"Sauna, Security, Barbeque area, Playground, Swimming Pool, Multipurpose hall, Gymnasium, Jogging Track, Parking",The Raffles Suites,BMAH Properties,Freehold,"Jalan Uda Utama 2, Bandar Uda Utama, Johor Bahru, Johor",2016.0,30,311,Condominium,2,High,Non Bumi Lot,450000,Johor,9,421.34831460674155
3.0,2.0,700,"Minimart, Parking, Swimming Pool, Security, Playground, Lift, Multipurpose hall, Club house",Taman Lone Pine (Medium Low Cost),,Freehold,"Block 21-23, Lebuhraya Thean Teik, Paya Terubong, Penang",1995.0,17,224,Apartment,1,,Non Bumi Lot,350000,Penang,8,500.0
2.0,2.0,775,"Playground, Swimming Pool, Security, Parking, Gymnasium, Sauna",Avenue Garden,Tambun Indah Land Berhad,Freehold,"Persiaran Mutiara 8, Bandar Tasek Mutiara, Simpang Ampat, Penang",,17,312,Service Residence,2,,Non Bumi Lot,350000,Penang,6,451.61290322580646
3.0,2.0,700,"Security, Minimart, Jogging Track, Parking",Taman Seri Perak,,Freehold,"Jalan Slim, Georgetown, Penang",1997.0,20,205,Condominium,,,Non Bumi Lot,299000,Penang,4,427.14285714285717
3.0,2.0,1000,Parking,Taman Penampang Apartment,,Leasehold,"Jalan Dimpoukon, Penampang, Sabah",,,,Apartment,1,Medium,Non Bumi Lot,300000,Sabah,1,300.0
3.0,2.0,1033,"Parking, Lift",Pangsapuri Jayamuda,,Freehold,"Jalan Pelanduk Putih, Melaka City, Melaka City, Melaka",,,,Apartment,,Medium,Non Bumi Lot,165000,Melaka,2,159.72894482090996
3.0,2.0,860,"Parking, Minimart, Lift, Multipurpose hall, Security, Playground",Taman Terubong Jaya,,Leasehold,"Paya Terubong, Georgetown, Penang",,,,Apartment,1,,Non Bumi Lot,228000,Penang,6,265.1162790697674
3.0,2.0,1300,"Playground, Parking, Swimming Pool, Security, Lift",The Chancellor Condominium,,Freehold,"Jalan Kosas 2, Ampang, Kuala Lumpur",2017.0,15,368,Condominium,1,Medium,Bumi Lot,370000,Kuala Lumpur,5,284.61538461538464
3.0,2.0,650,,,,Leasehold,,,,,Apartment,,High,Non Bumi Lot,105000,,,161.53846153846155
3.0,2.0,700,"Playground, Parking, Lift, Security",Anggerik Apartment (Seri Kembangan),,Leasehold,"Jalan Besar Serdang Lama, Seri Kembangan, Selangor",,5,,Apartment,1,High,Non Bumi Lot,128000,Selangor,4,182.85714285714286
4.0,2.0,657,"Security, Lift, Parking, Playground",Sri Wangsa,,Freehold,"SRI WANGSA 1 TAMAN ARA 11600 JELUTONG, Jelutong, Penang",,,,Apartment,,Medium,Non Bumi Lot,290000,Penang,4,441.400304414003
3.0,2.0,700,"Parking, Security, Minimart, Playground, Swimming Pool, Gymnasium, Lift, Barbeque area, Multipurpose hall",Symphony Park (Jelutong),Belleview Group,Freehold,"Jalan Lenggong, Jelutong, Penang",2003.0,20,480,Condominium,1,High,Non Bumi Lot,438000,Penang,9,625.7142857142857
2.0,2.0,894,"Sauna, Minimart, Gymnasium, Tennis Court, Swimming Pool, Playground",Royal Regent (Sri Putramas 3),Malaysia Land Properties Sdn Bhd (Mayland),Freehold,"Jalan Dutamas 2, Jalan Kuching, Kuala Lumpur",2013.0,,654,Condominium,1,Medium,Non Bumi Lot,440000,Kuala Lumpur,6,492.17002237136467
1.0,1.0,484,"Multipurpose hall, Security, Sauna, Minimart, Gymnasium, Tennis Court, Jogging Track, Playground, Swimming Pool",Palazio,Malaysia Land Properties Sdn. Bhd.,Freehold,"Jalan Mutiara Emas 9/23, Taman Mount Austin, Johor Bahru, Johor",2013.0,,1160,Service Residence,1,Medium,Non Bumi Lot,250000,Johor,9,516.5289256198347
3.0,2.0,1232,"Multipurpose hall, Parking, Security, Minimart, Barbeque area, Swimming Pool, Squash Court, Playground, Gymnasium, Lift",Prima Setapak,,Leasehold,"Jalan Prima Setapak, Taman Setapak, Setapak, Kuala Lumpur",,22,768,Condominium,1,Medium,Non Bumi Lot,460000,Kuala Lumpur,10,373.3766233766234
3.0,2.0,1400,"Security, Jogging Track, Squash Court, Sauna",Lagenda Tasek Luxurious Suites,,Leasehold,"Jalan Tun Abdul Razak, Johor Bahru, Johor",,19,,Service Residence,,Medium,Non Bumi Lot,450000,Johor,4,321.42857142857144
3.0,2.0,1150,"Swimming Pool, Gymnasium, Barbeque area, Security, Playground, Parking, Minimart, Lift",Wangsa Metroview,Peluang Mutiara,Freehold,"No. 1A, Jalan Metro Wangsa, Wangsa Maju, Kuala Lumpur",2005.0,,,Condominium,1,High,Non Bumi Lot,365000,Kuala Lumpur,8,317.39130434782606
3.0,2.0,800,"Parking, Swimming Pool, Playground, Lift, Security, Minimart, Multipurpose hall, Jogging Track",Mentari Apartment,Mentari Properties Sdn Bhd,Leasehold,"Jalan Matahari U5/117, Bandar Pinggiran Subang, Shah Alam, Selangor",,,,Apartment,1,Low,Non Bumi Lot,265000,Selangor,8,331.25
3.0,1.0,654,"Parking, Lift, Security, Multipurpose hall",Taman Erskine,,Freehold,"Jalan Mount Erskine, Georgetown, Penang",,7,36,Apartment,1,High,Non Bumi Lot,280000,Penang,4,428.1345565749235
3.0,2.0,795,Parking,Taman Sri Penawar,,Freehold,"No. 62, Jalan Free School, Jelutong, Penang",,7,150,Flat,1,,Non Bumi Lot,360000,Penang,1,452.8301886792453
3.0,2.0,1410,,Persanda 3 Apartment,HR United,Leasehold,"No. 1 Jalan Boling Padang 13/64, Seksyen 13, Shah Alam, Selangor",,,,Apartment,2,Low,Non Bumi Lot,275000,Selangor,,195.03546099290782
3.0,2.0,1206,"Playground, Parking, Security, Minimart, Swimming Pool",Pelangi Indah,Syarikat Perumahan Negara Berhad,Freehold,"Jalan Degong, Off Batu 4 1/4 Jalan Ipoh,, Jalan Ipoh, Kuala Lumpur",2003.0,20,290,Condominium,1,Medium,Non Bumi Lot,268000,Kuala Lumpur,5,222.22222222222223
3.0,2.0,900,,Bayu Tiara,,Freehold,"Jalan Kampung Bukit, Bayan Lepas, Penang",,,,Apartment,1,,Non Bumi Lot,421000,Penang,,467.77777777777777
3.0,2.0,606,"Playground, Minimart, Security, Gymnasium",Cendana Apartment,Tan & Tan Developments Berhad,Leasehold,"Jalan Tasik Permaisuri 3, Bandar Tasik Permaisuri, Cheras, Kuala Lumpur",2008.0,17,144,Apartment,,,Non Bumi Lot,238000,Kuala Lumpur,4,392.73927392739273
3.0,1.0,608,,Pandan Indah Flat (Rumah Pangsa 610),,Leasehold,"Jalan Pandan Indah 5/20, Ampang, Selangor",,5,,Apartment,,,Non Bumi Lot,155000,Selangor,,254.93421052631578
3.0,2.0,760,,Taman Segar,,Leasehold,"Persiaran Segar, Taman Segar, Cheras, Kuala Lumpur",,,,Apartment,,,Non Bumi Lot,195000,Kuala Lumpur,,256.57894736842104
3.0,2.0,1100,"Security, Swimming Pool, Parking",Klebang 8,,Freehold,"Jalan Klebang Besar, Klebang, Melaka City, Melaka",,,,Condominium,1,Medium,Non Bumi Lot,350000,Melaka,3,318.1818181818182
4.0,3.0,1216,"Barbeque area, Squash Court, Swimming Pool, Sauna, Multipurpose hall, Security, Gymnasium, Jogging Track, Minimart, Parking, Playground, Tennis Court",Mewah View Luxurious Apartments,,Freehold,"Jalan Mewah Ria 2/10, Taman Bukit Mewah, Johor Bahru, Johor",,,,Apartment,2,Medium,Non Bumi Lot,300000,Johor,12,246.71052631578948
3.0,2.0,1092,"Gymnasium, Tennis Court, Security, Minimart, Swimming Pool, Multipurpose hall, Playground, Jogging Track, Parking, Lift",Panorama Residences (Sentul),ECS Mutiara Sdn Bhd,Freehold,"Jalan Bullion Mewah 9,Taman Bullion Mewah, Sentul, Kuala Lumpur",2014.0,17,435,Condominium,2,Low,Non Bumi Lot,480000,Kuala Lumpur,10,439.56043956043953
4.0,3.0,3200,"Playground, Swimming Pool, Minimart, Parking, Security, Lift",Ampang Prima,Demi-Prima Sdn Bhd,Leasehold,"Jalam Wawasan 3/4, Kampung Baru Ampang, Ampang, Selangor",2006.0,17,702,Condominium,3,High,Non Bumi Lot,750000,Selangor,6,234.375
3.0,2.0,914,"Playground, Tennis Court, Security, Swimming Pool, Gymnasium, Parking, Minimart, Lift, Multipurpose hall",Puri Aiyu,Crosshill Sdn Bhd,Freehold,"No. 50, Jalan Jubli Perak 22/1, Section 22, Shah Alam, Selangor",2006.0,15,464,Apartment,1,Low,Non Bumi Lot,315000,Selangor,9,344.6389496717724
3.0,2.0,1055,"Swimming Pool, Gymnasium, Parking, Sauna, Security, Playground, Tennis Court, Jogging Track, Lift",Magna Ville Condominium,Magna Park Sdn Bhd,Leasehold,"Off Lebuhraya Selayang - Kepong, Taman Selayang Jaya, Selayang, Selangor",2010.0,22,1074,Condominium,1,High,Non Bumi Lot,270000,Selangor,9,255.92417061611374
3.0,2.0,850,"Barbeque area, Lift, Parking, Playground, Multipurpose hall",Pangsapuri Seroja (Shah Alam),,Freehold,"Jalan Arca U8/80, Taman Bukit Jelutong, Section U8, Shah Alam, Selangor",,,,Apartment,1,High,Non Bumi Lot,295000,Selangor,5,347.05882352941177
3.0,2.0,900,,Bayu Tiara,,Freehold,"Jalan Kampung Bukit, Bayan Lepas, Penang",,,,Apartment,1,High,Bumi Lot,365000,Penang,,405.55555555555554
3.0,2.0,1021,"Parking, Security, Lift, Swimming Pool, Playground, Gymnasium, Sauna, Barbeque area, Minimart, Multipurpose hall, Club house, Jogging Track, Tennis Court, Squash Court",Vista Langkawi @ PV18,Platinum Victory Group Sdn. Bhd.,Leasehold,"Jalan Langkawi, Danau Kota, Setapak, Kuala Lumpur",,,,Service Residence,1,High,Non Bumi Lot,499000,Kuala Lumpur,14,488.73653281096966
3.0,2.0,1198,,Sphere Damansara,SENTRAL CITY (M) SDN BHD,Leasehold,"Jalan PJU 10/9, Damansara Damai, Selangor",2016.0,,537,Condominium,,Medium,Bumi Lot,505000,Selangor,,421.53589315525875
5.0,3.0,2253,"Swimming Pool, Security, Parking, Lift, Playground, Gymnasium, Barbeque area, Multipurpose hall",D'Suria Condominium,SSF Group,Leasehold,"Jalan D'Suria, Taman Duta Suria, Ampang, Kuala Lumpur",2015.0,18,252,Condominium,4,Medium,Non Bumi Lot,990000,Kuala Lumpur,8,439.41411451398136
4.0,2.0,1162,"Parking, Gymnasium, Jogging Track, Multipurpose hall, Security, Swimming Pool, Playground, Barbeque area, Minimart",Fortune Perdana Lakeside,Asian Pac Holdings Berhad,Leasehold,"Jalan Metro Perdana 1, Kepong, Kuala Lumpur",2016.0,25,576,Service Residence,2,Medium,Non Bumi Lot,529000,Kuala Lumpur,9,455.249569707401
3.0,2.0,800,Minimart,Amber (Kepong),Perbadanan Kemajuan Negeri Selangor (PKNS),Leasehold,"Jalan Perdana 2, Taman Indah perdana, Kepong, Kuala Lumpur",,,,Apartment,,Medium,Non Bumi Lot,168000,Kuala Lumpur,1,210.0
3.0,2.0,936,"Gymnasium, Security, Barbeque area, Minimart, Playground, Swimming Pool, Tennis Court, Parking, Lift",Langat Jaya,,Freehold,"Kampung Melaka, Jalan Datuk Alias,, Cheras, Selangor",,23,,Condominium,1,,Bumi Lot,270000,Selangor,9,288.46153846153845
2.0,1.0,494,,Flat Taman Ungku Tun Aminah,Tasek Maju Realty Sdn Bhd,Freehold,"Taman Ungku Tun Aminah, Skudai, Johor",,,,Apartment,,Low,Non Bumi Lot,170000,Johor,,344.12955465587044
3.0,2.0,750,"Swimming Pool, Security, Playground, Parking, Gymnasium, Tennis Court, Club house, Jogging Track, Lift, Multipurpose hall",N-Park Condominium,,Freehold,"Jalan Batu Uban, Gelugor, Penang",1997.0,32,988,Condominium,1,High,Non Bumi Lot,350000,Penang,10,466.6666666666667
3.0,2.0,900,"Gymnasium, Playground, Parking, Security, Swimming Pool, Barbeque area, Minimart, Lift, Multipurpose hall",Armani Residence Bukit Lanjan,Golden Armani Sdn Bhd,Freehold,"Jalan Bukit Lanjan, Bukit Lanjan, Taman Tun Dr Ismail, Kuala Lumpur",2024.0,33,149,Condominium,2,,Malay Reserved,498000,Kuala Lumpur,9,553.3333333333334
3.0,2.0,789,,Pangsapuri Seri Inai,,Freehold,"Jalan Anggerik 3, SEKSYEN BS7, BUKIT SENTOSA,, Selangor, Bukit Beruntung",,,,Apartment,,Low,Non Bumi Lot,160000,Bukit Beruntung,,202.78833967046896
3.0,2.0,753,"Parking, Playground",Apartment Indah,,Leasehold,"Jalan PJU 10/1C, Damansara Damai, Selangor",,5,112,Apartment,,Medium,Non Bumi Lot,180000,Selangor,2,239.0438247011952
3.0,2.0,828,"Minimart, Playground, Parking, Security, Lift, Jogging Track",Arena Green,Berjaya Land,Freehold,"Jalan 1/115a, Bukit Jalil, Bukit Jalil, Kuala Lumpur",2000.0,11,1240,Condominium,1,Medium,Non Bumi Lot,312800,Kuala Lumpur,6,377.77777777777777
3.0,1.0,680,Lift,Dafe Court,,Freehold,"Solok Kampung Relau 1, Bukit Jambul, Penang",,,,Apartment,,High,Non Bumi Lot,230000,Penang,1,338.2352941176471
1.0,1.0,549,"Parking, Security, Lift, Swimming Pool, Playground, Gymnasium, Sauna, Barbeque area, Multipurpose hall, Club house, Jogging Track, Minimart",Epic Residences,IJM LAND BERHAD,Leasehold,"Jalan Suria Muafakat 1, Taman Tasek, Johor Bahru, Johor",2016.0,25,528,Apartment,1,High,Non Bumi Lot,355000,Johor,12,646.6302367941712
3.0,2.0,1288,"Barbeque area, Playground, Security, Multipurpose hall, Gymnasium, Swimming Pool, Jogging Track",Ivory Residence,TLS Group,Freehold,"Jalan Mutiara 2, Mutiara Heights, Kajang, Selangor",2015.0,21,455,Condominium,,Medium,Non Bumi Lot,388000,Selangor,7,301.2422360248447
2.0,1.0,520,,Desa Intan,,Leasehold,"Lebuhraya Thean Teik, Ayer Itam, Penang",,13,1020,Apartment,,High,Non Bumi Lot,125000,Penang,,240.3846153846154
3.0,2.0,755,,Pangsapuri Sri Kemuning,,Freehold,"No 3, Jalan Anggerik Aranda 31/42, Section 31, Shah Alam, Selangor",,5,,Apartment,1,,Non Bumi Lot,220000,Selangor,,291.3907284768212
4.0,3.0,1100,"Parking, Security, Lift, Swimming Pool, Playground, Gymnasium, Sauna, Barbeque area, Minimart, Multipurpose hall, Club house, Jogging Track, Tennis Court, Squash Court",Freehold Condo,,Freehold,"PUTRAJAYA CYBERJAYA KOTA WARISAN SEPANG SELANGOR, Putrajaya, Putrajaya",,,,Condominium,2,Medium,Non Bumi Lot,298000,Putrajaya,14,270.90909090909093
3.0,2.0,973,"Parking, Security, Lift, Swimming Pool, Playground, Gymnasium, Barbeque area",Scott Towers @ Larkin JB,Andaman Group,Leasehold,"Off Jalan Datin Halimah, Larkin, Johor Bahru, Johor",2015.0,,352,Condominium,1,Low,Non Bumi Lot,300000,Johor,7,308.32476875642345
3.0,2.0,1109,,Perling height apartment,,Freehold,"Perling height, Johor, Johor Bahru",,,,Condominium,,Medium,Non Bumi Lot,388000,Johor Bahru,,349.8647430117223
3.0,2.0,650,Parking,Pangsapuri Seri Angsana,,Freehold,"Lemang Warisan, Jln LEP 6/27, Lestari Putra, Seri Kembangan, Selangor, Seri Kembangan, Selangor",,,,Flat,1,,Non Bumi Lot,105000,Selangor,1,161.53846153846155
4.0,3.0,1557,"Parking, Security, Lift, Swimming Pool, Playground, Gymnasium, Sauna, Barbeque area, Minimart, Multipurpose hall, Club house, Jogging Track, Tennis Court, Squash Court",SkyVue Residence,Eng Han Property Sdn Bhd,Leasehold,"Lorong Tosaraya, Kota Kinabalu, Sabah",,,,Condominium,2,High,Non Bumi Lot,1059888,Sabah,14,680.7244701348748
3.0,2.0,850,"Jogging Track, Barbeque area, Parking, Playground",Taman Setia Balakong,,Leasehold,"Jalan Setia Balakong,, Balakong, Selangor",,5,,Apartment,,,Non Bumi Lot,165000,Selangor,4,194.11764705882354
3.0,2.0,950,"Parking, Playground, Security, Barbeque area",Seraya Apartments,,Freehold,"Jalan Seksyen 3/1A, Taman Kajang Utama, Kajang, Selangor",,5,,Apartment,1,,Non Bumi Lot,168000,Selangor,4,176.8421052631579
3.0,2.0,909,"Parking, Playground, Swimming Pool, Barbeque area, Security, Gymnasium",Residency V,Kerjaya Prospek Group Berhad,Freehold,"Jalan Sepadu 5, Taman United, Old Klang Road, Kuala Lumpur",2017.0,29,412,Condominium,2,,Non Bumi Lot,560000,Kuala Lumpur,6,616.0616061606161
3.0,3.0,1830,"Parking, Security, Lift, Swimming Pool, Playground, Gymnasium, Barbeque area, Jogging Track",Kristal,,Leasehold,"Jalan Kepayan, Kota Kinabalu, Sabah",,,,Condominium,2,High,Non Bumi Lot,1200000,Sabah,8,655.7377049180328
3.0,2.0,830,"Jogging Track, Minimart, Playground",Taman Indah Perdana,,Leasehold,"Taman Indah Perdana, Kepong, Kuala Lumpur",,,,Apartment,,Medium,Non Bumi Lot,168000,Kuala Lumpur,3,202.40963855421685
3.0,2.0,2670,Parking,Taman King Fook,,Leasehold,"TB1429 Taman King Fook, Sabah, Tawau",,,,Others,2,Medium,Non Bumi Lot,390000,Tawau,1,146.06741573033707
3.0,2.0,750,,Pangsapuri Sri Kemuning,,Freehold,"No 3, Jalan Anggerik Aranda 31/42, Section 31, Shah Alam, Selangor",,5,,Apartment,1,High,Non Bumi Lot,200000,Selangor,,266.6666666666667
3.0,2.0,918,"Security, Parking, Playground, Swimming Pool, Lift, Minimart",Vista Saujana,,Leasehold,"Jalan Wangsa 2/6, Kepong, Kuala Lumpur",,17,595,Apartment,2,Medium,Non Bumi Lot,278000,Kuala Lumpur,6,302.8322440087146
3.0,2.0,1288,"Barbeque area, Jogging Track, Security, Swimming Pool, Gymnasium, Multipurpose hall, Playground, Parking, Lift",Ivory Residence,TLS Group,Freehold,"Jalan Mutiara 2, Mutiara Heights, Kajang, Selangor",2015.0,21,455,Condominium,2,,Non Bumi Lot,355000,Selangor,9,275.62111801242236
3.0,2.0,850,"Parking, Swimming Pool, Security, Playground, Jogging Track",Angkasa Apartment,Bina Puri Holdings Bhd,Leasehold,"Jalan Darau, Kampung Darau, Kota Kinabalu, Sabah",,,,Apartment,2,Medium,Non Bumi Lot,280000,Sabah,5,329.4117647058824
3.0,2.0,770,"Jogging Track, Barbeque area, Security, Minimart, Playground, Parking",P'residen @ Permas Jaya,The Private Residence Sdn Bhd,Freehold,"Persiaran Plentong Baru, Taman Permas Jaya, Masai, Johor",,8,76,Apartment,1,Low,Non Bumi Lot,170000,Johor,6,220.7792207792208
4.0,2.0,1001,"Parking, Security, Lift, Swimming Pool, Playground, Barbeque area, Minimart, Multipurpose hall",M Centura,Mah Sing Group Berhad,Freehold,"Jalan Sentul Pasar, Sentul, Kuala Lumpur",2021.0,47,1413,Apartment,2,Low,Non Bumi Lot,550000,Kuala Lumpur,8,549.4505494505495
3.0,2.0,1668,"Barbeque area, Parking, Playground, Security, Minimart, Swimming Pool, Tennis Court, Squash Court, Lift, Gymnasium, Sauna, Multipurpose hall, Jogging Track",Cameron Towers,Gasing Heights Sdn Bhd,Freehold,"Jalan 5/58B, Bukit Gasing, Petaling Jaya, Selangor",,14,224,Condominium,2,High,Non Bumi Lot,735000,Selangor,13,440.6474820143885
3.0,2.0,936,"Parking, Security, Lift, Swimming Pool, Playground, Gymnasium, Barbeque area, Multipurpose hall, Jogging Track, Tennis Court, Club house",Temasya Kasih,,Freehold,"Jalan Kerjaya, Selangor, Shah Alam",,,,Condominium,2,High,Non Bumi Lot,570000,Shah Alam,11,608.974358974359
3.0,2.0,1023,"Security, Minimart, Playground, Swimming Pool, Barbeque area, Gymnasium, Squash Court, Jogging Track, Lift, Parking, Tennis Court, Sauna, Multipurpose hall, Club house",The Havre @ Bukit Jalil,Aset Kayamas Sdn Bhd,Leasehold,"Lebuhraya Bukit Jalil, Bukit Jalil, Kuala Lumpur",2020.0,40,1052,Condominium,2,Medium,Non Bumi Lot,539000,Kuala Lumpur,14,526.8817204301075
3.0,2.0,950,"Parking, Swimming Pool, Jogging Track, Lift, Security, Playground, Gymnasium, Multipurpose hall",Symphony Heights (Simfoni Heights),Daya Niaga,Leasehold,"Jalan Medan Selayang 2, Kawasan Industri Batu Cave, Batu Caves, Selangor",2011.0,29,1709,Condominium,1,High,Bumi Lot,298000,Selangor,8,313.6842105263158
3.0,2.0,848,"Minimart, Swimming Pool, Security, Parking, Playground, Gymnasium",The Gardens (Penampang),SC Land Group,Leasehold,"Lorong Taman Formosa 2, Taman Farmosa, Penampang, Sabah",2017.0,,,Condominium,2,High,Non Bumi Lot,530000,Sabah,6,625.0
2.0,2.0,603,"Parking, Playground, Multipurpose hall",Flat Taman Samudra,,Leasehold,"JALAN SAMUDRA TIMUR 7, Batu Caves, Selangor",,,,Flat,1,Medium,Non Bumi Lot,102000,Selangor,3,169.15422885572139
2.0,1.0,550,,Desa Pilihan,,Freehold,"Jalan Kedidi, Sungai Ara, Penang",,,,Flat,,High,Non Bumi Lot,110000,Penang,,200.0
4.0,2.0,1149,"Jogging Track, Club house, Playground, Swimming Pool, Barbeque area, Gymnasium, Multipurpose hall, Parking, Security, Lift",Indah Alam,Shanghai Realty (M) Sdn Bhd,Freehold,"No. 4, Jalan Jubli Perak 22/1, Seksyen 22, Shah Alam, Selangor",,,464,Condominium,2,High,Non Bumi Lot,404800,Selangor,10,352.30635335073976
3.0,2.0,850,"Parking, Security, Playground, Swimming Pool",Fairville,Sime Darby Property Berhad,Freehold,"Jalan USJ 22/1, Subang Jaya, Selangor",2000.0,8,,Apartment,1,Medium,Non Bumi Lot,338800,Selangor,4,398.5882352941176
4.0,2.0,850,"Lift, Security, Parking, Playground, Multipurpose hall","Orchis Apartment, Bandar Parklands",WCT Holding Berhad,Freehold,"Jalan Delima 4, Bandar Parklands,, Klang, Selangor",2017.0,5,400,Apartment,1,Low,Non Bumi Lot,299000,Selangor,5,351.7647058823529
2.0,2.0,1019,"Swimming Pool, Barbeque area, Tennis Court, Jogging Track, Sauna, Playground, Gymnasium, Security",One Medini,One Medini Sdn Bhd,Leasehold,"Off Lebuh Kota Iskandar, Iskandar Puteri, Johor",2015.0,,644,Condominium,,Medium,Non Bumi Lot,400000,Johor,8,392.54170755642787
3.0,2.0,750,"Parking, Minimart, Security, Swimming Pool, Lift, Playground",Pangsapuri Cemara (Cheras),,Leasehold,"Jalan Sri Permaisuri 3, Bandar Sri Permaisuri, Cheras, Kuala Lumpur",2002.0,11,792,Apartment,1,High,Bumi Lot,250000,Kuala Lumpur,6,333.3333333333333
3.0,2.0,1091,"Minimart, Sauna, Gymnasium, Parking, Swimming Pool, Security, Playground, Lift",Kinrara Mas Condominium,HR Utama Sdn Bhd,Freehold,"Jalan Kinrara 1 / Jalan Mas, Bukit Jalil, Kuala Lumpur",2010.0,18,569,Condominium,1,High,Non Bumi Lot,340000,Kuala Lumpur,8,311.64069660861594
3.0,2.0,1338,"Security, Lift, Swimming Pool, Gymnasium, Parking",Lido Avenue,Mega City Avenue Sdn. Bhd.,Leasehold,"Lorong Dalapan, Kota Kinabalu, Sabah",,,,Condominium,2,High,Non Bumi Lot,950000,Sabah,5,710.0149476831091
3.0,2.0,870,"Sauna, Security, Minimart, Gymnasium, Lift, Playground, Jogging Track, Parking, Swimming Pool",Ashton Tower,SCP Group,Leasehold,"Off Kolombong, Kota Kinabalu, Sabah",2016.0,29,391,Service Residence,1,Medium,Non Bumi Lot,438000,Sabah,9,503.44827586206895
2.0,2.0,890,"Jogging Track, Multipurpose hall, Playground, Parking, Swimming Pool, Barbeque area, Security, Lift, Gymnasium",Utropolis Serviced Apartment 1,Paramount Property,Freehold,"Persiaran Kerjaya Off Jalan Kontraktor U1/14, Glenmarie, Selangor",,,414,Apartment,1,Medium,Non Bumi Lot,530000,Selangor,9,595.5056179775281
3.0,2.0,1431,"Parking, Security, Sauna, Swimming Pool",Kyoto Gardens Condominium,,Freehold,"Persiaran Bukit Jaya, Bukit Antarabangsa, Ampang, Selangor",1987.0,15,200,Condominium,1,Medium,Non Bumi Lot,360000,Selangor,4,251.57232704402514
3.0,2.0,1400,"Minimart, Swimming Pool, Gymnasium, Lift, Playground, Tennis Court, Squash Court, Sauna, Multipurpose hall, Parking, Security",Mas Kiara Residences,Intan Permata Properties,Freehold,"Jalan Datuk Sulaiman, Taman Tun Dr Ismail, Kuala Lumpur",2010.0,16,246,Condominium,1,Medium,Malay Reserved,630000,Kuala Lumpur,11,450.0
3.0,2.0,820,"Parking, Security",Taman Tanjong,,Freehold,"No. 17, Jalan Meranti, Tanjung Bungah, Penang",,5,,Apartment,1,,Non Bumi Lot,330000,Penang,2,402.4390243902439
3.0,2.0,700,"Security, Parking, Swimming Pool, Jogging Track, Playground",saujana apartment,,Leasehold,"Jalan 10/1C, Damansara Damai, Selangor",,,,Apartment,1,,Non Bumi Lot,190000,Selangor,5,271.42857142857144
3.0,2.0,710,"Parking, Security, Swimming Pool, Minimart",Apartment Bayu,,Leasehold,"Jalan PJU 10/4, Damansara Damai, Petaling Jaya, Selangor",,5,40,Apartment,1,,Non Bumi Lot,249000,Selangor,4,350.7042253521127
3.0,2.0,710,"Parking, Security, Swimming Pool, Playground, Minimart",Apartment Bayu,,Leasehold,"Jalan PJU 10/4, Damansara Damai, Petaling Jaya, Selangor",,5,40,Apartment,1,,Non Bumi Lot,299000,Selangor,5,421.1267605633803
2.0,2.0,862,,KSL Avery Park,,Freehold,"Jalan Rinting, Masai, Johor",,,,Service Residence,1,,Non Bumi Lot,305000,Johor,,353.8283062645012
2.0,2.0,770,"Playground, Jogging Track, Security, Minimart, Swimming Pool, Gymnasium, Sauna, Multipurpose hall, Club house",D' Ambience,IJM LAND BERHAD,Freehold,"Jalan Permas 2, Johor Bahru, Johor",2014.0,21,780,Service Residence,,Medium,Non Bumi Lot,488000,Johor,9,633.7662337662338
3.0,2.0,1036,,KSL Avery Park,,Freehold,"Jalan Rinting, Masai, Johor",,,,Service Residence,2,,Non Bumi Lot,364000,Johor,,351.35135135135135
2.0,2.0,953,"Playground, Swimming Pool, Barbeque area, Security, Gymnasium, Jogging Track",Havona,Sunray Development,Freehold,"Off Jalan Mutiara Emas Utama, Taman Mount Austin, Johor Bahru, Johor",2019.0,36,1148,Apartment,1,,Non Bumi Lot,505000,Johor,6,529.9055613850996
3.0,2.0,850,"Security, Jogging Track, Parking, Gymnasium, Tennis Court, Playground, Swimming Pool",Putatan Platinum Apartment,Syarikat Perumahan Negara Berhad,Leasehold,"Jalan Putatan, Penampang, Sabah",,12,1012,Apartment,,Low,Non Bumi Lot,275000,Sabah,7,323.52941176470586
3.0,2.0,850,"Security, Playground, Parking","Cheras Perdana Apartment Block A, B, C",,Freehold,"Jalan Cheras Perdana, Taman Cheras Perdana, Cheras, Selangor",,4,,Apartment,1,Medium,Non Bumi Lot,219999,Selangor,3,258.82235294117646
3.0,2.0,878,,M Arisa,Mah Sing Group Bhd,Freehold,"Jalan Sentul Pasar, Sentul Pasa, Sentul, Kuala Lumpur",2022.0,55,1598,Service Residence,,,Non Bumi Lot,470000,Kuala Lumpur,,535.3075170842825
4.0,3.0,1710,,Residensi Bintang Bukit Jalil,LBS Bina Group Berhad,Leasehold,"Jalan Impian Indah, Bukit Jalil, Kuala Lumpur",2022.0,,1342,Condominium,,,Non Bumi Lot,960000,Kuala Lumpur,,561.4035087719299
3.0,2.0,700,"Jogging Track, Security, Swimming Pool, Parking",,,Leasehold,,,,,Apartment,1,Low,Non Bumi Lot,215000,,4,307.14285714285717
3.0,2.0,700,"Jogging Track, Parking, Swimming Pool, Security",,,Leasehold,,,,,Apartment,1,,Non Bumi Lot,239000,,4,341.42857142857144
3.0,2.0,700,"Swimming Pool, Parking, Security, Jogging Track",,,Leasehold,,,,,Apartment,1,,Non Bumi Lot,235000,,4,335.7142857142857
3.0,2.0,700,"Security, Jogging Track, Parking, Swimming Pool",,,Leasehold,,,,,Apartment,1,,Non Bumi Lot,239000,,4,341.42857142857144
3.0,2.0,700,"Swimming Pool, Parking, Security, Jogging Track",saujana apartment,,Leasehold,"Jalan 10/1C, Damansara Damai, Selangor",,,,Apartment,1,,Non Bumi Lot,190000,Selangor,4,271.42857142857144
3.0,2.0,700,"Jogging Track, Security, Swimming Pool, Parking",saujana apartment,,Leasehold,"Jalan 10/1C, Damansara Damai, Selangor",,,,Apartment,1,,Non Bumi Lot,180000,Selangor,4,257.14285714285717
3.0,2.0,650,Parking,,,Leasehold,,,,,Apartment,,,Non Bumi Lot,130000,,1,200.0
3.0,2.0,700,"Parking, Swimming Pool, Security, Playground",,,Leasehold,,,,,Apartment,1,,Non Bumi Lot,210000,,4,300.0
3.0,2.0,850,"Parking, Security, Swimming Pool, Jogging Track",saujana apartment,,Leasehold,"Jalan 10/1C, Damansara Damai, Selangor",,,,Apartment,1,,Non Bumi Lot,234000,Selangor,4,275.29411764705884
3.0,1.0,850,,,,Leasehold,,,,,Apartment,1,,Non Bumi Lot,287000,,,337.6470588235294
3.0,2.0,710,,,,Leasehold,,,,,Apartment,1,,Non Bumi Lot,184000,,,259.15492957746477
3.0,2.0,1058,"Parking, Security, Lift, Swimming Pool, Playground, Multipurpose hall, Gymnasium, Minimart",Villamas Apartment,VILLAMAS,Freehold,"Jalan Pipit, Bandar Puchong Jaya, Puchong, Selangor",,16,260,Apartment,1,High,Non Bumi Lot,330000,Selangor,8,311.9092627599244
3.0,2.0,811,,Pangsapuri Akasia,,Freehold,"Persiaran Setia Prima, Setia Alam, Selangor",,,,Apartment,2,Medium,Non Bumi Lot,260000,Selangor,,320.5918618988903
3.0,2.0,687,"Security, Playground",Rosana Villa Apartment,,Leasehold,"Taman Putra Perdana, Puchong, Selangor",,,,Apartment,,,Bumi Lot,140000,Selangor,2,203.78457059679766
3.0,2.0,1175,"Parking, Security, Lift, Swimming Pool, Playground, Gymnasium, Sauna",Villa Puteri,Land & General Berhad,Freehold,"Jalan Tun Ismail, KL City, Kuala Lumpur",1995.0,32,,Condominium,1,,Bumi Lot,430000,Kuala Lumpur,7,365.9574468085106
4.0,3.0,1396,"Parking, Security, Lift, Swimming Pool, Playground, Gymnasium, Sauna, Barbeque area, Minimart, Multipurpose hall, Club house, Jogging Track, Tennis Court, Squash Court",One Damansara,MK Land Holdings,Leasehold,"Jalan PJU 10/1, Damansara Damai, Petaling Jaya, Selangor",2013.0,20,899,Condominium,2,Medium,Non Bumi Lot,490000,Selangor,14,351.0028653295129
1.0,1.0,391,"Playground, Security, Gymnasium, Swimming Pool, Minimart, Jogging Track",University Utama Condominium,The W Property Collection,Leasehold,"Jalan Kayu Madang, Kota Kinabalu, Sabah",,,,Condominium,1,Low,Non Bumi Lot,180000,Sabah,6,460.35805626598466
3.0,2.0,841,"Swimming Pool, Gymnasium, Lift, Barbeque area, Minimart, Playground, Security, Sauna, Parking",M Vista,Vienna View Development (Mah Sing Group),Freehold,"Jalan Muzium Perang, Bayan Lepas, Penang",2021.0,23,237,Condominium,2,High,Non Bumi Lot,660000,Penang,9,784.7800237812129
3.0,3.0,1162,"Parking, Multipurpose hall, Security, Playground, Swimming Pool, Gymnasium",V-Residensi 2,B&G Property,Freehold,"Seksyen 22, Shah Alam, Selangor",2016.0,22,616,Service Residence,,Medium,Non Bumi Lot,415000,Selangor,6,357.14285714285717
1.0,1.0,661,"Parking, Swimming Pool, Barbeque area, Multipurpose hall, Security, Playground, Gymnasium, Lift",Seri Austin Residence Luxury Apartment,Dynasty View Sdn Bhd (UM Land),Freehold,"Jalan Seri Austin 1/17, Taman Seri Austin, Johor Bahru, Johor",2015.0,13,420,Service Residence,1,High,Non Bumi Lot,308000,Johor,8,465.9606656580938
3.0,2.0,1000,"Security, Parking, Lift, Playground",Eco Park,,Leasehold,"Jalan Sepangar, 88400, Sabah, Kota Kinabalu, Sabah",,,,Condominium,,Medium,Non Bumi Lot,398000,Sabah,4,398.0
2.0,2.0,1213,"Security, Swimming Pool, Barbeque area, Gymnasium, Playground, Multipurpose hall, Sauna, Parking, Lift",Pearl Suria,Aikbee Timbers Sdn. Bhd.,Leasehold,"Jalan Sepadu 3, Taman United,, Old Klang Road, Kuala Lumpur",2016.0,24,403,Condominium,2,Medium,Non Bumi Lot,700000,Kuala Lumpur,9,577.0816158285243
3.0,2.0,773,"Security, Multipurpose hall, Playground",Baiduri Courts (Bukit Puchong),Bukit Hitam Development Sdn Bhd,Freehold,"Jalan BP 14, Bandar Bukit Puchong, Puchong, Selangor",,,400,Apartment,1,,Non Bumi Lot,235000,Selangor,3,304.0103492884864
3.0,2.0,1200,"Parking, Security, Lift, Swimming Pool, Playground, Gymnasium, Sauna, Barbeque area, Minimart, Club house, Jogging Track, Tennis Court",Gardenz @ One South,Hua Yang Berhad,Leasehold,"Persiaran Serdang Perdana, Taman Serdang Perdana 4, Seri Kembangan, Selangor",,,,Condominium,2,Medium,Non Bumi Lot,400000,Selangor,12,333.3333333333333
2.0,2.0,780,"Barbeque area, Minimart, Gymnasium, Tennis Court, Sauna, Playground, Swimming Pool, Lift, Parking, Security, Squash Court",The Elysia Park Residence @ Medini,BCB Berhad,Leasehold,"Jalan Persiaran Medini Utara 1, Medini, Iskandar Puteri, Johor",2019.0,,961,Condominium,2,Medium,Non Bumi Lot,400000,Johor,11,512.8205128205128
4.0,3.0,1711,"Multipurpose hall, Security, Squash Court, Jogging Track, Minimart, Club house, Playground, Swimming Pool, Tennis Court, Barbeque area, Sauna, Parking, Gymnasium",Gardenview Residence,SETIA HARUMAN SDN BHD,Freehold,"Persiaran Ceria, Cyber 12, Cyberjaya, Selangor",2012.0,10,210,Condominium,,High,Bumi Lot,790000,Selangor,13,461.71829339567506
3.0,2.0,1100,"Security, Minimart, Barbeque area, Sauna, Multipurpose hall, Parking, Jogging Track, Playground, Gymnasium, Club house, Swimming Pool",222 Residency,Kerjaya Prospek Group Berhad,Freehold,"Jalan 1/50, Off Jalan Gombak, Taman P Ramlee, Setapak, Kuala Lumpur",2013.0,28,222,Condominium,1,Medium,Non Bumi Lot,455000,Kuala Lumpur,11,413.6363636363636
3.0,2.0,1100,"Swimming Pool, Gymnasium, Playground, Tennis Court, Parking, Security, Jogging Track, Minimart, Lift",Sri Jelatek,,Leasehold,"Jalan 4/27E, Seksyen 10, Wangsa Maju, Kuala Lumpur",,6,180,Condominium,1,Medium,Bumi Lot,398000,Kuala Lumpur,9,361.8181818181818
4.0,2.0,1331,"Parking, Gymnasium, Playground, Swimming Pool, Security, Minimart, Jogging Track",Platinum Hill PV 3,Platinum Victory Development Sdn Bhd,Freehold,"No. 3 Jalan Melati Utama, Taman Melati Utama, Setapak, Kuala Lumpur",2013.0,17,475,Condominium,1,Medium,Non Bumi Lot,390000,Kuala Lumpur,7,293.01277235161535
3.0,2.0,1400,"Barbeque area, Tennis Court, Parking, Security, Swimming Pool, Lift, Playground, Gymnasium, Jogging Track, Minimart",Seri Mas (Cheras),Amber Resources,Leasehold,"Jalan 1/89A, Taman Ikhsan, Cheras, Kuala Lumpur",,18,288,Condominium,2,Medium,Non Bumi Lot,385000,Kuala Lumpur,10,275.0
3.0,2.0,1200,"Parking, Security, Lift, Swimming Pool, Playground, Gymnasium, Sauna, Barbeque area, Minimart, Multipurpose hall, Club house, Jogging Track, Tennis Court, Squash Court",Putrajaya » Putrajaya,,Freehold,"Putrajaya » Putrajaya, Putrajaya, Putrajaya",,,,Condominium,2,Medium,Non Bumi Lot,450000,Putrajaya,14,375.0
3.0,2.0,850,"Barbeque area, Jogging Track, Playground",Alira Metropark Subang,MCT Berhad,Freehold,"Jalan MP 1, Tropicana Metropark, Subang Jaya, Selangor",2023.0,31,836,Service Residence,2,,Non Bumi Lot,600000,Selangor,3,705.8823529411765
3.0,2.0,1024,"Parking, Security",Lily & Jasmine,,Leasehold,"Taman Tampoi Indah, Johor Bahru, Johor",,4,,Apartment,1,Low,Non Bumi Lot,303000,Johor,2,295.8984375
3.0,2.0,1008,"Parking, Security, Playground, Swimming Pool, Lift",Kristal Villa,,Freehold,"Jalan Kajang Villa 3, Taman Kajang Villa, Kajang, Selangor",2015.0,12,306,Condominium,,,Non Bumi Lot,244000,Selangor,5,242.06349206349208
3.0,2.0,1000,"Club house, Security, Swimming Pool, Barbeque area, Parking, Playground, Gymnasium",One Sulaman,,Leasehold,"Jalan Sulaman, Kota Kinabalu, Sabah, Kota Kinabalu, Sabah",,,109,Condominium,,Medium,Non Bumi Lot,450000,Sabah,7,450.0
2.0,1.0,512,"Parking, Security, Playground, Swimming Pool, Gymnasium, Jogging Track",University Utama Condominium,The W Property Collection,Leasehold,"Jalan Kayu Madang, Kota Kinabalu, Sabah",,,,Condominium,,Low,Non Bumi Lot,230000,Sabah,6,449.21875
3.0,2.0,970,"Gymnasium, Security, Multipurpose hall, Playground, Swimming Pool, Jogging Track, Minimart, Lift, Parking",Vista Millennium Condominiums,Millennium Land Sdn Bhd,Leasehold,"Jalan Desa Millennia 2, Taman Puchong Perdana, Puchong, Selangor",,16,1000,Condominium,,Medium,Non Bumi Lot,350000,Selangor,9,360.82474226804123
3.0,2.0,935,"Parking, Jogging Track, Security, Lift, Swimming Pool, Playground, Gymnasium, Sauna, Barbeque area, Minimart, Multipurpose hall",Desa Green,Seri Tiara Development Sdn Bhd,Freehold,"Jalan Desa Bakti, Off Taman Desa, Taman Desa, Kuala Lumpur",1997.0,22,1008,Service Residence,1,Medium,Non Bumi Lot,589000,Kuala Lumpur,11,629.9465240641712
3.0,2.0,850,"Playground, Swimming Pool, Security, Multipurpose hall",Angkasa Apartment,Bina Puri Holdings Bhd,Leasehold,"Jalan Darau, Kampung Darau, Kota Kinabalu, Sabah",,,,Apartment,1,Medium,Non Bumi Lot,310000,Sabah,4,364.70588235294116
3.0,3.0,1200,"Parking, Security, Lift, Swimming Pool, Playground, Gymnasium, Sauna, Barbeque area, Minimart, Multipurpose hall, Club house, Jogging Track, Tennis Court, Squash Court",Seri Kembangan,,Freehold,"Seri Kembangan, Selangor, Seri Kembangan",,,,Condominium,2,High,Non Bumi Lot,499000,Seri Kembangan,14,415.8333333333333
3.0,2.0,850,"Playground, Parking, Swimming Pool",Vista Indah Putra,KLS Properties Sdn Bhd,Freehold,"Jalan Batu Unjur 8, Taman Bayu Perdana, Klang, Selangor",,5,,Condominium,,,Non Bumi Lot,289000,Selangor,3,340.0
1.0,1.0,467,"Parking, Minimart, Gymnasium, Security",i-Soho @ i-City,i-Berhad,Freehold,"Jalan Plumbum 7/102, Shah Alam, Selangor",,43,956,Studio,,,Non Bumi Lot,299000,Selangor,4,640.2569593147751
1.0,1.0,526,,Wave Marina Cove (Pangsapuri Tepian Bayu),IOI Properties Group Berhad,Freehold,"Plentong, Johor Bahru, Johor",,,,Service Residence,1,High,Non Bumi Lot,400000,Johor,,760.4562737642585
3.0,2.0,987,"Jogging Track, Security, Parking, Barbeque area, Swimming Pool, Lift, Playground",80 Residence,,Leasehold,"Ramayah, Penampang, Penampang, Sabah",2017.0,5,80,Apartment,1,High,Non Bumi Lot,420000,Sabah,7,425.531914893617
3.0,2.0,1000,"Parking, Swimming Pool, Barbeque area, Club house, Security, Playground",One Sulaman,,Leasehold,"Jalan Sulaman, Kota Kinabalu, Sabah, Kota Kinabalu, Sabah",,,109,Condominium,1,Medium,Non Bumi Lot,450000,Sabah,6,450.0
3.0,2.0,1130,"Lift, Playground, Swimming Pool, Gymnasium, Squash Court, Parking, Security, Barbeque area, Jogging Track, Multipurpose hall",Triuni Residences @ The Sanctuary,Runnymede Group,Freehold,"28, Lorong Batu Uban 1, Taman Century, Gelugor, Penang",,,,Condominium,2,High,Non Bumi Lot,810000,Penang,10,716.8141592920354
3.0,2.0,689,,Pangsapuri Seri Kayan,,Freehold,"Jalan Pinggiran USJ 2/1, Taman Pinggiran USJ, Subang Jaya, Selangor",,,,Apartment,1,,Non Bumi Lot,170000,Selangor,,246.7343976777939
3.0,2.0,728,,Maplewood Court,,Leasehold,"Pinggiran Lembah Hijau 9, Rawang, Selangor",,,,Flat,,,Non Bumi Lot,90000,Selangor,,123.62637362637362
3.0,2.0,650,Parking,Pangsapuri Seri Angsana,,Freehold,"Lemang Warisan, Jln LEP 6/27, Lestari Putra, Seri Kembangan, Selangor, Seri Kembangan, Selangor",,,,Flat,,,Non Bumi Lot,110000,Selangor,1,169.23076923076923
3.0,2.0,728,,Azalea Court,,Leasehold,"Persiaran Lembah Hijau 4, Rawang, Selangor",,,,Flat,,,Bumi Lot,80000,Selangor,,109.89010989010988
3.0,2.0,1100,"Parking, Security, Lift, Swimming Pool, Playground, Gymnasium, Sauna, Barbeque area, Minimart, Multipurpose hall, Club house, Jogging Track, Tennis Court, Squash Court",The Holmes,Aset Kayamas,Leasehold,"Jalan Yaacob Latif,, Cheras, Kuala Lumpur",,,,Condominium,2,High,Non Bumi Lot,460000,Kuala Lumpur,14,418.1818181818182
3.0,2.0,900,"Parking, Security",Pangsapuri Seri Melati,UMLand,Freehold,"Jalan Seri Putra 3/8, Bandar Seri Putra, Bangi, Selangor",,5,,Apartment,1,High,Bumi Lot,140000,Selangor,2,155.55555555555554
3.0,2.0,1538,"Parking, Security, Swimming Pool, Sauna, Minimart, Playground, Gymnasium, Lift",Venice Hill,Li Foong Group,Freehold,"Jalan Kemacahaya, Cheras, Selangor",2000.0,14,1339,Condominium,,,Non Bumi Lot,269000,Selangor,8,174.90247074122237
2.0,2.0,886,,Taman Suria Shop Apartment,,Leasehold,"Jalan Penampang Lama, Kota Kinabalu, Sabah",,,,Apartment,1,Low,Non Bumi Lot,360000,Sabah,,406.32054176072234
3.0,2.0,945,"Parking, Minimart",Taman Pusat Kepong Shop Apartment,,Leasehold,"Jalan 10/40, Off Jalan Kelapa Bulan, Taman Pusat, Kepong, Kuala Lumpur",,4,,Apartment,2,Low,Non Bumi Lot,212000,Kuala Lumpur,2,224.33862433862433
3.0,2.0,1490,"Parking, Security, Lift, Swimming Pool, Playground, Gymnasium, Sauna, Barbeque area, Minimart, Multipurpose hall, Club house, Jogging Track, Tennis Court, Squash Court",Residence Bukit Jalil 1,,Leasehold,"Jalan Bukit Indah 1, Kuala Lumpur, Bukit Jalil",,,,Condominium,2,Low,Non Bumi Lot,599900,Bukit Jalil,14,402.61744966442956
3.0,2.0,650,,Idaman Seroja,Koperasi Tunas Muda,Freehold,"Lintang Sungai Ara 9, Sungai Ara, Penang",,,,Apartment,1,Medium,Non Bumi Lot,209000,Penang,,321.53846153846155
3.0,1.0,657,"Minimart, Parking, Playground, Lift",PPR Selayang Mulia,,Leasehold,"Jalan SM 1/1, Selayang, Selangor",,,,Flat,,Medium,Non Bumi Lot,158000,Selangor,4,240.4870624048706
3.0,2.0,1198,"Swimming Pool, Barbeque area, Security, Playground, Gymnasium, Jogging Track",The Golden Triangle,GSV Development Sdn Bhd,Freehold,"Jalan Paya Terubong, Off Jalan Dato Ismail Hashim, Relau, Penang",2021.0,,406,Condominium,2,Medium,Non Bumi Lot,500000,Penang,6,417.3622704507512
4.0,3.0,1750,,The Peak Residences,Ivory Properties Group Sdn Bhd,Freehold,"Off Jalan Mount Erskine, Tanjong Tokong, Penang",2013.0,38,203,Condominium,3,High,Non Bumi Lot,1050000,Penang,,600.0
3.0,2.0,960,"Parking, Minimart, Playground, Gymnasium, Jogging Track, Security, Swimming Pool, Tennis Court, Lift, Sauna, Barbeque area",Forest Green,SHL Consolidated Berhad,Freehold,"Jalan Sungai Long, Bandar Sungai Long, Kajang, Selangor",2000.0,12,480,Condominium,1,Medium,Non Bumi Lot,340000,Selangor,11,354.1666666666667
3.0,2.0,1160,"Parking, Security, Jogging Track, Swimming Pool, Gymnasium, Tennis Court, Lift",Gurney Villa,,Freehold,"No. 130, Jalan KelaweI, Off Gurney Drive, Georgetown, Penang",1996.0,18,68,Apartment,2,Medium,Non Bumi Lot,890000,Penang,7,767.2413793103449
3.0,2.0,1399,"Playground, Security, Parking, Jogging Track",Green Heights Condominiums,,Leasehold,"Lorong Lapangan Terbang 2, Green Heights, Kuching, Sarawak",,,,Condominium,1,Medium,Non Bumi Lot,480000,Sarawak,4,343.10221586847746
3.0,2.0,805,"Security, Minimart, Parking, Lift",Pangsapuri Salvia,,Leasehold,"Jalan Kenyalang 11/3, Kota Damansara, Selangor",2005.0,6,,Condominium,1,Low,Bumi Lot,317000,Selangor,4,393.7888198757764
3.0,2.0,1153,"Parking, Security, Lift, Playground, Gymnasium, Sauna, Barbeque area, Minimart, Swimming Pool, Multipurpose hall, Club house, Jogging Track, Tennis Court",P' Residence Kuching,Tenaga Seri Wangsa (TSW Properties),Leasehold,"Jalan Datuk Stephen Yong, Kuching, Sarawak",,,,Condominium,1,,Non Bumi Lot,490000,Sarawak,13,424.978317432784
4.0,2.0,1474,"Gymnasium, Multipurpose hall, Security, Playground, Minimart, Jogging Track, Barbeque area, Swimming Pool",Alpine Tower,IJM LAND BERHAD,Leasehold,"Tingkat Bukit Jambul 1, Bukit Jambul Indah, Bukit Jambul, Penang",2004.0,23,173,Condominium,,,Non Bumi Lot,700000,Penang,8,474.89823609226596
3.0,2.0,1523,"Parking, Security, Lift, Swimming Pool, Playground, Gymnasium, Sauna, Barbeque area, Minimart, Multipurpose hall, Club house, Jogging Track, Tennis Court, Squash Court",Bukit Jalil Residence 1,,Leasehold,"bj indah 1, Kuala Lumpur, Bukit Jalil",,,,Condominium,,Medium,Non Bumi Lot,639000,Bukit Jalil,14,419.5666447800394
3.0,1.0,650,"Parking, Lift, Playground, Minimart, Multipurpose hall",PPR Hiliran Ampang,,Leasehold,"Jalan Ampang Putra, Kuala Lumpur, Ampang Hilir",,,,Flat,,Medium,Bumi Lot,230000,Ampang Hilir,5,353.84615384615387
3.0,2.0,1520,,McKenzie Avenue,,Freehold,"4380, Taman Stapok Lorong 5, Kuching, Sarawak",,,,Apartment,,,Non Bumi Lot,600000,Sarawak,,394.7368421052632
3.0,2.0,969,"Parking, Security, Minimart, Swimming Pool, Jogging Track",Kondominium Kristal,Worldwide Holdings,Leasehold,"Jalan Pualam 7/32, Seksyen 7, Shah Alam, Selangor",2006.0,12,260,Condominium,1,Medium,Bumi Lot,370000,Selangor,5,381.83694530443756
3.0,2.0,665,,Melinsung Summer Bay Resort Apartments,,Leasehold,"Blok A, Melinsung Summer Bay Resort Apartments, Sabah, Papar",,,,Apartment,,Medium,Non Bumi Lot,113400,Papar,,170.52631578947367
3.0,2.0,774,"Tennis Court, Gymnasium, Parking, Security, Playground, Squash Court, Jogging Track, Swimming Pool, Minimart",Shamelin Star,Landmark Zone Sdn. Bhd.,Leasehold,"Jalan 4/91, Taman Shamelin Perkasa, Cheras, Kuala Lumpur",2016.0,36,630,Service Residence,1,Medium,Non Bumi Lot,530000,Kuala Lumpur,9,684.7545219638243
3.0,2.0,700,"Parking, Playground, Swimming Pool, Security, Multipurpose hall",Suria Rafflesia,Sunsuria Berhad,Freehold,"Precinct 12 Off Persiaran Setia Prima, Setia Alam, Selangor",,10,360,Apartment,,High,Non Bumi Lot,270000,Selangor,5,385.7142857142857
3.0,2.0,850,Playground,Pangsapuri Taman Seri Setanggi,Syarikat Perumahan Negara Berhad,Leasehold,"Off Jalan Tebrau, Taman Seri Setanggi, Johor Bahru, Johor",,5,,Apartment,2,High,Bumi Lot,220000,Johor,1,258.8235294117647
3.0,2.0,680,,Pangsapuri Seroja @ Setia Alam,,Freehold,"U13/50, Seksyen U13, Shah Alam, Selangor",,5,,Apartment,,High,Bumi Lot,155000,Selangor,,227.94117647058823
3.0,2.0,700,"Security, Playground",Apartmen Impian (Damansara Damai),,Freehold,"Jalan PJU 10/1F, Damansara Damai, Damansara Damai, Selangor",,5,750,Apartment,1,Medium,Bumi Lot,195000,Selangor,2,278.57142857142856
4.0,3.0,1300,"Parking, Security, Lift, Swimming Pool, Playground, Gymnasium, Sauna, Barbeque area, Minimart, Multipurpose hall, Club house, Jogging Track, Tennis Court, Squash Court",Negeri Sembilan » Nilai,,Freehold,"Negeri Sembilan » Nilai, Negeri Sembilan, Nilai",,,,Condominium,2,High,Bumi Lot,290000,Nilai,14,223.07692307692307
3.0,2.0,825,"Gymnasium, Security, Playground, Swimming Pool, Multipurpose hall, Lift",Lagoon Perdana,Wonderful Insights Sdn Bhd,Leasehold,"Jalan PJS 9/1, Bandar Sunway, Petaling Jaya, Selangor",2021.0,,359,Apartment,1,,Non Bumi Lot,170000,Selangor,6,206.06060606060606
3.0,2.0,786,"Parking, Security, Minimart",Goodyear Court 5,Bina Goodyear Group,Freehold,"Off Persiaran Kewajipan, USJ 8, Subang Jaya, Selangor",,,,Apartment,,,Non Bumi Lot,245000,Selangor,3,311.70483460559797
3.0,2.0,803,"Jogging Track, Swimming Pool, Security, Playground, Multipurpose hall, Gymnasium",Perdana Park,Low Yat Group,Leasehold,"Pinggiran Lembah Hijau 7, Bandar Tasik Puteri, Rawang, Selangor",2021.0,,203,Apartment,1,,Non Bumi Lot,185000,Selangor,6,230.3860523038605
3.0,2.0,750,"Minimart, Security, Parking, Playground",Apartment Tuaran Impian,Syarikat Perumahan Negara Berhad,Leasehold,"Jalan Tuaran Impian, Tuaran, Tuaran, Sabah",,,,Apartment,,Medium,Non Bumi Lot,133650,Sabah,4,178.2
3.0,2.0,1197,"Parking, Security, Playground, Gymnasium, Swimming Pool, Jogging Track, Barbeque area","East Bay (Seri Bayan), Masai",,Freehold,"Jalan Bayan 11, Taman Perindustrian Kota Puteri, 81750 Masai, Johor, Masai, Johor",,,300,Apartment,,Medium,Non Bumi Lot,350000,Johor,7,292.39766081871346
3.0,2.0,1528,"Parking, Security, Gymnasium, Swimming Pool, Club house, Playground, Barbeque area, Jogging Track",Serene Heights (Miri),,Leasehold,"Jalan Riam, Miri, Sarawak",,,,Condominium,,Medium,Non Bumi Lot,728888,Sarawak,8,477.020942408377
3.0,2.0,1050,"Lift, Barbeque area, Sauna, Minimart, Tennis Court, Swimming Pool, Squash Court, Playground, Gymnasium, Parking, Security",Cyberia Crescent 2,Paramoden (MK Land),Freehold,"Jalan Fauna 1, OFF Persiaran Ceria, Cyberjaya, Selangor",2007.0,10,102,Condominium,1,,Non Bumi Lot,240000,Selangor,11,228.57142857142858
3.0,2.0,1079,"Gymnasium, Parking, Playground, Barbeque area, Security, Swimming Pool, Club house, Minimart, Tennis Court",Cyberia SmartHomes,Paramoden (MK Land),Freehold,"Persiaran Multimedia, Cyberjaya, Selangor",2002.0,,1188,Condominium,1,,Non Bumi Lot,220000,Selangor,9,203.89249304911957
1.0,1.0,452,"Multipurpose hall, Playground, Gymnasium, Security, Swimming Pool, Barbeque area, Parking, Lift",Galleria Equine Park,Global Oriental Berhad,Leasehold,"Off Persiaran Equine Perdana, Equine Park, Seri Kembangan, Selangor",2016.0,18,504,Service Residence,,Medium,Non Bumi Lot,252000,Selangor,8,557.5221238938053
3.0,2.0,850,"Parking, Security, Lift, Playground",Residensi Laguna Biru 2,,Leasehold,"Jalan Tasik Biru 2, Rawang, Selangor",,,,Apartment,1,Low,Bumi Lot,275000,Selangor,4,323.52941176470586
3.0,2.0,932,"Parking, Minimart, Gymnasium, Security, Playground, Tennis Court, Swimming Pool",Puri Aiyu,Crosshill Sdn Bhd,Freehold,"No. 50, Jalan Jubli Perak 22/1, Section 22, Shah Alam, Selangor",2006.0,15,464,Apartment,1,Medium,Non Bumi Lot,350000,Selangor,7,375.53648068669526
3.0,2.0,1098,"Jogging Track, Multipurpose hall, Swimming Pool, Gymnasium, Sauna, Playground, Barbeque area",Semarak & Penaga Condominium,Impiana Land & Development Sdn Bhd,Leasehold,"Jalan Raintree Utama, Taman Raintree, Batu Caves, Selangor",,,684,Condominium,1,Medium,Non Bumi Lot,359999,Selangor,7,327.867941712204
3.0,2.0,1062,"Parking, Security, Lift, Swimming Pool, Playground, Gymnasium, Minimart, Multipurpose hall",Pangsapuri Melur (Sentul),Kejuruteraan Bintai Kindenko Sdn Bhd (89776-P),Leasehold,"Jalan 2/48A, Sentul Perdana, Bandar Baru Sentul, Sentul, Kuala Lumpur",2006.0,21,800,Apartment,1,Medium,Non Bumi Lot,339999,Kuala Lumpur,8,320.1497175141243
3.0,2.0,915,"Parking, Playground, Minimart",Taman Impian Indah Apartment (Balakong),,Freehold,"Jalan Impian Indah 2, Taman Impian Indah, Balakong, Selangor",,5,,Apartment,1,Low,Non Bumi Lot,330000,Selangor,3,360.655737704918
2.0,2.0,806,,MJC Courtyard Sanctuary,,Leasehold,"Jalan Bandar Batu Kawa, Kuching, Sarawak",,,,Apartment,,,Non Bumi Lot,339000,Sarawak,,420.5955334987593
3.0,3.0,1045,"Parking, Security, Lift, Swimming Pool, Playground, Minimart, Multipurpose hall, Club house",Rumah Selangorku Bangi,,Freehold,"Jalan Bangi Avenue, Selangor, Bangi",,,,Condominium,2,High,Non Bumi Lot,262000,Bangi,8,250.7177033492823
3.0,2.0,770,"Playground, Parking, Security, Swimming Pool",Bandar Baru Permas Jaya,,Freehold,"Jln Permas 7, Bandar Baru Permas Jaya, Permas Jaya, Johor",,,,Flat,,High,Non Bumi Lot,190000,Johor,4,246.75324675324674
4.0,2.0,1139,"Barbeque area, Parking, Security, Playground, Swimming Pool, Gymnasium",KiPark Selayang,KIP Group,Freehold,"Persiaran 3, Bandar Baru Selayang, Selayang, Selangor",2008.0,12,196,Condominium,1,,Non Bumi Lot,390000,Selangor,6,342.4056189640035
3.0,2.0,700,"Parking, Playground, Minimart",Taman Bukit Jambul,,Leasehold,"Jalan Bukit Gambier, Kampung Seberang Paya,, Bayan Lepas, Penang",1985.0,17,1296,Apartment,1,Medium,Non Bumi Lot,198000,Penang,3,282.85714285714283
4.0,2.0,1550,"Jogging Track, Playground, Security, Parking, Minimart, Swimming Pool, Gymnasium",Platinum Hill PV 8,Platinum Victory Development Sdn Bhd,Freehold,"Melati Utama 3, Melati Utama, Setapak, Kuala Lumpur",2010.0,,600,Condominium,2,High,Bumi Lot,635000,Kuala Lumpur,7,409.6774193548387
3.0,2.0,650,"Security, Playground, Minimart, Parking",Seri Nilam (Ampang),Sri Tunas Sdn Bhd,Freehold,"Jalan Wawasan Ampang, Ampang, Kuala Lumpur",,14,90,Apartment,,High,Bumi Lot,180000,Kuala Lumpur,4,276.9230769230769
3.0,1.0,679,Minimart,Taman Orkid Shop Apartment Batu 9 Cheras,,Freehold,"Taman Orkid, Cheras, Selangor",,,,Apartment,,Medium,Non Bumi Lot,180000,Selangor,1,265.0957290132548
3.0,2.0,1200,"Parking, Security, Lift, Swimming Pool, Playground, Gymnasium, Sauna, Barbeque area, Minimart, Multipurpose hall, Club house, Jogging Track, Tennis Court, Squash Court","Kepong Freehold, Ready Move In, Furnished, 0%Downpayment",,Leasehold,"Kepong Baru, Kuala Lumpur, Kepong",,,,Condominium,2,Low,Non Bumi Lot,430000,Kepong,14,358.3333333333333
3.0,2.0,950,"Swimming Pool, Jogging Track, Parking, Lift, Security, Playground, Minimart",Symphony Heights (Simfoni Heights),Daya Niaga,Leasehold,"Jalan Medan Selayang 2, Kawasan Industri Batu Cave, Batu Caves, Selangor",2011.0,29,1709,Condominium,1,Medium,Non Bumi Lot,310000,Selangor,7,326.3157894736842
3.0,4.0,2044,"Gymnasium, Security",Jade Residence,,Leasehold,"Jalan Bantayan, Kota Kinabalu, Sabah",2014.0,,135,Condominium,2,Low,Non Bumi Lot,1250000,Sabah,2,611.545988258317
2.0,1.0,712,"Security, Parking, Playground, Swimming Pool",Bandar Sierra Apartment,,Leasehold,"Bandar Sierra Boulevard 2, Tuaran, Sabah",,,,Apartment,,Medium,Non Bumi Lot,250000,Sabah,4,351.12359550561797
3.0,2.0,700,"Parking, Lift, Security, Playground, Multipurpose hall","Taman Lip Sin Block 1, 3 & 5",,Freehold,"Lengkok Nipah 3, Bayan Lepas, Penang",,,,Apartment,1,,Non Bumi Lot,368000,Penang,5,525.7142857142857
3.0,2.0,902,"Parking, Security, Playground",Sri Kepayan Apartment,,Leasehold,"Kota Kinabalu, Kota Kinabalu, Sabah",,4,,Apartment,,High,Non Bumi Lot,360000,Sabah,3,399.1130820399113
3.0,2.0,700,"Parking, Security, Multipurpose hall, Lift","Taman Lip Sin Block 1, 3 & 5",,Freehold,"Lengkok Nipah 3, Bayan Lepas, Penang",,,,Apartment,1,,Non Bumi Lot,328000,Penang,4,468.57142857142856
4.0,2.0,1206,"Gymnasium, Multipurpose hall, Swimming Pool, Sauna, Playground, Parking, Lift, Security, Minimart",Semarak & Penaga Condominium,Impiana Land & Development Sdn Bhd,Leasehold,"Jalan Raintree Utama, Taman Raintree, Batu Caves, Selangor",,,684,Condominium,2,Medium,Non Bumi Lot,379999,Selangor,9,315.0903814262023
3.0,2.0,863,"Parking, Security, Playground",Residensi Warnasari 2,,Leasehold,"Jalan Warnasari 13/1, Puncak Alam, Selangor",,,,Apartment,,Medium,Bumi Lot,270000,Selangor,3,312.86210892236386
4.0,3.0,1646,"Gymnasium, Multipurpose hall, Security, Barbeque area, Sauna, Swimming Pool, Playground",Grace Residence,Nova Mulia Development Sdn Bhd,Freehold,"Jalan Jelutong, Off Tun Dr. Lim Chong Eu Hwy, Jelutong, Penang",2018.0,44,378,Condominium,2,High,Non Bumi Lot,1150000,Penang,7,698.6634264884568
3.0,2.0,820,"Jogging Track, Security, Minimart, Barbeque area, Playground, Parking",Pangsapuri Waja,,Freehold,"Jalan Tun Perak 5, Cheras, Selangor",,5,480,Apartment,,Low,Non Bumi Lot,225000,Selangor,6,274.390243902439
5.0,2.0,1164,"Parking, Minimart, Playground, Jogging Track, Security, Swimming Pool",Melawis Apartment,,Freehold,"Jalan Pendidikan 1, Skudai, Johor",,5,,Apartment,,Medium,Non Bumi Lot,295000,Johor,6,253.43642611683848
3.0,2.0,1033,"Gymnasium, Barbeque area, Jogging Track, Parking, Playground, Security, Multipurpose hall",86 Avenue Residence,Yuan Seng Building Trading,Freehold,"Lengkok Perak Off Lorong Perak, Georgetown, Penang",2014.0,18,96,Condominium,2,Medium,Non Bumi Lot,680000,Penang,7,658.2768635043562
3.0,2.0,712,"Minimart, Parking, Swimming Pool, Security, Playground, Jogging Track",Suria Kinrara,IJM LAND BERHAD,Leasehold,"Persiaran Kinrara, Bandar Kinrara, Bandar Kinrara, Selangor",2010.0,,,Service Residence,,,Non Bumi Lot,160000,Selangor,6,224.7191011235955
3.0,2.0,800,"Parking, Security, Lift",Pangsapuri Mayang (Puncak Jalil),,Leasehold,"Jalan Puncak Jalil 8, Bandar Putra Permai, Seri Kembangan, Selangor",,10,,Apartment,1,,Non Bumi Lot,190000,Selangor,3,237.5
3.0,2.0,900,,Flat Bukit Indah,,Freehold,"Jalan Indah 23/1, Iskandar Puteri, Johor",,,,Flat,,Low,Non Bumi Lot,190000,Johor,,211.11111111111111
3.0,2.0,850,"Parking, Security, Lift",Villamas (Klang),Villamas Sdn Bhd,Freehold,"Jalan Muhibbah KU3, Klang, Selangor",,,,Apartment,1,,Non Bumi Lot,170000,Selangor,3,200.0
3.0,2.0,928,"Parking, Security, Lift",Persanda 3 Apartment,HR United,Leasehold,"No. 1 Jalan Boling Padang 13/64, Seksyen 13, Shah Alam, Selangor",,,,Apartment,2,,Non Bumi Lot,300000,Selangor,3,323.2758620689655
3.0,1.0,705,"Parking, Security",Flat PKNS Seksyen 8,,Leasehold,"Jalan Liku 8/1, Seksyen 8, 40000 Shah Alam, Shah Alam, Selangor",,,,Flat,,,Bumi Lot,270000,Selangor,2,382.97872340425533
3.0,2.0,1399,,Green Heights Villa,,Leasehold,"Green Heights, Sarawak, Kuching",,,,Apartment,,Medium,Non Bumi Lot,480000,Kuching,,343.10221586847746
4.0,4.0,1986,"Minimart, Playground, Security, Swimming Pool, Gymnasium, Parking",The Bay Residences,,Leasehold,"Jalan Tuaran, Likas, Sabah",,,82,Condominium,,Low,Non Bumi Lot,1500000,Sabah,6,755.2870090634441
3.0,2.0,915,,skudai apartment,,Freehold,"111111, Johor, Skudai",,,,Apartment,2,Medium,Non Bumi Lot,456000,Skudai,,498.3606557377049
3.0,2.0,932,"Parking, Security, Minimart, Swimming Pool",Pelangi Damansara,MKH Berhad,Leasehold,"Persiaran Surian, Mutiara Damansara, Kota Damansara, Selangor",2003.0,17,2240,Condominium,1,Medium,Non Bumi Lot,399000,Selangor,4,428.11158798283265
4.0,2.0,1228,"Gymnasium, Parking, Swimming Pool, Playground, Lift, Sauna, Barbeque area, Minimart, Multipurpose hall, Jogging Track, Security",The Zizz,Jaya Megah Building & Engineering,Leasehold,"Jalan PJU 10/1A, Damansara Damai, Selangor",2019.0,26,618,Service Residence,2,,Non Bumi Lot,550000,Selangor,11,447.88273615635177
4.0,2.0,1062,"Security, Swimming Pool, Minimart, Playground, Lift, Tennis Court, Multipurpose hall, Parking",Casa Subang,Casa Andaman Sdn Bhd,Freehold,"Jalan Subang 1, Subang Light Industrial Park, Subang Jaya, Selangor",2005.0,25,588,Service Residence,,,Non Bumi Lot,369999,Selangor,8,348.39830508474574
3.0,2.0,995,"Jogging Track, Barbeque area, Sauna, Club house, Gymnasium, Squash Court, Minimart, Tennis Court",Impian Meridian,OSK Property Holdings Berhad,Freehold,"Jalan Subang 1, USJ 1, Subang Jaya, Selangor",2009.0,,521,Condominium,,,Non Bumi Lot,420000,Selangor,8,422.1105527638191
3.0,2.0,811,"Minimart, Parking, Security, Barbeque area, Playground",SD Apartments,Land & General Berhad,Freehold,"Persiaran Meranti, PJU 9, Bandar Sri Damansara, Selangor",1996.0,4,368,Apartment,,,Non Bumi Lot,239999,Selangor,5,295.9297163995068
3.0,2.0,771,,Mentari Court,Mentari Group,Leasehold,"Jalan PJS8/9, Petaling Jaya, Selangor",2006.0,18,200,Apartment,,,Non Bumi Lot,250000,Selangor,,324.25421530479895
3.0,2.0,895,"Multipurpose hall, Security, Playground",Green Villa Apartment,B&G Property,Freehold,"Jalan Bistari, Taman Universiti, Kajang, Selangor",,5,240,Apartment,1,Low,Non Bumi Lot,290000,Selangor,3,324.0223463687151
3.0,2.0,1200,"Playground, Parking, Barbeque area, Sauna, Club house, Security, Gymnasium, Squash Court",Aman Heights,Premier Consortium,Freehold,"Jalan Bersatu, Section 5, Taman Bukit Serdang, Seri Kembangan, Selangor",2008.0,27,798,Condominium,2,Medium,Bumi Lot,330000,Selangor,8,275.0
3.0,2.0,1185,"Parking, Security, Playground, Jogging Track",Embun Residence,,Freehold,"Jalan Puncak Saujana 4/1, Kajang, Selangor",,,,Apartment,2,Medium,Bumi Lot,300000,Selangor,4,253.16455696202533
3.0,2.0,721,"Parking, Minimart, Playground, Jogging Track","Mutiara Apartment, Old Klang Road",,Leasehold,"Taman Pasir Permata , Batu 5, Jalan Klang Lama, Old Klang Road, Kuala Lumpur",2008.0,15,,Apartment,1,,Bumi Lot,229999,Kuala Lumpur,4,319.0
3.0,2.0,1062,,Pangsapuri Melur (Sentul),Kejuruteraan Bintai Kindenko Sdn Bhd (89776-P),Leasehold,"Jalan 2/48A, Sentul Perdana, Bandar Baru Sentul, Sentul, Kuala Lumpur",2006.0,21,800,Apartment,,Medium,Non Bumi Lot,355000,Kuala Lumpur,,334.27495291902073
3.0,2.0,721,"Parking, Minimart, Playground, Jogging Track, Lift, Security","Mutiara Apartment, Old Klang Road",,Leasehold,"Taman Pasir Permata , Batu 5, Jalan Klang Lama, Old Klang Road, Kuala Lumpur",2008.0,15,,Apartment,1,Medium,Bumi Lot,229999,Kuala Lumpur,6,319.0
3.0,2.0,1144,"Parking, Jogging Track, Swimming Pool",Symphony Heights (Simfoni Heights),Daya Niaga,Leasehold,"Jalan Medan Selayang 2, Kawasan Industri Batu Cave, Batu Caves, Selangor",2011.0,29,1709,Condominium,1,Medium,Bumi Lot,329999,Selangor,3,288.4606643356643
3.0,2.0,1204,"Parking, Security, Lift, Swimming Pool, Playground",Jing Yuen,,Freehold,"Jalan Kasigui, Penampang, Sabah",,,,Condominium,1,Medium,Non Bumi Lot,480000,Sabah,5,398.67109634551497
3.0,2.0,700,"Parking, Swimming Pool, Barbeque area, Playground, Security, Tennis Court",Taman Seri Sari,,Freehold,"Hilir Paya Terubong 1, Relau, Penang",2001.0,18,492,Apartment,1,,Non Bumi Lot,273000,Penang,6,390.0
4.0,4.0,3200,"Playground, Swimming Pool, Parking, Security, Gymnasium",Greenlane Heights Block G,,Freehold,"Jalan Gangsa, Georgetown, Penang",1995.0,6,36,Condominium,3,,Non Bumi Lot,1100000,Penang,5,343.75
3.0,2.0,1237,"Security, Parking, Playground, Multipurpose hall, Minimart, Lift",Mahkota Residence Apartment,Cheras Hong Soon Development Sdn. Bhd.,Freehold,"Persiaran Mahkota Residence, Bandar Mahkota Cheras, Cheras, Selangor",,8,67,Apartment,2,Medium,Non Bumi Lot,365000,Selangor,6,295.0687146321746
3.0,2.0,1399,"Parking, Security, Minimart, Squash Court, Sauna, Playground, Swimming Pool",Green Heights Condominiums,,Leasehold,"Lorong Lapangan Terbang 2, Green Heights, Kuching, Sarawak",,,,Condominium,1,,Non Bumi Lot,480000,Sarawak,7,343.10221586847746
1.0,1.0,388,"Parking, Minimart, Security, Lift",Meridin Medini,Mah Sing Group Berhad,Leasehold,"Jalan Legoland Bandar Medini Iskandar Malaysia, Iskandar Puteri, Johor",2017.0,36,756,Condominium,1,Medium,Non Bumi Lot,238000,Johor,4,613.4020618556701
3.0,2.0,1036,"Barbeque area, Sauna, Swimming Pool, Gymnasium, Club house, Security, Multipurpose hall, Jogging Track, Playground",Setia Sky Ville,Kay Pride Sdn Bhd (S P Setia Bhd Group),Freehold,"Lorong Slim, Jelutong, Penang",2021.0,33,550,Condominium,2,,Non Bumi Lot,688000,Penang,9,664.0926640926641
3.0,2.0,1055,,Puncak Saujana,,Freehold,"Persiaran Puncak Saujana, Kajang, Selangor",,,,Apartment,,,Non Bumi Lot,269000,Selangor,,254.97630331753555
3.0,2.0,743,"Parking, Lift, Playground",Prima Apartments (Kota Warisan Sepang),,Freehold,"Persiaran Warisan, off Kota Warisan, Sepang, Selangor",,,,Apartment,1,Low,Non Bumi Lot,220000,Selangor,3,296.09690444145355
2.0,1.0,513,"Parking, Playground, Minimart, Jogging Track",pangsapuri merak kangkar pulai,,Freehold,"BLOCK A3-XX-16, JALAN PULAI HARMONI 1, PANGSAPURI MERAK, BANDAR BARU KANGKAR PULAI, 81110 KANGKAR PULAI JOHOR, Johor Bahru, Johor",,,,Flat,1,High,Non Bumi Lot,79900,Johor,4,155.7504873294347
2.0,2.0,880,"Parking, Swimming Pool, Lift",1 Borneo Tower A Service Apartments,,Leasehold,"B7-13A 1 Borneo Hypermall At Jalan Sulaman Highway, 88400 Kota Kinabalu, Kota Kinabalu, Sabah",,,,Condominium,,Medium,Bumi Lot,310000,Sabah,3,352.27272727272725
2.0,1.0,550,,University Apartments Fasa 2,,Freehold,"University Apartments Fasa 2, Kg Gudon, Jalan Sulaman, Sabah, Kota Kinabalu",,,,Apartment,,Medium,Bumi Lot,141750,Kota Kinabalu,,257.72727272727275
3.0,2.0,1539,"Lift, Security, Parking, Swimming Pool, Playground",Greenwich South Condominium,,Leasehold,"Lor Pearl Park 1, Sunny Hill Garden, Kuching, Sarawak",,,,Condominium,1,High,Non Bumi Lot,680000,Sarawak,5,441.8453541260559
2.0,2.0,1056,,d'Ryx Residences,RJ Realty Sdn Bhd,Leasehold,"Sunny Hill Garden, Kuching, Sarawak",,,,Condominium,2,High,Non Bumi Lot,695000,Sarawak,,658.1439393939394
3.0,2.0,830,"Security, Playground, Parking, Minimart, Swimming Pool, Lift",Vista Impiana,LBS Bina Group Berhad,Leasehold,"Jalan Bukit Serdang 10/2, Taman Bukit Serdang, Seri Kembangan, Selangor",2004.0,21,,Condominium,2,,Non Bumi Lot,190000,Selangor,6,228.9156626506024
3.0,2.0,1400,"Parking, Security, Playground, Barbeque area, Gymnasium, Sauna, Jogging Track",Sri Awana Townhouse,,Freehold,"Jalan Silat Lincah, Bandar Selesa Jaya, Johor Bahru, Johor",,5,,Apartment,,Low,Non Bumi Lot,388000,Johor,7,277.14285714285717
3.0,2.0,1000,"Lift, Security, Parking, Swimming Pool, Playground, Gymnasium, Barbeque area, Multipurpose hall",ForestVille,Ideal Property Group,Freehold,"Lengkok Kelicap, Bayan Lepas, Penang",,,,Condominium,2,Low,Non Bumi Lot,530000,Penang,8,530.0
4.0,4.0,6000,"Parking, Security, Lift, Swimming Pool, Playground, Gymnasium, Sauna, Barbeque area, Minimart, Multipurpose hall, Club house, Jogging Track, Tennis Court, Squash Court",Scots Pavilion,,Freehold,"102-G, Jalan Scotland, Georgetown, Penang",,,,Condominium,3,High,Non Bumi Lot,3200000,Penang,14,533.3333333333334
3.0,2.0,1008,"Parking, Security, Lift, Swimming Pool, Playground, Gymnasium, Sauna, Barbeque area, Jogging Track, Multipurpose hall",Scots Pavilion,,Freehold,"102-G, Jalan Scotland, Georgetown, Penang",,,,Condominium,2,Medium,Non Bumi Lot,690000,Penang,10,684.5238095238095
4.0,2.0,833,"Security, Barbeque area, Minimart, Playground, Swimming Pool, Parking, Club house, Lift",Villa Krystal,Orando Holdings Sdn Bhd,Freehold,"Jalan Silat Lincah, Bandar Selesa Jaya, Johor Bahru, Johor",2017.0,20,,Apartment,,,Non Bumi Lot,238000,Johor,8,285.7142857142857
3.0,2.0,915,,Kesidang Apartment,,Freehold,"Jalan Kesidang 2/8, Melaka City, Melaka",,,,Apartment,,Low,Non Bumi Lot,245000,Melaka,,267.75956284153006
3.0,2.0,1493,"Parking, Security, Gymnasium, Swimming Pool, Squash Court, Barbeque area, Playground, Tennis Court, Lift, Sauna, Jogging Track, Club house, Multipurpose hall",Ferringhi Residence,Mah Sing Group Berhad,Freehold,"Off Jalan Batu Ferringhi, Batu Ferringhi, Penang",,,390,Condominium,2,,Non Bumi Lot,645000,Penang,13,432.0160750167448
3.0,2.0,650,"Minimart, Playground, Parking",Sri Indah,,Leasehold,"Persiaran Lestari Perdana, Seri Kembangan, Selangor",,5,720,Flat,,,Non Bumi Lot,90000,Selangor,3,138.46153846153845
3.0,2.0,1055,"Parking, Security, Lift, Swimming Pool, Playground, Gymnasium, Sauna, Barbeque area, Minimart, Multipurpose hall, Club house, Jogging Track, Tennis Court, Squash Court",Puncak Saujana,,Freehold,"Persiaran Puncak Saujana, Kajang, Selangor",,,,Apartment,1,,Non Bumi Lot,270000,Selangor,14,255.92417061611374
3.0,2.0,1023,"Parking, Security, Lift, Swimming Pool, Playground, Gymnasium, Sauna, Barbeque area, Minimart, Multipurpose hall, Club house, Jogging Track, Tennis Court, Squash Court",Residensi Zamrud,Cheras Hong Soon Development Sdn. Bhd.,Freehold,"Jalan Zamrud Utama, Kajang 2, Kajang, Selangor",2019.0,,1200,Condominium,2,,Non Bumi Lot,300000,Selangor,14,293.2551319648094
3.0,1.0,650,,Putra Permai Block D,,Leasehold,"Jalan Putra Permai 3, Seri Kembangan, Selangor",,,,Apartment,,,Non Bumi Lot,138000,Selangor,,212.30769230769232
3.0,2.0,795,"Parking, Security, Swimming Pool, Playground, Multipurpose hall",Millennium Residency,,Freehold,"Jalan Bantayan Minintod, Kota Kinabalu, Sabah",,,,Apartment,1,Low,Bumi Lot,280000,Sabah,5,352.2012578616352
3.0,2.0,800,"Jogging Track, Swimming Pool, Security, Barbeque area, Gymnasium, Multipurpose hall, Playground, Parking, Lift",Relau Vista,Alor Vista Sdn Bhd,Freehold,"Lebuh Relau 6, Bayan Lepas, Penang",2008.0,29,,Condominium,1,Low,Non Bumi Lot,320000,Penang,9,400.0
3.0,2.0,860,"Playground, Parking, Security, Gymnasium, Minimart, Swimming Pool, Sauna, Lift, Multipurpose hall",Residensi Permai,Top Home Builder Development,Freehold,"Jalan HP3, Bandar Teknologi Kajang, Semenyih, Selangor",2020.0,17,299,Condominium,2,Low,Non Bumi Lot,320000,Selangor,9,372.09302325581393
3.0,2.0,1010,"Swimming Pool, Gymnasium, Parking, Security",Summer Place,Jelutong Development Sdn. Bhd. (IJM Land),Leasehold,"Lebuh Sungai Pinang 8, Jelutong, Georgetown, Penang",2011.0,22,531,Condominium,2,,Non Bumi Lot,680000,Penang,4,673.2673267326733
3.0,2.0,890,"Parking, Swimming Pool, Security, Playground, Lift, Minimart, Multipurpose hall",Serdang Villa Apartment,,Leasehold,"Jalan Kasturi, Taman Bukit Serdang, Seri Kembangan, Selangor",,,,Apartment,1,Medium,Non Bumi Lot,248000,Selangor,7,278.65168539325845
3.0,2.0,1050,"Parking, Security, Lift, Swimming Pool, Playground, Gymnasium, Minimart, Multipurpose hall",Bayu Pandan,,Leasehold,"Jalan Pandan 4, Selangor, Ampang",,,,Condominium,2,Medium,Non Bumi Lot,418000,Ampang,8,398.0952380952381
3.0,2.0,1050,"Security, Gymnasium, Multipurpose hall, Club house, Parking, Playground, Swimming Pool, Lift, Minimart",Bayu @ Pandan Jaya,Melati Ehsan Group,Leasehold,"Persiaran Pandan 3, Pandan Jaya, Kuala Lumpur",2015.0,12,280,Condominium,2,Medium,Non Bumi Lot,418000,Kuala Lumpur,9,398.0952380952381
3.0,2.0,860,"Lift, Parking, Security, Swimming Pool, Playground, Minimart, Multipurpose hall, Jogging Track",Permai Ria (Jalan Ipoh),Ribar Permai Development Sdn Bhd,Leasehold,"Jalan 1/18D,, Jalan Ipoh, Kuala Lumpur",1998.0,9,378,Condominium,1,Medium,Non Bumi Lot,258000,Kuala Lumpur,8,300.0
4.0,2.0,1184,"Parking, Gymnasium, Tennis Court, Security, Squash Court, Sauna, Lift, Minimart, Playground, Swimming Pool",Platinum Splendor Residensi Semarak,Platinum Victory Development Sdn Bhd,Leasehold,"Jalan Semarak, Kampung Padang Tembak, Bukit Keramat, Keramat, Kuala Lumpur",2020.0,32,2000,Condominium,2,Medium,Bumi Lot,500000,Kuala Lumpur,10,422.2972972972973
3.0,3.0,1200,"Gymnasium, Barbeque area, Multipurpose hall",Vista Sentul Pasar,,Freehold,"Jalan Sentul Pasar, Kuala Lumpur, Sentul",,,,Condominium,3,Low,Non Bumi Lot,528000,Sentul,3,440.0
3.0,2.0,931,"Swimming Pool, Minimart, Gymnasium, Security, Multipurpose hall",Residensi Laguna (Belvedere Service Apt),IJM LAND BERHAD,Leasehold,"Jalan PJS 9/1, Bandar Sunway, Selangor",2007.0,500,516,Service Residence,1,Medium,Bumi Lot,306000,Selangor,5,328.67883995703545
3.0,2.0,950,"Swimming Pool, Jogging Track, Parking",Symphony Heights (Simfoni Heights),Daya Niaga,Leasehold,"Jalan Medan Selayang 2, Kawasan Industri Batu Cave, Batu Caves, Selangor",2011.0,29,1709,Condominium,1,Medium,Non Bumi Lot,299999,Selangor,3,315.7884210526316
3.0,2.0,926,"Gymnasium, Multipurpose hall, Swimming Pool, Sauna, Playground, Parking, Security, Lift, Minimart",Semarak & Penaga Condominium,Impiana Land & Development Sdn Bhd,Leasehold,"Jalan Raintree Utama, Taman Raintree, Batu Caves, Selangor",,,684,Condominium,1,,Non Bumi Lot,299999,Selangor,9,323.9730021598272
3.0,2.0,1098,"Gymnasium, Barbeque area, Jogging Track, Multipurpose hall, Swimming Pool, Sauna, Playground",Semarak & Penaga Condominium,Impiana Land & Development Sdn Bhd,Leasehold,"Jalan Raintree Utama, Taman Raintree, Batu Caves, Selangor",,,684,Condominium,1,Medium,Non Bumi Lot,359999,Selangor,7,327.867941712204
4.0,2.0,1206,"Gymnasium, Multipurpose hall, Swimming Pool, Sauna, Playground, Parking, Lift, Security, Minimart",Semarak & Penaga Condominium,Impiana Land & Development Sdn Bhd,Leasehold,"Jalan Raintree Utama, Taman Raintree, Batu Caves, Selangor",,,684,Condominium,2,Medium,Non Bumi Lot,375000,Selangor,9,310.9452736318408
1.0,1.0,689,"Lift, Swimming Pool, Multipurpose hall, Security, Playground, Sauna, Parking, Gymnasium, Barbeque area",Atlantis Residences,Telandan Setia Sdn Bhd,Leasehold,"Jalan Kota Laksamana Off Jalan Syed Abdul Aziz, Melaka Tengah, Melaka",2017.0,40,1360,Service Residence,,,Non Bumi Lot,320000,Melaka,9,464.4412191582003
3.0,2.0,730,,"Orchis Apartment, Bandar Parklands",WCT Holding Berhad,Freehold,"Jalan Delima 4, Bandar Parklands,, Klang, Selangor",2017.0,5,400,Apartment,1,Low,Non Bumi Lot,330000,Selangor,,452.05479452054794
3.0,2.0,918,"Club house, Parking, Playground, Security, Swimming Pool, Gymnasium, Barbeque area, Sauna, Minimart, Lift, Multipurpose hall",Danau Impian,Faber Development Holdings,Leasehold,"Taman Danau Desa, Taman Desa, Kuala Lumpur",1997.0,15,450,Condominium,1,Medium,Non Bumi Lot,305000,Kuala Lumpur,11,332.24400871459693
2.0,1.0,549,,Flat PKNS Seksyen 20,,Leasehold,"Seksyen 20, Shah Alam, Selangor",,,,Apartment,,Low,Non Bumi Lot,140000,Selangor,,255.00910746812386
3.0,2.0,900,"Security, Parking",Sri Putra Apartment,,Freehold,"Jalan Meranti 7, Kulai, Johor",,,,Apartment,2,Low,Non Bumi Lot,200000,Johor,2,222.22222222222223
2.0,2.0,828,Lift,LAVENDAR SERVICE APARTMENT,,Freehold,"LAVENDAR C ,JALAN SRI PUTRI 8/2, Johor, Kulai",,,,Apartment,,Medium,Non Bumi Lot,158000,Kulai,1,190.82125603864733
2.0,1.0,455,,Country Heights Apartment Fasa 3,,Freehold,"Blok 3M, Country Heights Apartment Fasa 3, Sabah, Penampang",,,,Apartment,,Medium,Bumi Lot,144000,Penampang,,316.4835164835165
1.0,1.0,689,"Swimming Pool, Gymnasium, Parking, Barbeque area, Sauna, Lift, Security, Playground, Multipurpose hall",Atlantis Residences,Telandan Setia Sdn Bhd,Leasehold,"Jalan Kota Laksamana Off Jalan Syed Abdul Aziz, Melaka Tengah, Melaka",2017.0,40,1360,Service Residence,,,Non Bumi Lot,290000,Melaka,9,420.899854862119
2.0,2.0,1033,"Tennis Court, Playground, Swimming Pool, Squash Court, Security, Sauna",Ocean Palms (Permata Idaman),,Freehold,"Jalan Klebang Besar, Tanjong Kling, Klebang, Melaka",,,,Condominium,,,Non Bumi Lot,308000,Melaka,6,298.1606969990319
3.0,1.0,615,"Parking, Lift, Playground, Multipurpose hall",Pangsapuri Sri Shamelin,,Leasehold,"Jalan 3/91, Taman Shamelin Perkasa, Cheras, Kuala Lumpur",,12,,Apartment,,Medium,Bumi Lot,210000,Kuala Lumpur,4,341.4634146341463
3.0,2.0,1088,"Sauna, Playground, Swimming Pool, Gymnasium",Parkland Residence @ Sungai Melaka,Parkland Group,Freehold,"Jalan Tun Perak, Bukit Baru, Melaka",2020.0,,809,Service Residence,,,Non Bumi Lot,448000,Melaka,4,411.7647058823529
3.0,2.0,680,"Parking, Minimart, Playground",Enggang Apartment,,Freehold,"Jalan Kinrara 6F, Bandar Kinrara, Puchong, Selangor",,10,,Apartment,1,,Non Bumi Lot,165000,Selangor,3,242.64705882352942
3.0,2.0,850,"Security, Playground, Parking",Mewah Court (Jelutong),,Leasehold,"Jalan Hijau 5,, Jelutong, Penang",1992.0,20,632,Apartment,1,Medium,Non Bumi Lot,310000,Penang,3,364.70588235294116
3.0,2.0,1213,"Parking, Swimming Pool, Barbeque area, Sauna, Tennis Court, Jogging Track, Club house, Security, Gymnasium, Lift, Multipurpose hall, Playground",Horizon Residence Luxury Apartment,Mahabuilders Berhad,Freehold,"Lebuhraya Bukit Indah, Bukit Indah, Johor Bahru, Johor",2014.0,26,440,Apartment,1,,Non Bumi Lot,485000,Johor,12,399.8351195383347
3.0,2.0,750,,Sri Lanang,,Freehold,"Jalan Harmonium, Tebrau, Johor",,,,Flat,,Low,Non Bumi Lot,145000,Johor,,193.33333333333334
3.0,2.0,1226,"Parking, Minimart, Gymnasium, Squash Court, Security, Playground, Swimming Pool, Sauna",Mont Residence @ Penang,Visentak Capital Sdn Bhd,Freehold,"Off Mount Erskine, Tanjong Tokong, Penang",2018.0,38,473,Condominium,2,High,Non Bumi Lot,790000,Penang,8,644.3719412724307
3.0,2.0,877,"Parking, Security, Lift, Swimming Pool, Playground, Gymnasium, Sauna, Barbeque area, Minimart, Multipurpose hall, Club house, Jogging Track, Tennis Court, Squash Court",Sentul Utama Condominium,Melati Ehsan Group,Leasehold,"Jalan Dato Senu 26, Taman Sentul Utama, Sentul, Kuala Lumpur",2009.0,13,,Condominium,1,,Non Bumi Lot,280000,Kuala Lumpur,14,319.27023945267956
3.0,2.0,850,"Security, Swimming Pool, Multipurpose hall, Parking, Lift",Alam Prima,Syarikat Perumahan Negara Berhad,Freehold,"No. 6 Jalan Budiman 22/3, Seksyen 22,, Shah Alam, Selangor",2010.0,435,435,Apartment,1,,Non Bumi Lot,295000,Selangor,5,347.05882352941177
3.0,2.0,850,"Parking, Security, Lift, Playground",Residensi Laguna Biru 2,,Leasehold,"Jalan Tasik Biru 2, Rawang, Selangor",,,,Apartment,1,,Non Bumi Lot,230000,Selangor,4,270.5882352941176
3.0,1.0,560,Lift,Pinang Emas Flat,,Freehold,"Jalan Sungai Satu, Batu Ferringhi, Penang",2005.0,20,,Flat,,High,Non Bumi Lot,120000,Penang,1,214.28571428571428
3.0,2.0,743,"Parking, Lift, Security, Minimart",Pangsapuri Rimba 2,KEN Khidmat Tulin Sdn Bhd,Freehold,"Jalan Lengkuas 16/19, Seksyen 16, Shah Alam, Selangor",,,306,Apartment,,High,Bumi Lot,210000,Selangor,4,282.6379542395693
3.0,1.0,657,"Playground, Lift, Minimart, Multipurpose hall, Security, Parking",Bandar Tasik Selatan (Low Cost),,Leasehold,"Jalan Tasik Selatan 15, Cheras, Kuala Lumpur",,,,Apartment,,High,Non Bumi Lot,180000,Kuala Lumpur,6,273.972602739726
3.0,2.0,936,"Playground, Security, Lift, Swimming Pool, Jogging Track",Elaeis 2,,Freehold,"Block D, Jalan Bait U8/1, Section U8, Shah Alam, Selangor",2002.0,10,,Condominium,1,,Non Bumi Lot,360000,Selangor,5,384.61538461538464
3.0,2.0,850,"Parking, Security, Swimming Pool, Playground",Pangsapuri Resak,,Leasehold,"U10/14, Persiaran Pulau Carey, Seksyen U10, Shah Alam, Selangor",,,,Apartment,1,Medium,Bumi Lot,185000,Selangor,4,217.64705882352942
3.0,2.0,122774,"Parking, Lift, Playground, Gymnasium, Sauna, Security",Seri Manis Condominium,,Leasehold,"Lorong Seri Manis, Taman Seri Manis, Kota Kinabalu, Sabah",,,,Condominium,2,High,Non Bumi Lot,688888,Sabah,6,5.611025135615033
3.0,1.0,650,,Taman Flora Heights,,Freehold,"Taman Flora Heights, Pasir Gudang, Johor",,,,Flat,,Low,Non Bumi Lot,130000,Johor,,200.0
3.0,2.0,650,,Flat Lake 64,,Freehold,"Jln Tasek 64, Bandar Baru Seri Alam, Masai, Johor",,,,Flat,,High,Non Bumi Lot,118000,Johor,,181.53846153846155
1.0,1.0,510,"Lift, Parking, Gymnasium, Minimart",Manhattan Suites @ ITCC,,Freehold,"Jalan Pintas Penampang, Penampang, Sabah",,,295,Service Residence,1,High,Non Bumi Lot,363000,Sabah,4,711.7647058823529
3.0,2.0,1065,"Parking, Security, Lift, Swimming Pool, Playground, Gymnasium, Multipurpose hall",Kingfisher @ Putatan,,Leasehold,"Jalan Ketiau Tombovo, Penampang, Sabah",,,,Condominium,2,,Non Bumi Lot,460000,Sabah,7,431.92488262910797
3.0,2.0,833,"Playground, Parking, Minimart, Security, Swimming Pool, Jogging Track, Lift, Multipurpose hall",Permai Puteri,Permai Syukur Sdn. Bhd.,Leasehold,"Jalan 13D, Taman Dato Ahmad Razali, Ampang, Selangor",2007.0,24,299,Apartment,1,Medium,Non Bumi Lot,255000,Selangor,8,306.1224489795918
3.0,2.0,800,Parking,Taman Perkasa (Hulu Langat),,Freehold,"Taman Perkasa, Hulu Langat, Selangor",,,,Apartment,1,High,Bumi Lot,185000,Selangor,1,231.25
2.0,2.0,765,"Parking, Security, Lift, Swimming Pool, Playground, Gymnasium",Meru Heights Residences @ Scientex Meru,Scientex Berhad,Freehold,"Jalan Meru Impian, Ipoh, Perak",2020.0,22,348,Condominium,1,,Non Bumi Lot,178000,Perak,6,232.6797385620915
3.0,2.0,1018,"Parking, Minimart, Swimming Pool, Playground, Jogging Track, Security",Pangsapuri Permai Putera,Permai Syukur Sdn. Bhd.,Leasehold,"Jalan 13D, Ampang, Selangor",2007.0,23,299,Apartment,1,Medium,Non Bumi Lot,288000,Selangor,6,282.9076620825147
3.0,2.0,880,"Parking, Security, Playground, Lift",Mutiara Court,,Leasehold,"Jalan Bukit Permai, Ampang, Selangor",,5,90,Apartment,1,Medium,Non Bumi Lot,188000,Selangor,4,213.63636363636363
3.0,2.0,1392,"Parking, Security, Lift",Chonglin Park,,Leasehold,"No. 107, Lot 14, Section 17, Chonglin Plaza, Kuching, Sarawak",,,,Flat,1,,Non Bumi Lot,280000,Sarawak,3,201.1494252873563
3.0,2.0,1151,"Parking, Security, Lift",Tebrau City Residences,Plenitude Permai Sdn Bhd,Freehold,"Jalan Persiaran Desa Tebrau, Taman Desa Tebrau, Johor Bahru, Johor",,,,Service Residence,1,Medium,Non Bumi Lot,400000,Johor,3,347.5238922675934
4.0,3.0,1570,"Parking, Security, Lift, Swimming Pool, Playground, Gymnasium, Multipurpose hall, Jogging Track, Barbeque area",Bennington Residences @ SkyArena,SkyWorld Development Sdn Bhd,Leasehold,"Lot. 17899, Jalan Ayer Jerneh, Taman Ayer Panas, Setapak, Kuala Lumpur",2019.0,40,580,Condominium,3,,Non Bumi Lot,680000,Kuala Lumpur,9,433.1210191082803
5.0,3.0,2088,"Parking, Security, Lift, Swimming Pool, Playground, Gymnasium, Barbeque area, Minimart, Multipurpose hall, Club house, Jogging Track, Tennis Court, Squash Court, Sauna",Lagenda Tasek Luxurious Suites,,Leasehold,"Jalan Tun Abdul Razak, Johor Bahru, Johor",,19,,Service Residence,2,High,Non Bumi Lot,578000,Johor,14,276.8199233716475
3.0,2.0,904,"Security, Parking",The Quartz Residence,Modern Diversified Sdn Bhd Member Of Webest Group,Freehold,"Jalan Siantan 2/6, Melaka City, Melaka",2021.0,36,310,Condominium,2,,Non Bumi Lot,438000,Melaka,2,484.5132743362832
2.0,1.0,570,"Minimart, Parking, Playground, Barbeque area, Jogging Track",Taman Daya - Jalan Nibong 14,,Freehold,"Jalan Nibong 14, Taman Daya, Tebrau, Johor",,,,Flat,1,Low,Non Bumi Lot,175000,Johor,5,307.0175438596491
1.0,1.0,715,"Minimart, Sauna, Multipurpose hall, Swimming Pool, Gymnasium, Parking, Playground, Lift, Barbeque area, Club house, Security, Jogging Track",The Senai Garden,KCC Development (M) Sdn Bhd,Freehold,"Jalan Impian Senai Utama, Taman Impian Senai, Senai, Johor",,,392,Apartment,1,Medium,Non Bumi Lot,295000,Johor,12,412.5874125874126
3.0,3.0,1206,,Impiana @ East Ledang,UEM Sunrise Berhad,Freehold,"Persiaran Puteri Ledang, Iskandar Puteri, Johor",2015.0,11,488,Condominium,1,Low,Non Bumi Lot,448000,Johor,,371.4759535655058
2.0,2.0,900,"Parking, Gymnasium, Security, Minimart, Swimming Pool, Sauna, Playground, Squash Court",Mont Residence @ Penang,Visentak Capital Sdn Bhd,Freehold,"Off Mount Erskine, Tanjong Tokong, Penang",2018.0,38,473,Condominium,2,Low,Non Bumi Lot,500000,Penang,8,555.5555555555555
3.0,2.0,1200,"Parking, Gymnasium, Security, Minimart, Swimming Pool, Sauna, Playground, Squash Court",Mont Residence @ Penang,Visentak Capital Sdn Bhd,Freehold,"Off Mount Erskine, Tanjong Tokong, Penang",2018.0,38,473,Condominium,2,Low,Non Bumi Lot,708000,Penang,8,590.0
3.0,2.0,750,"Parking, Security, Lift, Playground, Barbeque area, Jogging Track",Simfoni @ Eco Majestic,,Freehold,"Jalan Eco Majestic 3A/5, Semenyih, Selangor",,,,Apartment,1,Medium,Bumi Lot,250000,Selangor,6,333.3333333333333
3.0,2.0,996,"Parking, Security, Barbeque area, Sauna, Minimart, Gymnasium, Squash Court, Multipurpose hall, Playground, Swimming Pool, Lift, Jogging Track",Sfera Residency,YNH Property Berhad,Leasehold,"Jalan Putra Permai, Bandar Putra Permai, Seri Kembangan, Selangor",2018.0,46,519,Others,2,Medium,Non Bumi Lot,558000,Selangor,12,560.2409638554217
3.0,2.0,1073,"Parking, Security, Lift, Minimart, Gymnasium",Pangsapuri Damai,Ikram Ikhlas,Leasehold,"Jalan Tokoh 25/28, Shah Alam, Selangor",,,,Apartment,,High,Non Bumi Lot,550000,Selangor,5,512.5815470643057
3.0,2.0,860,,Taman Cheng Ria,,Leasehold,"Jalan Cheng Ria 1, Cheng, Melaka",,,,Flat,,,Non Bumi Lot,120000,Melaka,,139.53488372093022
3.0,2.0,850,"Security, Playground, Swimming Pool, Multipurpose hall",Apartment Darau Angkasa,Syarikat Perumahan Negara Berhad,Leasehold,"Darau, Menggatal, Kota Kinabalu, Kota Kinabalu, Sabah",,,,Apartment,1,Low,Non Bumi Lot,300000,Sabah,4,352.94117647058823
3.0,2.0,1288,"Parking, Security, Lift, Swimming Pool, Gymnasium, Barbeque area",Residensi Fantasi,,Leasehold,"Lorong Fantasi, Kota Kinabalu, Sabah",,,,Condominium,1,Low,Non Bumi Lot,880000,Sabah,6,683.2298136645962
3.0,2.0,882,"Parking, Security, Swimming Pool",Pangsapuri Bukit Beruang Permai,,Leasehold,"Jalan Bukit Beruang, Bukit Baru, Melaka",,,,Apartment,1,High,Non Bumi Lot,174000,Melaka,3,197.27891156462584
2.0,2.0,840,"Parking, Jogging Track, Playground, Swimming Pool, Barbeque area, Security, Sauna, Club house, Lift, Gymnasium, Minimart, Multipurpose hall",Emerald Hills,Guocoland Malaysia (Hong Leong Group),Freehold,"Jalan 6/154D, Off Persiaran Alam Damai,, Cheras, Kuala Lumpur",2025.0,35,1378,Condominium,2,Medium,Non Bumi Lot,485000,Kuala Lumpur,12,577.3809523809524
3.0,2.0,770,,Flat Bukit Indah,,Freehold,"Jalan Indah 23/1, Iskandar Puteri, Johor",,,,Flat,,Low,Non Bumi Lot,190000,Johor,,246.75324675324674
2.0,2.0,650,"Minimart, Playground, Gymnasium, Squash Court, Barbeque area, Sauna, Club house, Security, Jogging Track, Parking, Swimming Pool, Tennis Court, Multipurpose hall",Arc @ Austin Hills,Andaman Group,Freehold,"Jalan Sagu 36, Taman Daya, Johor Bahru, Johor",2019.0,35,1843,Service Residence,,High,Non Bumi Lot,308000,Johor,13,473.84615384615387
3.0,2.0,843,"Security, Lift, Parking, Swimming Pool, Playground, Multipurpose hall, Minimart, Barbeque area, Sauna, Gymnasium, Club house, Jogging Track, Tennis Court, Squash Court",Cameron Fair Serviced Suites @ Tanah Rata,,Leasehold,"Cameron Highlands, Cameron Highlands, Pahang",2016.0,,175,Service Residence,1,,Bumi Lot,341000,Pahang,14,404.5077105575326
3.0,2.0,1044,"Parking, Security, Gymnasium, Sauna, Jogging Track, Club house, Barbeque area, Lift, Swimming Pool, Minimart, Playground, Multipurpose hall","(0%DP+25K Cashback) Lowest Density KL Project + KLCC View, Ready 2024!",,Leasehold,"Setapak, Kuala Lumpur, Kuala Lumpur, Setapak",,,,Condominium,2,Medium,Non Bumi Lot,570000,Setapak,12,545.9770114942529
3.0,2.0,950,"Parking, Security, Lift, Swimming Pool, Multipurpose hall, Playground, Minimart, Barbeque area, Sauna, Gymnasium, Club house, Jogging Track","Final Clearance ! 950sf only 450k Cheapest Sentul Project, Ready 2024!",,Freehold,"Setapak, Kuala Lumpur, Kuala Lumpur, Setapak",,,,Condominium,2,Medium,Non Bumi Lot,450000,Setapak,12,473.6842105263158
1.0,1.0,383,,Cyber City Apartment Fasa 1,,Leasehold,"Cyber City Apartment Fasa 1, Jalan Lintas, Kg Sunduow Kepayan, Sabah, Penampang",,,,Apartment,,Medium,Bumi Lot,144000,Penampang,,375.9791122715405
3.0,2.0,775,"Parking, Security, Playground",Bahagia Residences @ Desa Bahagia,Naim Holdings Berhad,Leasehold,"Off Jalan Pujut 7, Bandar Baru Permyjaya, Miri, Sarawak",,4,,Apartment,1,Low,Non Bumi Lot,340000,Sarawak,3,438.7096774193548
3.0,2.0,818,"Security, Parking, Lift, Playground",Pangsapuri Kenanga (Anggerik Perdana),Getaris Sdn. Bhd.,Leasehold,"Jalan Anggerik Perdana 3, Taman Anggerik Perdana, Kajang, Selangor",,,,Apartment,1,High,Bumi Lot,240000,Selangor,4,293.39853300733495
2.0,1.0,540,"Parking, Security, Lift, Playground, Minimart",Taman Bukit Cheras,Titijaya Land Berhad,Freehold,"Selangor, Cheras South, Cheras, Selangor",,,,Apartment,1,Low,Non Bumi Lot,196000,Selangor,5,362.962962962963
3.0,3.0,2219,"Security, Gymnasium, Playground, Swimming Pool, Lift, Parking, Multipurpose hall",Tropicana Landmark,Tropicana Corporation Berhad,Leasehold,"Exit Jalan Duta, Taman Golf Garden, Kota Kinabalu, Sabah",2014.0,19,149,Condominium,3,,Non Bumi Lot,1213200,Sabah,7,546.7327625056332
3.0,2.0,1270,"Squash Court, Barbeque area, Security, Parking, Gymnasium, Sauna, Minimart, Lift, Playground",Sri Indah Kondominium,WMG Holdings Berhad,Leasehold,"Mile 4, Taman Indah Jaya, Sandakan, Sabah",2022.0,10,120,Condominium,2,,Non Bumi Lot,480760,Sabah,9,378.5511811023622
3.0,2.0,733,"Security, Playground, Parking, Swimming Pool, Gymnasium, Sauna, Lift, Minimart",Sentul Park Apartment,YTD Land and Development,Freehold,"Jalan 1/48G, Sentul, Kuala Lumpur",,8,480,Apartment,,Low,Non Bumi Lot,285000,Kuala Lumpur,8,388.8130968622101
3.0,2.0,850,"Security, Swimming Pool, Squash Court, Lift, Parking, Minimart, Sauna, Playground, Jogging Track, Gymnasium, Barbeque area","Selangorku PR1MA Lakefront Homes , Cyberjaya",,Freehold,"Persiaran Sepang, Cyber 11, Sepang, Selangor",,,,Apartment,2,Medium,Bumi Lot,380000,Selangor,11,447.05882352941177
3.0,2.0,1300,"Swimming Pool, Lift, Sauna, Parking, Minimart, Squash Court, Security",Centro View,,Freehold,"Off Lorong Segar Jaya 1, Bagan Lalang, Butterworth, Penang",,10,,Condominium,1,Medium,Non Bumi Lot,435000,Penang,7,334.61538461538464
3.0,2.0,1550,"Parking, Security, Lift, Swimming Pool, Playground, Gymnasium, Sauna, Barbeque area, Minimart, Multipurpose hall, Club house, Jogging Track, Tennis Court, Squash Court",Residence Bukit Jalil RBJ,,Leasehold,"RBJ 1, Kuala Lumpur, Bukit Jalil",,,,Condominium,3,Medium,Non Bumi Lot,618800,Bukit Jalil,14,399.2258064516129
4.0,2.0,1400,"Parking, Security, Lift, Swimming Pool, Playground, Gymnasium, Sauna, Barbeque area, Minimart, Multipurpose hall, Club house, Jogging Track, Tennis Court, Squash Court",Residensi Bukit Jalil,Perbadanan Perwira Harta Malaysia,Freehold,"Jalan Bukit Jalil Indah 1, Bukit Jalil, Kuala Lumpur",,12,90,Condominium,2,Low,Non Bumi Lot,604000,Kuala Lumpur,14,431.42857142857144
3.0,2.0,850,"Parking, Security, Swimming Pool, Playground, Lift",Putatan Platinum Apartment,Syarikat Perumahan Negara Berhad,Leasehold,"Jalan Putatan, Penampang, Sabah",,12,1012,Apartment,1,Medium,Non Bumi Lot,260000,Sabah,5,305.88235294117646
3.0,2.0,1530,"Multipurpose hall, Parking, Security, Lift, Sauna, Playground, Swimming Pool, Barbeque area",Residensi Bukit Jalil,Perbadanan Perwira Harta Malaysia,Freehold,"Jalan Bukit Jalil Indah 1, Bukit Jalil, Kuala Lumpur",,12,90,Condominium,,Low,Non Bumi Lot,628888,Kuala Lumpur,8,411.03790849673203
3.0,1.0,764,"Parking, Swimming Pool, Playground, Security, Minimart",Pandan Court,Hata Holdings Sdn Bhd,Leasehold,"Jalan Mewah 4, Taman Pandan Mewah, Ampang, Kuala Lumpur",2001.0,14,,Apartment,,Medium,Bumi Lot,160000,Kuala Lumpur,5,209.4240837696335
3.0,2.0,1130,"Swimming Pool, Gymnasium, Parking, Squash Court, Sauna, Security, Lift, Minimart, Playground",Triuni Residences @ The Sanctuary,Runnymede Group,Freehold,"28, Lorong Batu Uban 1, Taman Century, Gelugor, Penang",,,,Condominium,2,Medium,Non Bumi Lot,820000,Penang,9,725.6637168141593
3.0,2.0,700,Lift,Jalan Sentul,,Leasehold,"Jalan Sentul, Sentul, Kuala Lumpur",,,,Flat,,,Non Bumi Lot,195000,Kuala Lumpur,1,278.57142857142856
3.0,2.0,850,"Gymnasium, Jogging Track, Playground, Tennis Court, Security, Swimming Pool, Parking",Putatan Platinum Apartment,Syarikat Perumahan Negara Berhad,Freehold,"Jalan Putatan, Penampang, Sabah",,12,1012,Apartment,,Medium,Non Bumi Lot,252000,Sabah,7,296.47058823529414
3.0,2.0,720,Security,Astana Alam,,Leasehold,"Off Persiaran Puncak Alam 6, Bandar Puncak Alam, Puncak Alam, Selangor",,,,Apartment,,Medium,Bumi Lot,190000,Selangor,1,263.8888888888889
3.0,2.0,850,"Playground, Lift, Parking, Security",Laguna Biru 1,,Leasehold,"Jalan Tasik Biru 1, Taman Tasik Biru, 48050 Rawang, Rawang, Selangor",,,,Apartment,,Medium,Bumi Lot,185000,Selangor,4,217.64705882352942
3.0,2.0,951,"Parking, Jogging Track, Gymnasium, Playground, Security, Lift, Swimming Pool, Barbeque area, Multipurpose hall",,,Leasehold,,,,,Service Residence,2,Medium,Non Bumi Lot,598000,,9,628.8117770767614
2.0,1.0,550,"Parking, Security, Lift",Taman Lone Pine (Medium Low Cost),,Freehold,"Block 21-23, Lebuhraya Thean Teik, Paya Terubong, Penang",1995.0,17,224,Apartment,1,Low,Non Bumi Lot,210000,Penang,3,381.8181818181818
3.0,2.0,900,"Parking, Playground, Minimart, Security, Lift, Swimming Pool",Harmoni @ Eco Majestic,Eco World Development Group Berhad,Freehold,"Jalan Kesuma 1/19, Semenyih, Selangor",2019.0,,,Apartment,2,High,Non Bumi Lot,265000,Selangor,6,294.44444444444446
4.0,3.0,1239,,MiNest Residence,Mi Nest Development Sdn Bhd,Freehold,"Jalan Sinar Sentul, Sentul, Kuala Lumpur",2023.0,44,684,Service Residence,2,Medium,Non Bumi Lot,550000,Kuala Lumpur,,443.9063761097659
3.0,2.0,991,"Minimart, Parking, Gymnasium, Playground, Barbeque area, Security, Swimming Pool, Club house, Lift, Multipurpose hall, Jogging Track",Banjaria Court,Perbadanan Kemajuan Negeri Selangor (PKNS),Leasehold,"Jalan Samudera Timur 1, Taman Samudra, Batu Caves, Selangor",2010.0,,704,Condominium,1,High,Bumi Lot,390000,Selangor,11,393.54187689202826
3.0,1.0,615,"Security, Parking, Swimming Pool, Minimart",Pangsapuri Sri Shamelin,,Leasehold,"Jalan 3/91, Taman Shamelin Perkasa, Cheras, Kuala Lumpur",,12,,Apartment,1,Medium,Bumi Lot,210000,Kuala Lumpur,4,341.4634146341463
3.0,2.0,850,"Swimming Pool, Security, Parking, Minimart, Lift, Playground, Jogging Track",Pangsapuri Bukit Beruang Utama,,Freehold,"Jalan Bukit Beruang Utama, Batu Berendam, Melaka",,12,,Apartment,1,Medium,Non Bumi Lot,150000,Melaka,7,176.47058823529412
3.0,2.0,890,"Parking, Lift, Security, Swimming Pool, Playground, Multipurpose hall, Club house, Jogging Track, Minimart",Kipark,KIP Group,Leasehold,"Jalan Titiwangsa 1, Taman Tampoi Indah, Johor Bahru, Johor",2008.0,16,196,Apartment,1,Medium,Non Bumi Lot,315000,Johor,9,353.9325842696629
3.0,2.0,890,"Parking, Security, Lift, Swimming Pool, Playground, Minimart, Jogging Track, Barbeque area, Club house, Multipurpose hall",Kipark,KIP Group,Leasehold,"Jalan Titiwangsa 1, Taman Tampoi Indah, Johor Bahru, Johor",2008.0,16,196,Apartment,1,Medium,Non Bumi Lot,315000,Johor,10,353.9325842696629
3.0,2.0,1035,"Parking, Playground, Minimart, Jogging Track, Security, Lift, Swimming Pool, Sauna, Gymnasium, Club house, Barbeque area, Tennis Court, Squash Court, Multipurpose hall",8scape Residences @ Sutera,,Freehold,"Jalan Sutera Kuning, Taman Perling, Johor Bahru, Johor",2018.0,25,1255,Apartment,1,Medium,Non Bumi Lot,485000,Johor,14,468.5990338164251
3.0,2.0,1010,"Minimart, Jogging Track, Lift, Security, Playground, Swimming Pool, Gymnasium, Parking, Squash Court, Tennis Court",Kepong Sentral Condominium,Mega Mall Development Sdn Bhd,Leasehold,"Jalan 57, Taman Desa Jaya, Kepong, Kuala Lumpur",2007.0,18,648,Condominium,,,Non Bumi Lot,248000,Kuala Lumpur,10,245.54455445544554
4.0,2.0,9376,"Swimming Pool, Minimart, Playground, Club house, Parking, Security, Lift, Jogging Track",Laksamana Puri Condominium,Zacklim Properties (formerly known as Alam Sakti Development),Leasehold,"Jalan Laksamana 5, Kampung Laksamana Jaya,, Batu Caves, Selangor",,17,416,Condominium,1,Medium,Bumi Lot,250000,Selangor,8,26.66382252559727
3.0,2.0,850,"Lift, Barbeque area, Playground, Parking, Security, Swimming Pool",Pangsapuri Cemara (Seri Kembangan),,Leasehold,"Jalan Pinggiran 1/1, Taman Pinggiran Putra, Seri Kembangan, Selangor",,5,,Apartment,,,Non Bumi Lot,300000,Selangor,6,352.94117647058823
3.0,2.0,753,,Simfoni @ Eco Majestic,,Freehold,"Jalan Eco Majestic 3A/5, Semenyih, Selangor",,,,Apartment,,,Non Bumi Lot,169000,Selangor,,224.43559096945552
3.0,2.0,850,,Cendana,,Freehold,"Jalan Tasik Puteri, Rawang, Selangor",,,,Apartment,2,,Non Bumi Lot,195000,Selangor,,229.41176470588235
3.0,2.0,800,"Gymnasium, Parking, Tennis Court, Playground, Security, Swimming Pool, Barbeque area, Sauna, Lift",Eden Seaview,,Freehold,"Jalan Sungai 1, Batu Ferringhi, Penang",2000.0,25,534,Condominium,1,Low,Non Bumi Lot,368000,Penang,9,460.0
3.0,2.0,738,"Parking, Security, Lift, Swimming Pool, Playground, Gymnasium","Springville Service Apartment, Ukay Perdana, Ampang",,Leasehold,"Jalan UP 1/1B, Selangor, Ampang",,,,Apartment,1,High,Non Bumi Lot,230000,Ampang,6,311.6531165311653
3.0,2.0,1313,,BaysWater,IJM Land Berhad,Freehold,"2A - 2B, Lebuh Tunku Kudin 2, Gelugor, Penang",2007.0,,396,Condominium,3,Low,Non Bumi Lot,960000,Penang,,731.1500380807312
4.0,2.0,1495,"Parking, Security, Lift, Swimming Pool, Playground, Multipurpose hall, Gymnasium",Dahlia Park,Tambun Indah Land Berhad,Freehold,"Jalan Kampung Benggali, Off Jalan Telaga Air,, Butterworth, Penang",,19,,Condominium,2,Medium,Non Bumi Lot,470000,Penang,7,314.38127090301003
3.0,2.0,956,"Multipurpose hall, Playground, Swimming Pool, Barbeque area, Sauna, Minimart, Jogging Track, Parking, Club house, Security, Gymnasium, Tennis Court",Villa Park,VILLAMAS GROUP OF COMPANIES,Freehold,"Jalan Cemara, Taman Bukit Serdang, Seri Kembangan, Selangor",,19,392,Condominium,1,,Non Bumi Lot,295000,Selangor,12,308.5774058577406
3.0,2.0,811,"Playground, Parking, Security",Pangsapuri Damai Senja,,Leasehold,"Jalan PJS 1/52, Petaling Jaya, Selangor",,12,,Apartment,1,Medium,Non Bumi Lot,290000,Selangor,3,357.58323057953146
3.0,2.0,764,"Security, Playground, Minimart, Swimming Pool, Lift",Mentari Court,Mentari Group,Leasehold,"Jalan PJS8/9, Petaling Jaya, Selangor",2006.0,18,200,Apartment,,Medium,Bumi Lot,255000,Selangor,5,333.7696335078534
3.0,3.0,1302,"Swimming Pool, Gymnasium, Parking, Squash Court, Sauna, Security, Lift, Minimart, Playground",Triuni Residences @ The Sanctuary,Runnymede Group,Freehold,"28, Lorong Batu Uban 1, Taman Century, Gelugor, Penang",,,,Condominium,2,Medium,Non Bumi Lot,825000,Penang,9,633.6405529953917
4.0,2.0,1258,"Parking, Security, Lift, Swimming Pool, Playground, Gymnasium",Vista Bay,,Freehold,"Off Lebuhraya Lingkaran Luar Butterworth, Butterworth, Penang",,,,Condominium,,Medium,Non Bumi Lot,435000,Penang,6,345.78696343402225
2.0,1.0,500,,Medan Angsana (Farlim 2),,Leasehold,"Medan Angsana, Ayer Itam, Penang",,,,Flat,,,Non Bumi Lot,125000,Penang,,250.0
3.0,2.0,883,"Minimart, Swimming Pool, Parking, Security, Gymnasium, Sauna, Playground, Lift",Garden Park,SHL Consolidated Berhad,Leasehold,"Jalan Sungai Long 12/1 A, Tmn Sungai Long Makmur 2, Bandar Sungai Long, Selangor",2001.0,14,704,Condominium,1,High,Non Bumi Lot,250000,Selangor,8,283.12570781426956
3.0,2.0,1012,"Barbeque area, Minimart, Security, Swimming Pool, Gymnasium, Playground, Jogging Track, Sauna",Amara Service Residences,Jaya Megah Development Sdn Bhd,Freehold,"Jalan Raintree Utama, Batu Caves, Selangor",2014.0,23,744,Service Residence,2,Medium,Non Bumi Lot,375000,Selangor,8,370.55335968379444
3.0,2.0,613,"Minimart, Parking, Lift, Playground, Multipurpose hall",Pangsapuri Sri Shamelin,,Leasehold,"Jalan 3/91, Taman Shamelin Perkasa, Cheras, Kuala Lumpur",,12,,Apartment,,Low,Bumi Lot,200000,Kuala Lumpur,5,326.2642740619902
3.0,2.0,650,,Pangsapuri Arista,WCT Holding Berhad,Freehold,"Bandar Parklands, Klang, Selangor",,2,,Apartment,1,,Non Bumi Lot,200000,Selangor,,307.6923076923077
3.0,2.0,1023,"Parking, Security, Lift, Swimming Pool, Playground, Gymnasium, Sauna, Barbeque area, Minimart, Multipurpose hall, Club house, Jogging Track, Tennis Court, Squash Court",Residensi Zamrud,Cheras Hong Soon Development Sdn. Bhd.,Freehold,"Jalan Zamrud Utama, Kajang 2, Kajang, Selangor",2019.0,,1200,Condominium,2,Medium,Non Bumi Lot,310000,Selangor,14,303.030303030303
3.0,2.0,1212,"Parking, Security, Lift, Swimming Pool, Playground, Gymnasium, Sauna, Barbeque area, Minimart, Multipurpose hall, Club house, Jogging Track, Tennis Court, Squash Court",Green Suria Apartment,Suria Land Development Sdn Bhd,Freehold,"Jalan Suadmai 10/1, Off Taman Desa Baiduri, Cheras, Selangor",,,538,Apartment,2,,Non Bumi Lot,320000,Selangor,14,264.02640264026405
3.0,2.0,1024,"Parking, Playground, Minimart, Security, Jogging Track",Lily & Jasmine,,Leasehold,"Taman Tampoi Indah, Johor Bahru, Johor",,4,,Apartment,2,Low,Non Bumi Lot,268000,Johor,5,261.71875
1.0,1.0,678,"Parking, Playground, Minimart, Jogging Track",Zennith Suites,,Leasehold,"Jalan Kebun Teh 1, Johor Bahru, Johor",,27,303,Condominium,1,Low,Non Bumi Lot,245000,Johor,4,361.35693215339234
2.0,2.0,1010,"Parking, Security, Lift, Swimming Pool, Playground, Multipurpose hall, Minimart, Barbeque area, Gymnasium, Sauna, Club house, Jogging Track, Tennis Court, Squash Court",Parc Regency Serviced Apartment,Malaysia Land Properties Sdn. Bhd.,Freehold,"Off Jalan Masai Baru, Plentong, Johor Bahru, Johor",2019.0,25,2003,Service Residence,1,Medium,Non Bumi Lot,396000,Johor,14,392.0792079207921
3.0,2.0,800,,Taman Medan Penaga,,Freehold,"82, Lebuhraya Batu Lanchang, Georgetown, Penang",,8,95,Condominium,1,Medium,Non Bumi Lot,378000,Penang,,472.5
3.0,2.0,1216,"Parking, Security, Lift, Swimming Pool, Gymnasium, Minimart",Marina Court,,Leasehold,"Lorong Api-Api 3, Api-Api Centre, Kota Kinabalu, Sabah",,,,Condominium,1,Low,Non Bumi Lot,570000,Sabah,6,468.75
3.0,2.0,850,"Gymnasium, Sauna, Parking, Jogging Track, Security, Playground, Swimming Pool, Tennis Court, Multipurpose hall",Idaman Iris,Koperasi Tunas Muda,Freehold,"Persiaran Relau, Off Jalan Dato Ismail Hashim, Sungai Ara, Penang",2013.0,19,448,Condominium,1,Medium,Non Bumi Lot,365000,Penang,9,429.4117647058824
1.0,1.0,557,"Minimart, Swimming Pool, Parking, Playground, Squash Court, Security, Lift, Gymnasium, Jogging Track",Nadayu63,Nadayu Properties Berhad,Leasehold,"Off Jalan Melawati 4, Taman Nadayu, Hulu Kelang, Ampang, Selangor",2017.0,,296,Condominium,,,Non Bumi Lot,225000,Selangor,9,403.94973070017954
3.0,2.0,1055,"Security, Parking, Minimart",Pangsapuri Puncak Saujana,,Freehold,"Taman Puncak Saujana, Kajang Saujana, Kajang, Selangor",2017.0,,,Apartment,,Medium,Non Bumi Lot,279999,Selangor,3,265.40189573459713
3.0,2.0,667,"Playground, Parking, Security",Pangsapuri Pendekar,,Freehold,"Jalan Tun Perak 1, Cheras, Selangor",,,,Flat,,High,Bumi Lot,139999,Selangor,3,209.8935532233883
2.0,1.0,550,,Bandar Teknologi Kajang Flat,,Freehold,"Bandar Teknologi Kajang, Semenyih, Semenyih, Selangor",,,,Flat,,High,Bumi Lot,69999,Selangor,,127.27090909090909
2.0,1.0,550,,Bandar Teknologi Kajang Flat,,Freehold,"Bandar Teknologi Kajang, Semenyih, Semenyih, Selangor",,,,Flat,,Low,Non Bumi Lot,84999,Selangor,,154.54363636363635
3.0,2.0,650,"Parking, Security, Playground, Minimart, Barbeque area, Multipurpose hall, Jogging Track",Harmoni Apartment,,Leasehold,"Jalan PJU 10/4C, Damansara Damai, Damansara Damai, Selangor",,5,1100,Apartment,,Low,Non Bumi Lot,168000,Selangor,7,258.46153846153845
3.0,2.0,900,,Pangsapuri Bukit Beruang Permai,,Leasehold,"Jalan Bukit Beruang, Bukit Baru, Melaka",,,,Apartment,,,Non Bumi Lot,175000,Melaka,,194.44444444444446
3.0,2.0,775,"Security, Playground, Swimming Pool, Minimart",Mentari Court,Mentari Group,Leasehold,"Jalan PJS8/9, Petaling Jaya, Selangor",2006.0,18,200,Apartment,,Low,Bumi Lot,275000,Selangor,4,354.83870967741933
3.0,1.0,650,,Bandar Bukit Tinggi 2 (Klang),,Freehold,"Jalan Batu Nilam 34, Klang, Selangor",,,,Apartment,1,,Non Bumi Lot,230000,Selangor,,353.84615384615387
2.0,2.0,620,"Gymnasium, Parking, Security, Minimart",i-Soho @ i-City,i-Berhad,Freehold,"Jalan Plumbum 7/102, Shah Alam, Selangor",,43,956,Condominium,1,,Non Bumi Lot,420000,Selangor,4,677.4193548387096
3.0,2.0,1200,"Minimart, Security, Swimming Pool, Multipurpose hall, Parking, Playground, Gymnasium, Tennis Court, Squash Court, Jogging Track, Barbeque area, Sauna",Mewah View Luxurious Apartments,,Freehold,"Jalan Mewah Ria 2/10, Taman Bukit Mewah, Johor Bahru, Johor",,,,Apartment,,Low,Non Bumi Lot,310000,Johor,12,258.3333333333333
3.0,2.0,764,"Parking, Security, Lift, Playground, Swimming Pool",Mentari Court,Mentari Group,Leasehold,"Jalan PJS8/9, Petaling Jaya, Selangor",2006.0,18,200,Apartment,,Medium,Bumi Lot,260000,Selangor,5,340.31413612565444
3.0,2.0,860,"Jogging Track, Security, Playground, Swimming Pool, Minimart, Parking, Lift, Multipurpose hall",Amazing Heights,,Freehold,"Jalan Sungai Udang, Kg Sungai Udang, Klang 42000, Klang, Selangor",,,,Apartment,1,Low,Non Bumi Lot,240000,Selangor,8,279.06976744186045
3.0,2.0,750,"Parking, Lift, Minimart",Taman Seri Hijau,,Freehold,"Jalan Van Praagh , Perak road , Jelutong , Georgetown , Penang, Penang, Georgetown",,,,Apartment,1,,Non Bumi Lot,355000,Georgetown,3,473.3333333333333
3.0,2.0,802,"Minimart, Swimming Pool, Jogging Track, Parking, Security, Playground, Lift, Multipurpose hall",Bayu Villa,,Freehold,"Jalan Batu Unjur, Klang, Selangor",,,760,Apartment,1,Medium,Non Bumi Lot,280000,Selangor,8,349.1271820448878
3.0,2.0,700,"Parking, Security, Lift",Taman Seri Hijau,,Freehold,"Jalan Van Praagh , Taman Desa Green , Georgetown, Jelutong, Penang",1997.0,8,68,Apartment,1,,Non Bumi Lot,360000,Penang,3,514.2857142857143
2.0,2.0,708,"Security, Playground, Swimming Pool, Parking, Gymnasium, Lift, Tennis Court","Swiss-Garden Resort Residences, Kuantan",Swiss Garden Group,Freehold,"Jalan Kuantan-Kemaman, Mukim Sungai Karang, Kuantan, Pahang",2014.0,,177,Condominium,1,High,Bumi Lot,468000,Pahang,7,661.0169491525423
3.0,2.0,650,,Pangsapuri Seri Perantau,,Freehold,"Kawasan 14 Off Persiaran Sireh Junjung, Port Klang, Selangor",,,,Apartment,1,,Non Bumi Lot,130000,Selangor,,200.0
3.0,2.0,660,"Security, Parking, Playground",Megah Villa Apartments,Syarikat Perumahan Negara Berhad,Freehold,"Jalan Warisan Megah. Kota Warisan, Sepang, Selangor",,5,,Apartment,,Medium,Bumi Lot,155000,Selangor,3,234.84848484848484
3.0,2.0,850,"Parking, Security",Pangsapuri Akasia Berjaya Park,BERJAYA GROUP,Freehold,"Jalan Sg Renggam 32/2, Shah Alam, Selangor",,11,220,Apartment,1,,Non Bumi Lot,290000,Selangor,2,341.1764705882353
3.0,3.0,999,"Parking, Jogging Track, Security, Playground, Gymnasium",Skygarden Residence Apartment Condo ,,Leasehold,"Klebang tasek , Perak, Chemor",,,,Condominium,1,Low,Non Bumi Lot,245000,Chemor,5,245.24524524524526
2.0,1.0,650,,Seksyen 2 Wangsa Maju Flat,,Leasehold,"Seksyen 2, Wangsa Maju, Wangsa Maju, Kuala Lumpur",,,,Flat,,,Non Bumi Lot,227000,Kuala Lumpur,,349.2307692307692
4.0,2.0,850,"Minimart, Lift, Multipurpose hall, Swimming Pool, Parking, Security, Gymnasium",Residensi Bistaria,,Freehold,"Jalan Ukay Bistari, Taman Ukay Bistari, Ampang, Selangor",2013.0,15,,Condominium,1,High,Non Bumi Lot,300000,Selangor,7,352.94117647058823
3.0,2.0,775,"Security, Lift, Swimming Pool, Playground, Multipurpose hall, Parking",Mentari Court,Mentari Group,Leasehold,"Jalan PJS8/9, Petaling Jaya, Selangor",2006.0,18,200,Apartment,1,Medium,Bumi Lot,300000,Selangor,6,387.0967741935484
3.0,2.0,1295,"Security, Barbeque area, Parking, Playground, Swimming Pool, Tennis Court, Minimart, Jogging Track",Sri Intan 2,H. S. Liao Sdn Bhd,Freehold,"No. 2 Jalan Terolak 6, Off Jalan Batu 5, Jalan Ipoh, Jalan Ipoh, Kuala Lumpur",,,,Condominium,1,Low,Non Bumi Lot,340000,Kuala Lumpur,8,262.5482625482625
3.0,2.0,1006,"Parking, Security, Lift, Multipurpose hall, Minimart, Playground, Jogging Track",APARTMENT PR1MA PRESINT 11 (Apartment PR1MA),,Freehold,"Jalan P11E/5, Presint 11, Putrajaya, Putrajaya",,,,Apartment,2,Medium,Bumi Lot,450000,Putrajaya,7,447.31610337972165
3.0,2.0,745,"Minimart, Parking, Security, Playground",Arena Green,Berjaya Land,Freehold,"Jalan 1/115a, Bukit Jalil, Bukit Jalil, Kuala Lumpur",2000.0,11,1240,Condominium,1,Low,Non Bumi Lot,270000,Kuala Lumpur,4,362.4161073825503
3.0,2.0,1000,"Gymnasium, Playground, Swimming Pool, Parking, Security, Minimart",Menara Alpha,,Leasehold,"Jalan 4/27A, Wangsa Maju, Kuala Lumpur",,18,,Condominium,1,High,Non Bumi Lot,350000,Kuala Lumpur,6,350.0
3.0,2.0,1000,"Parking, Security, Playground, Barbeque area",Sri Impian Apartment (Larkin Perdana),,Leasehold,"Jalan Larkin Perdana 2, Johor Bahru, Johor",,21,,Apartment,2,Medium,Bumi Lot,246000,Johor,4,246.0
3.0,2.0,700,Minimart,Taman Baiduri Jaya Seksyen 2,,Freehold,"Jalan Baiduri Jaya 4, Taman Baiduri Jaya, Kajang, Selangor",,,,Flat,,Medium,Non Bumi Lot,100000,Selangor,1,142.85714285714286
1.0,1.0,430,"Parking, Security, Lift, Swimming Pool, Playground, Gymnasium",Plaza Damas,Mayland Universal Sdn Bhd,Freehold,"Plaza Damas 3, 63, Jalan Sri Hartamas 1, Sri Hartamas, Kuala Lumpur",,,,Service Residence,,Low,Non Bumi Lot,320000,Kuala Lumpur,6,744.1860465116279
4.0,2.0,818,"Parking, Playground, Club house, Minimart, Barbeque area, Security, Swimming Pool",Villa Krystal,Orando Holdings Sdn Bhd,Freehold,"Jalan Silat Lincah, Bandar Selesa Jaya, Johor Bahru, Johor",2017.0,20,,Apartment,,Medium,Non Bumi Lot,218000,Johor,7,266.5036674816626
3.0,2.0,815,"Swimming Pool, Security, Gymnasium, Minimart, Parking, Lift",Serdang Skyvillas,Green Crescent Resources,Leasehold,"Jalan SP5/5, Off Persiaran Serdang Perdana, Taman Serdang Perdana, Seri Kembangan, Selangor",,21,,Apartment,,,Non Bumi Lot,188000,Selangor,6,230.67484662576686
3.0,2.0,1200,"Parking, Security, Lift, Swimming Pool, Playground, Gymnasium, Multipurpose hall, Club house",Kristal View,PKNS,Leasehold,"Jalan Kristal 7/70G, Section 7, Shah Alam, Selangor",,,,Condominium,2,Medium,Bumi Lot,465000,Selangor,8,387.5
3.0,2.0,949,"Parking, Security, Lift, Swimming Pool, Playground, Gymnasium, Minimart, Multipurpose hall, Jogging Track, Club house",D'Cerrum Apartment,SP Setia Berhad,Freehold,"Jalan Ecohill 1/2, Semenyih, Selangor",2019.0,,635,Apartment,2,Medium,Non Bumi Lot,275000,Selangor,10,289.77871443624866
3.0,2.0,650,,Pangsapuri Palma (Bandar Botanic),,Freehold,"Jalan Palma Raja 3/KS6, Bandar Botanic, Klang, Selangor",2015.0,3,,Apartment,,Low,Non Bumi Lot,170000,Selangor,,261.53846153846155
3.0,2.0,1038,"Sauna, Parking, Minimart, Swimming Pool, Security, Playground, Jogging Track",Bayu Villa,,Freehold,"Jalan Batu Unjur, Klang, Selangor",,,760,Apartment,,Low,Non Bumi Lot,368000,Selangor,7,354.5279383429672
3.0,2.0,815,Multipurpose hall,GM Residence Remia,Gamuda GM Klang Sdn Bhd,Freehold,"Jalan Remia, Klang, Selangor",,,,Service Residence,,Medium,Non Bumi Lot,599000,Selangor,1,734.9693251533743
3.0,2.0,1200,,Rivercity Condominium,Sem Siong Industries,Freehold,"Jalan Ipoh, Jalan Ipoh, Kuala Lumpur",,,572,Condominium,,High,Non Bumi Lot,499000,Kuala Lumpur,,415.8333333333333
2.0,2.0,871,"Parking, Security",Sky View,Setia Promenade Sdn Bhd (SP Setia),Freehold,"Persiaran Indah Utama, Iskandar Puteri, Johor",,,316,Service Residence,,Medium,Non Bumi Lot,428000,Johor,2,491.3892078071183
1.0,1.0,614,,Impiana @ East Ledang,UEM Sunrise Berhad,Freehold,"Persiaran Puteri Ledang, Iskandar Puteri, Johor",2015.0,11,488,Condominium,,High,Non Bumi Lot,310000,Johor,,504.885993485342
3.0,2.0,1004,,Nusa Heights,,Freehold,"Jalan Gelang Patah, Iskandar Puteri, Johor",,,,Condominium,,Medium,Non Bumi Lot,400000,Johor,,398.40637450199205
3.0,2.0,870,,Lakeview Apartment,,Leasehold,"Lakeview Apartment Taman Jasa Perwira Selayang, Selangor, Selayang",,,,Apartment,1,Medium,Bumi Lot,270000,Selayang,,310.3448275862069
3.0,2.0,657,,Tasek Seri Alam,,Freehold,"Jalan Tasek 64, Pasir Gudang, Johor",,,,Flat,,Low,Bumi Lot,135000,Johor,,205.4794520547945
3.0,2.0,1376,"Parking, Gymnasium, Minimart, Sauna, Swimming Pool, Security, Playground",Ampang Boulevard,Suditasia,Leasehold,"Jalan Air Bukit, Ampang, Selangor",2008.0,17,616,Condominium,,Medium,Non Bumi Lot,450000,Selangor,7,327.0348837209302
3.0,2.0,730,,Taman Maluri (Ulu Tiram),,Freehold,"Taman Maluri, Ulu Tiram, Johor",,,,Flat,,High,Non Bumi Lot,132000,Johor,,180.82191780821918
3.0,2.0,1021,,Silk Residence,Cheras Hong Soon Development Sdn Bhd,Freehold,"Lebuhraya Silk Off Cheras Selatan, Balakong, Cheras, Selangor",,,551,Apartment,2,,Non Bumi Lot,315000,Selangor,,308.5210577864838
3.0,2.0,1015,"Parking, Minimart, Security, Lift, Swimming Pool, Playground, Multipurpose hall",Melur Apartment (Sentul),Bintai Kinden Corporation,Leasehold,"No. 72A, Jalan 2/48A, Sentul, Kuala Lumpur",2006.0,21,800,Apartment,1,High,Non Bumi Lot,395000,Kuala Lumpur,7,389.1625615763547
3.0,2.0,753,Playground,Flat PKNS Seksyen 24 Shah Alam,,Leasehold,"SEKSYEN 24, Shah Alam, Selangor",,,,Flat,,Medium,Bumi Lot,195000,Selangor,1,258.9641434262948
3.0,2.0,1259,"Tennis Court, Security, Playground, Gymnasium, Swimming Pool, Parking, Minimart",Sri Alam,,Leasehold,"Jalan Kelab Golf 13/1, Seksyen 13,, Shah Alam, Selangor",2004.0,8,,Condominium,1,Low,Bumi Lot,480000,Selangor,7,381.2549642573471
3.0,2.0,872,"Security, Swimming Pool, Lift",Aster Court,,Freehold,"Jalan Datuk Abdullah Tahir, Johor Bahru, Johor",,,,Condominium,,High,Non Bumi Lot,330000,Johor,3,378.4403669724771
3.0,3.0,1082,"Parking, Swimming Pool, Barbeque area, Sauna, Security, Lift, Minimart, Playground, Gymnasium, Squash Court",Residensi Adelia,Trans Loyal Development Sdn Bhd,Freehold,"Persiaran Bangi Avenue, Ladang Bangi, Kajang, Selangor",2022.0,,552,Condominium,2,Medium,Non Bumi Lot,310000,Selangor,10,286.5064695009242
3.0,2.0,1091,"Playground, Swimming Pool, Squash Court, Jogging Track, Parking, Gymnasium, Club house, Security, Barbeque area, Minimart",Renjana Ampang,Wangsa Eramoden Sdn Bhd,Freehold,"Jalan Taman Putra, Taman Dagang Jaya, Ampang, Selangor",2008.0,14,480,Condominium,1,Medium,Non Bumi Lot,365000,Selangor,10,334.5554537121906
3.0,2.0,650,"Jogging Track, Playground, Parking, Security, Lift, Multipurpose hall",I-Park Apartment,Ideal Property Group,Freehold,"Jalan Rajawali Off Jalan Dato Ismail Hashim, Sungai Ara, Penang",2014.0,,,Apartment,,,Non Bumi Lot,215000,Penang,6,330.7692307692308
3.0,1.0,650,"Parking, Lift, Minimart, Multipurpose hall",Farlim 4,,Leasehold,"Lorong Semarak Api 5, Bandar Baru Ayer Itam, Ayer Itam, Penang",,,,Apartment,,,Non Bumi Lot,175000,Penang,4,269.2307692307692
3.0,2.0,700,"Swimming Pool, Security, Parking, Multipurpose hall, Lift, Playground, Jogging Track",Suria Ixora,Sunsuria Berhad,Freehold,"Jalan Setia Perdana U13/28, Alam Nusantara, Shah Alam, Selangor",,,460,Apartment,2,Medium,Non Bumi Lot,269000,Selangor,7,384.2857142857143
3.0,2.0,850,"Parking, Security, Playground, Gymnasium, Minimart, Multipurpose hall, Jogging Track",De Palma,SP Setia Berhad,Freehold,"Persiaran Setia Makmur, Setia Alam, Selangor",2018.0,16,730,Apartment,2,Medium,Bumi Lot,289000,Selangor,7,340.0
3.0,2.0,800,"Security, Gymnasium, Parking, Minimart, Playground, Swimming Pool, Lift, Multipurpose hall",Sinar Bukit Dumbar,,Freehold,"98, Jalan Faraday, Bukit Dumbar,, Jelutong, Penang",1999.0,23,433,Apartment,1,,Non Bumi Lot,330000,Penang,8,412.5
3.0,2.0,850,"Parking, Lift, Playground","Orchis Apartment, Bandar Parklands",WCT Holding Berhad,Freehold,"Jalan Delima 4, Bandar Parklands,, Klang, Selangor",2017.0,5,400,Apartment,1,High,Non Bumi Lot,295000,Selangor,3,347.05882352941177
3.0,2.0,950,"Parking, Playground, Security, Lift, Multipurpose hall",Taman Seri Damai,,Leasehold,"Lebuhraya Batu Lanchang, Jelutong, Penang",1989.0,17,592,Apartment,1,,Non Bumi Lot,295000,Penang,5,310.5263157894737
3.0,2.0,820,"Parking, Minimart, Gymnasium, Barbeque area, Security, Playground, Lift, Jogging Track, Multipurpose hall, Swimming Pool",De Bayu Apartment,Setia Promenade Sdn Bhd (SP Setia),Freehold,"Persiaran Setia Indah, Setia Alam, Selangor",2020.0,,723,Apartment,2,,Non Bumi Lot,299000,Selangor,10,364.6341463414634
3.0,2.0,850,"Multipurpose hall, Lift, Playground, Parking, Security, Jogging Track",Asteria,Mah Sing Group Berhad,Leasehold,"Persiaran Delima 4/KS09, Klang, Selangor",,,,Apartment,2,,Non Bumi Lot,270000,Selangor,6,317.6470588235294
3.0,2.0,1103,"Swimming Pool, Playground, Gymnasium, Security, Parking, Lift",Pangsapuri Bayu Suria,,Leasehold,"Taman Impian Ehsan, Balakong, Selangor",,12,,Apartment,1,Medium,Non Bumi Lot,259000,Selangor,6,234.81414324569357
3.0,2.0,850,"Security, Playground, Swimming Pool, Sauna, Parking, Gymnasium, Jogging Track, Lift, Minimart",D'Cassia Apartment,SP Setia Berhad,Freehold,"Jalan Ecohill 1/2, Semenyih, Selangor",2019.0,,635,Apartment,2,Medium,Non Bumi Lot,260000,Selangor,9,305.88235294117646
3.0,2.0,700,"Swimming Pool, Security, Parking, Playground, Multipurpose hall, Lift, Jogging Track",Suria Rafflesia,Sunsuria Berhad,Freehold,"Precinct 12 Off Persiaran Setia Prima, Setia Alam, Selangor",,10,360,Apartment,2,Medium,Non Bumi Lot,269000,Selangor,7,384.2857142857143
3.0,2.0,1140,"Jogging Track, Sauna, Parking, Security, Minimart, Lift, Playground",Vista Sri Tanjung,,Freehold,"Jalan Sri Tanjung 17, Taman Sri Tanjung, Semenyih, Selangor",,,,Apartment,,Medium,Non Bumi Lot,299000,Selangor,7,262.280701754386
4.0,3.0,1033,"Security, Barbeque area, Gymnasium, Lift, Swimming Pool, Multipurpose hall, Minimart, Parking, Playground, Jogging Track",Mutiara Residences @ Serdang,Andaman Group,Leasehold,"Jalan Raya Satu, Off Jalan Raya 4, Seri Kembangan, Selangor",2014.0,12,228,Service Residence,2,Medium,Non Bumi Lot,309000,Selangor,10,299.1287512100678
3.0,2.0,980,"Lift, Parking, Security",Klang Villa Apartment,Highland View Sdn Bhd / Majlis Perbandaran Klang,Leasehold,"Jalan Sabah Off Jalan Raja Lumu, Pandamaran, Port Klang, Selangor",,,,Apartment,1,Low,Non Bumi Lot,170000,Selangor,3,173.46938775510205
4.0,2.0,1001,"Lift, Parking, Security, Playground",Suria Mewah Residensi,,Leasehold,"Jalan Dusun, Semenyih, Selangor",,,,Apartment,,Medium,Non Bumi Lot,269000,Selangor,4,268.73126873126876
3.0,2.0,700,"Parking, Security, Lift",Halaman Kristal,,Freehold,"Lengkok Free School, Jelutong, Penang",2001.0,31,360,Apartment,1,Low,Non Bumi Lot,315000,Penang,3,450.0
3.0,2.0,650,,Pangsapuri Palma (Bandar Botanic),,Freehold,"Jalan Palma Raja 3/KS6, Bandar Botanic, Klang, Selangor",2015.0,3,,Apartment,,Medium,Non Bumi Lot,188000,Selangor,,289.2307692307692
3.0,2.0,1140,"Playground, Swimming Pool, Security, Club house, Jogging Track, Sauna, Lift",Royale Infinity,Taman Jadi Group,Freehold,"Jalan Lembah Indah, Simpang Ampat, Penang",2017.0,14,608,Condominium,2,Medium,Non Bumi Lot,385000,Penang,7,337.719298245614
3.0,2.0,863,"Parking, Security, Lift, Swimming Pool, Playground",Residensi Warnasari 2,,Leasehold,"Jalan Warnasari 13/1, Puncak Alam, Selangor",,,,Apartment,1,,Bumi Lot,275000,Selangor,5,318.6558516801854
3.0,2.0,1170,"Jogging Track, Barbeque area, Multipurpose hall, Parking, Tennis Court, Swimming Pool, Club house, Security, Minimart, Playground, Gymnasium",Pangsapuri Sri Mahligai,,Leasehold,"Jalan Tengku Ampuan Rahimah 9/20, Shah Alam, Selangor",,15,,Condominium,2,,Non Bumi Lot,395000,Selangor,11,337.6068376068376
3.0,2.0,850,"Parking, Lift, Swimming Pool, Minimart, Multipurpose hall, Playground, Security",Desa Petaling Flat,,Leasehold,"Jln 7/125, Desa Petaling, Kuala Lumpur",,,,Condominium,,Medium,Non Bumi Lot,260000,Kuala Lumpur,7,305.88235294117646
4.0,2.0,1184,"Playground, Lift, Sauna, Minimart, Gymnasium, Swimming Pool, Tennis Court, Security, Parking, Squash Court, Multipurpose hall",Platinum Splendor Residensi Semarak,Platinum Victory Development Sdn Bhd,Leasehold,"Jalan Semarak, Kampung Padang Tembak, Bukit Keramat, Keramat, Kuala Lumpur",2020.0,32,2000,Condominium,2,Medium,Bumi Lot,500000,Kuala Lumpur,11,422.2972972972973
3.0,2.0,614,"Playground, Security, Parking, Lift, Multipurpose hall, Minimart",Desa Pinang 2,IJM LAND BERHAD,Leasehold,"Lebuh Sungai Pinang 7, Jelutong, Penang",2009.0,22,900,Apartment,1,,Non Bumi Lot,270000,Penang,6,439.73941368078175
2.0,2.0,420,"Parking, Security, Lift, Swimming Pool, Playground, Multipurpose hall, Jogging Track",Suria Jaya,Ancubic Group,Freehold,"Jalan Padang Jawa, Seksyen 16, Shah Alam, Selangor",,,,Apartment,1,Medium,Non Bumi Lot,225000,Selangor,7,535.7142857142857
3.0,2.0,650,,Saujana Ria Aparment,,Leasehold,"Off Persiaran KIP 2, Taman Wangsa Permai, Kepong, Kepong, Kuala Lumpur",,,,Apartment,,Medium,Bumi Lot,140000,Kuala Lumpur,,215.3846153846154
3.0,2.0,650,"Security, Parking, Swimming Pool, Minimart",Pangsapuri Cemara (Cheras),,Leasehold,"Jalan Sri Permaisuri 3, Bandar Sri Permaisuri, Cheras, Kuala Lumpur",2002.0,11,792,Apartment,,Medium,Bumi Lot,177000,Kuala Lumpur,4,272.3076923076923
3.0,2.0,667,"Barbeque area, Parking, Playground",Pangsapuri Seri Jati (Bandar Puteri),,Freehold,"Jalan Wawasan 5/4, Bandar Puteri, Puchong, Selangor",,5,,Apartment,,High,Non Bumi Lot,150000,Selangor,3,224.88755622188904
3.0,2.0,794,,Rawang Mutiara,Mutiara Johan Group,Freehold,"Rawang Mutiara, Rawang, Selangor",,,,Apartment,1,High,Non Bumi Lot,145000,Selangor,,182.61964735516372
3.0,2.0,858,"Parking, Playground",Taman Lembah Maju 600 Apartment,,Leasehold,"Off Jalan Bunga Mawar, Taman Lembah Maju, Ampang, Selangor",,5,,Apartment,1,Medium,Non Bumi Lot,288000,Selangor,2,335.6643356643357
3.0,2.0,764,"Parking, Security, Lift, Playground, Swimming Pool, Minimart",Mentari Court,Mentari Group,Leasehold,"Jalan PJS8/9, Petaling Jaya, Selangor",2006.0,18,200,Apartment,,Medium,Bumi Lot,280000,Selangor,6,366.4921465968586
3.0,2.0,1230,"Gymnasium, Jogging Track, Tennis Court, Lift, Parking, Playground, Minimart, Swimming Pool, Squash Court, Security",City Residence,Ivory Properties Group Sdn Bhd,Freehold,"Kampung Belachan, Tanjong Tokong, Penang",2017.0,39,202,Condominium,,High,Non Bumi Lot,950000,Penang,10,772.3577235772358
3.0,2.0,850,"Parking, Security, Minimart",Makmur Apartment,,Leasehold,"Jalan PJS 8/9, PJS 10, Bandar Sunway, Bandar Sunway, Selangor",,5,,Apartment,1,Medium,Non Bumi Lot,255000,Selangor,3,300.0
3.0,2.0,883,"Security, Playground, Minimart, Parking",Riviera Apartment,,Leasehold,"Jalan Bunga Mawar 5a Taman Muda, Ampang, Selangor",,5,,Apartment,,High,Non Bumi Lot,235000,Selangor,4,266.13816534541337
4.0,2.0,1200,"Gymnasium, Security, Playground, Swimming Pool, Parking",Mutiara Serdang (Turf View),,Leasehold,"Jalan SR 6/3, Seri Kembangan, Selangor",,13,,Apartment,1,,Non Bumi Lot,328000,Selangor,5,273.3333333333333
3.0,2.0,997,"Parking, Jogging Track, Security, Tennis Court, Lift, Swimming Pool, Playground, Barbeque area",Pangsapuri Desa Permai Indah,,Leasehold,"Lorong Helang, Sungai Dua, Penang",1997.0,14,528,Apartment,1,High,Non Bumi Lot,398000,Penang,8,399.197592778335
3.0,2.0,645,"Parking, Minimart",Vista Apartment,Medan Prestasi Sdn Bhd,Freehold,"Jalan PJU 10/2B, Damansara Damai, Petaling Jaya, Selangor",,,,Apartment,1,Medium,Non Bumi Lot,170000,Selangor,2,263.5658914728682
2.0,1.0,688,,Ambience Residence,,Freehold,"Jalan Pulau Gadong, Klebang, Melaka",,,,Service Residence,1,Medium,Non Bumi Lot,207100,Melaka,,301.0174418604651
3.0,2.0,850,"Security, Playground, Multipurpose hall, Squash Court, Jogging Track, Barbeque area, Club house, Swimming Pool, Gymnasium, Tennis Court, Parking, Minimart, Sauna, Lift",Arc @ Austin Hills,Andaman Group,Freehold,"Jalan Sagu 36, Taman Daya, Johor Bahru, Johor",2019.0,35,1843,Service Residence,1,Medium,Bumi Lot,345000,Johor,14,405.88235294117646
3.0,2.0,1367,"Parking, Minimart, Swimming Pool, Security, Playground, Gymnasium, Jogging Track, Sauna, Multipurpose hall, Barbeque area, Lift, Club house",Saville @ Cheras,MKH Berhad,Freehold,"Batu 9, Cheras, Selangor",2019.0,43,352,Service Residence,2,High,Non Bumi Lot,650000,Selangor,12,475.4937820043892
3.0,1.0,624,,Apartment Permata (Bandar Perda),,Freehold,"Jalan Perda Utama, Bandar Perda, Bukit Mertajam, Penang",,5,,Apartment,1,High,Non Bumi Lot,180000,Penang,,288.46153846153845
3.0,2.0,764,"Parking, Security, Lift, Playground, Swimming Pool",Mentari Court,Mentari Group,Leasehold,"Jalan PJS8/9, Petaling Jaya, Selangor",2006.0,18,200,Apartment,,Low,Bumi Lot,270000,Selangor,5,353.40314136125653
3.0,2.0,900,,Dimensi,,Freehold,"Jalan Dimensi 3, Sungei Petai, Melaka",,,,Apartment,,Low,Bumi Lot,175000,Melaka,,194.44444444444446
3.0,2.0,1102,"Parking, Security, Lift, Swimming Pool, Playground, Barbeque area, Jogging Track",Pangsapuri Perdana Villa,,Freehold,"Jalan Sungai Jati, Taman Sentosa Perdana, Klang, Selangor",,,,Apartment,2,Medium,Non Bumi Lot,249000,Selangor,7,225.95281306715063
3.0,2.0,900,,Pangsapuri Kasuarina (Bandar Botanic),Gamuda Land Sdn Bhd,Freehold,"Bandar Botanik, Klang, Selangor",2007.0,5,,Apartment,,High,Non Bumi Lot,250000,Selangor,,277.77777777777777
3.0,2.0,750,Parking,Rumah Pangsa Orkid (Tmn Desa Cemerlang),,Freehold,"Jalan Kenanga 4 Taman Desa Cemerlang, Ulu Tiram, Ulu Tiram, Johor",,,,Flat,,Medium,Non Bumi Lot,168000,Johor,1,224.0
2.0,2.0,1270,"Sauna, Multipurpose hall, Swimming Pool, Gymnasium, Security",Jesselton Twin Towers,Jesselton Properties Sdn Bhd,Leasehold,"Off Jalan Bersatu, Damai, Kota Kinabalu, Sabah",2022.0,56,819,Service Residence,2,Medium,Bumi Lot,804011,Sabah,5,633.0795275590551
3.0,2.0,800,"Parking, Jogging Track, Security, Lift, Swimming Pool, Playground, Gymnasium, Minimart",Cheng Heights,Pleasant-Ville Development(Kienta Group),Freehold,"Jalan Cheng, Cheng Height, Cheng, Melaka",,,420,Condominium,2,Medium,Non Bumi Lot,338000,Melaka,8,422.5
3.0,2.0,1097,"Swimming Pool, Parking, Security, Playground, Gymnasium, Jogging Track, Barbeque area","East Bay (Seri Bayan), Masai",,Freehold,"Jalan Bayan 11, Taman Perindustrian Kota Puteri, 81750 Masai, Johor, Masai, Johor",,,300,Apartment,,Medium,Non Bumi Lot,380000,Johor,7,346.39927073837737
3.0,2.0,1050,"Lift, Security, Parking, Swimming Pool, Playground, Gymnasium, Multipurpose hall",ForestVille,Ideal Property Group,Freehold,"Lengkok Kelicap, Bayan Lepas, Penang",,,,Condominium,2,Medium,Non Bumi Lot,500000,Penang,7,476.1904761904762
3.0,2.0,1288,"Multipurpose hall, Gymnasium, Jogging Track, Security, Playground, Barbeque area, Swimming Pool, Lift, Minimart",Ivory Residence,TLS Group,Freehold,"Jalan Mutiara 2, Mutiara Heights, Kajang, Selangor",2015.0,21,455,Condominium,2,Medium,Non Bumi Lot,305000,Selangor,9,236.80124223602485
3.0,2.0,1000,"Lift, Security, Minimart",Pangsapuri Saujana Permai 2,Majlis Perbandaran Kajang,Freehold,"Jalan Bukit Mutiara 1, Sentosa Heights, Kajang, Selangor",2006.0,22,246,Apartment,,Medium,Non Bumi Lot,250000,Selangor,3,250.0
3.0,2.0,1288,"Parking, Security, Lift, Swimming Pool, Playground, Gymnasium, Sauna, Barbeque area, Minimart, Multipurpose hall, Jogging Track",Ameera Residence,TLS Group,Freehold,"Jalan Mutiara 3, Mutiara Heights,, Kajang, Selangor",2016.0,,428,Condominium,2,Medium,Non Bumi Lot,350000,Selangor,11,271.7391304347826
3.0,2.0,850,"Parking, Minimart, Swimming Pool, Club house, Playground, Barbeque area, Security, Lift",Villa Krystal,Orando Holdings Sdn Bhd,Freehold,"Jalan Silat Lincah, Bandar Selesa Jaya, Johor Bahru, Johor",2017.0,20,,Apartment,1,High,Non Bumi Lot,199000,Johor,8,234.11764705882354
3.0,1.0,680,,Pangsapuri Samudera (Pulau Indah),Ambang Angsana Sdn Bhd,Freehold,"Persiaran Sultan Abdul Aziz, Pulau Indah, Klang, Pulau Indah (Pulau Lumut), Selangor",,,,Apartment,,Medium,Bumi Lot,88000,Selangor,,129.41176470588235
3.0,2.0,720,"Security, Parking, Playground",Residensi Warnasari,Metro KL City Sdn Bhd,Leasehold,"Jalan Warnasari 13/1, Off Persiaran Puncak Alam 6, Puncak Alam, Selangor",,,,Apartment,,High,Bumi Lot,150000,Selangor,3,208.33333333333334
3.0,3.0,1267,"Security, Swimming Pool, Playground, Jogging Track, Parking, Minimart, Gymnasium, Lift, Barbeque area, Multipurpose hall, Club house",Villa Wangsamas,Setapak Heights Development,Freehold,"Jalan Seri Wangsa 1, Wangsa Maju, Wangsa Maju, Kuala Lumpur",2010.0,20,1317,Condominium,1,Low,Bumi Lot,450000,Kuala Lumpur,11,355.1696921862668
3.0,2.0,748,"Jogging Track, Parking, Security, Gymnasium, Minimart, Swimming Pool, Lift, Playground",Putra Suria Residence,Amber Resource,Leasehold,"Jalan Jelawat 2, Cheras, Kuala Lumpur",,,,Condominium,1,Low,Bumi Lot,300000,Kuala Lumpur,8,401.06951871657753
3.0,2.0,1334,"Swimming Pool, Gymnasium, Sauna, Security, Playground, Lift, Parking, Jogging Track, Multipurpose hall, Club house, Barbeque area",Sandilands @ Jelutong,BHL Group of Companies,Freehold,"Off Lebuhraya Tun Dr. Lim Chong Eu, Jelutong, Penang",2020.0,,803,Condominium,2,,Non Bumi Lot,788000,Penang,11,590.7046476761619
3.0,4.0,2124,"Jogging Track, Playground, Barbeque area, Sauna, Gymnasium, Parking, Minimart, Swimming Pool, Tennis Court, Security",Danga View Apartment,Ekovest Berhad,Freehold,"Jalan Persiaran Danga,Kampung Skudai Kiri, Skudai, Johor",,14,319,Apartment,1,Medium,Non Bumi Lot,520000,Johor,10,244.8210922787194
3.0,1.0,650,"Security, Parking, Lift, Multipurpose hall",Sri Jelutong,,Freehold,"Lorong Madrasah, Jelutong, Penang",,,,Apartment,,,Non Bumi Lot,270000,Penang,4,415.38461538461536
3.0,2.0,700,"Lift, Minimart, Parking",Desa Green Apartment (Jelutong),,Freehold,"Jalan Van Praagh, off Perak Road, Jelutong, Penang",1997.0,22,1008,Apartment,1,,Non Bumi Lot,298000,Penang,3,425.7142857142857
3.0,2.0,865,"Parking, Security, Lift, Swimming Pool, Playground, Gymnasium, Multipurpose hall, Club house, Jogging Track",Kingfisher @ Inanam,,Freehold,"Jalan Kitobu Keronggu, Kota Kinabalu, Sabah",,,,Condominium,2,Medium,Non Bumi Lot,415286,Sabah,9,480.0994219653179
2.0,2.0,750,"Parking, Jogging Track, Security, Tennis Court, Squash Court, Swimming Pool, Playground, Gymnasium, Sauna, Minimart, Multipurpose hall, Club house",Beverly Hills 2,,Leasehold,"Jalan Bundusan, Kota Kinabalu, Sabah",,,,Apartment,1,Medium,Non Bumi Lot,285000,Sabah,12,380.0
2.0,1.0,530,"Minimart, Lift",Taman Jade,,Freehold,"Jalan Bukit Gambir, Gelugor, Penang",,,,Flat,,High,Non Bumi Lot,200000,Penang,2,377.35849056603774
3.0,2.0,850,"Parking, Security, Lift, Swimming Pool, Multipurpose hall, Minimart",Kondominium Mutiara (Bandar Perda),,Freehold,"Off Jalan Perda Utama, Bandar Perda, Bukit Mertajam, Penang",,19,180,Condominium,1,High,Non Bumi Lot,255000,Penang,6,300.0
2.0,2.0,1329,"Jogging Track, Playground, Security, Gymnasium, Barbeque area, Swimming Pool",The Loft Residence,Syarikat Kapasi (Asian Pac),Leasehold,"KK Times Square, Jalan Coastal, Kota Kinabalu, Sabah",2014.0,9,631,Service Residence,1,,Non Bumi Lot,998000,Sabah,6,750.9405568096313
3.0,1.0,789,"Playground, Security, Parking, Lift",Pangsapuri Indah Mas,,Leasehold,"Lorong Ikan Emas, Cheras, Kuala Lumpur",,10,320,Apartment,,Medium,Bumi Lot,260000,Kuala Lumpur,4,329.531051964512
3.0,2.0,1007,"Playground, Swimming Pool, Gymnasium, Barbeque area, Multipurpose hall, Parking, Sauna, Security, Lift, Jogging Track, Club house, Minimart",Bukit Bantayan Residence,Gamuda Land Sdn Bhd,Leasehold,"Jalan Bantayan Minintod, Bukit Bantayan, Kota Kinabalu, Sabah",2020.0,,912,Service Residence,2,Medium,Non Bumi Lot,466000,Sabah,12,462.7606752730884
3.0,2.0,1007,"Gymnasium, Sauna, Barbeque area, Swimming Pool, Multipurpose hall, Parking, Playground, Security, Lift, Minimart, Club house, Jogging Track",Bukit Bantayan Residence,Gamuda Land Sdn Bhd,Leasehold,"Jalan Bantayan Minintod, Bukit Bantayan, Kota Kinabalu, Sabah",2020.0,,912,Condominium,2,Low,Bumi Lot,489819,Sabah,12,486.41410129096323
3.0,2.0,904,"Playground, Sauna, Swimming Pool, Barbeque area, Multipurpose hall, Gymnasium, Parking, Security, Lift, Minimart, Club house, Jogging Track",Bukit Bantayan Residence,Gamuda Land Sdn Bhd,Leasehold,"Jalan Bantayan Minintod, Bukit Bantayan, Kota Kinabalu, Sabah",2020.0,,912,Service Residence,2,Low,Non Bumi Lot,478200,Sabah,12,528.9823008849557
3.0,2.0,1120,"Security, Playground, Gymnasium, Parking, Swimming Pool",Bukit Awansari (OG Court),Microfield Sdn Bhd,Freehold,"Jalan Awan Jawa, Old Klang Road, Kuala Lumpur",1997.0,14,204,Condominium,,Medium,Non Bumi Lot,320000,Kuala Lumpur,5,285.7142857142857
2.0,1.0,700,,Apartment Stulang,,Leasehold,"Jalan Stulang Laut, Johor Bahru, Johor",,5,260,Flat,,High,Bumi Lot,180000,Johor,,257.14285714285717
3.0,2.0,700,"Lift, Parking, Multipurpose hall",Taman Paya Terubong,,Freehold,"Tingkat Paya Terubong 3, Paya Terubong, Penang",,,,Apartment,1,,Non Bumi Lot,188000,Penang,3,268.57142857142856
1.0,1.0,640,"Parking, Security, Lift, Swimming Pool",Marina Cove Resort,,Freehold,"Jalan Teluk Batik, Lumut, Perak",,,,Apartment,,High,Non Bumi Lot,110000,Perak,4,171.875
3.0,2.0,798,"Swimming Pool, Parking, Minimart, Playground, Security, Lift",Pangsapuri Seri Iskandar,,Leasehold,"Jalan Teknologi 1, Seri Iskandar, Perak",,,,Apartment,,Medium,Bumi Lot,210000,Perak,6,263.1578947368421
3.0,2.0,1281,"Swimming Pool, Playground, Tennis Court, Parking, Security, Squash Court",Puteri Palma Condominium,IOI Properties Group,Freehold,"SKVE, IOI Resort, Putrajaya, Putrajaya",1998.0,15,198,Townhouse Condo,,Low,Non Bumi Lot,495000,Putrajaya,6,386.41686182669787
1.0,1.0,450,"Parking, Security, Lift, Swimming Pool, Gymnasium, Barbeque area, Playground, Minimart, Jogging Track",Studio Fourteen,First Avenue Partners (Asia) Sdn Bhd,Leasehold,"Seksyen 14, Shah Alam, Selangor",2012.0,,196,Condominium,1,High,Non Bumi Lot,280000,Selangor,9,622.2222222222222
3.0,2.0,1100,"Lift, Multipurpose hall",SummerSkye Residences,Ideal Property Group,Freehold,"Jalan Tun Dr Awang, Bayan Lepas, Penang",,,,Condominium,2,High,Non Bumi Lot,700000,Penang,2,636.3636363636364
3.0,2.0,650,"Lift, Parking, Playground, Minimart",Pandan Ria Apartment (Block D),,Leasehold,"Jalan Pandan Cahaya 2/4, Pandan Indah, KLCC, Kuala Lumpur",,,,Apartment,,High,Non Bumi Lot,175000,Kuala Lumpur,4,269.2307692307692
3.0,3.0,1288,"Swimming Pool, Squash Court, Parking, Security, Gymnasium, Lift, Sauna, Minimart, Playground, Tennis Court",All Seasons Park,Belleview Group,Freehold,"Lebuhraya Thean Teik, Air Itam, Ayer Itam, Penang",2013.0,30,808,Condominium,1,,Non Bumi Lot,695000,Penang,10,539.5962732919255
3.0,2.0,700,"Parking, Playground, Gymnasium, Jogging Track, Swimming Pool, Multipurpose hall, Security, Barbeque area",Melody Homes,Belleview Group,Freehold,"Lebuhraya Thean Teik, Farlim,, Ayer Itam, Penang",2012.0,30,500,Apartment,1,High,Non Bumi Lot,350000,Penang,8,500.0
3.0,2.0,700,"Gymnasium, Multipurpose hall, Security, Barbeque area, Parking, Playground, Swimming Pool, Jogging Track",Melody Homes,Belleview Group,Freehold,"Lebuhraya Thean Teik, Farlim,, Ayer Itam, Penang",2012.0,30,500,Apartment,1,,Non Bumi Lot,370000,Penang,8,528.5714285714286
3.0,2.0,800,"Security, Parking, Playground, Jogging Track",Kenanga Apartment (Putra Perdana),Talam Transform Berhad,Leasehold,"Taman Putra Perdana, 47100 Puchong, Selangor, Puchong, Selangor",1997.0,,,Apartment,,,Bumi Lot,165000,Selangor,4,206.25
3.0,2.0,1300,"Gymnasium, Security, Minimart, Swimming Pool, Lift, Parking, Playground, Barbeque area, Jogging Track, Multipurpose hall",Tiara Ampang,Selaman Sdn. Bhd.,Leasehold,"Jalan Ampang, Taman Dato Ahmad Razali,, Ampang, Selangor",,17,400,Condominium,1,Medium,Non Bumi Lot,420000,Selangor,10,323.0769230769231
3.0,2.0,925,"Parking, Security",Jasmine Court,,Freehold,"Jalan Bandar Puchong Jaya, Bandar Puchong Jaya, Puchong, Selangor",,5,,Apartment,1,Low,Non Bumi Lot,368000,Selangor,2,397.8378378378378
3.0,2.0,1206,"Jogging Track, Parking, Security, Tennis Court, Lift, Swimming Pool, Playground, Gymnasium, Sauna, Barbeque area, Minimart, Multipurpose hall",Senibong Cove - The WaterEdge Apartments,Walker Corp / Senibong Cove,Freehold,"Persiaran Senibong, Teluk Senibong, Masai, Johor",2018.0,28,585,Apartment,2,High,Non Bumi Lot,660000,Johor,12,547.2636815920398
3.0,2.0,710,Parking,Park Avenue (Tampoi Indah),,Leasehold,"Jalan Mawar 3, Off Jalan Titiwangsa Utama, Taman Tampoi Indah, Johor Bahru, Johor",,3,,Apartment,,Medium,Non Bumi Lot,175000,Johor,1,246.4788732394366
2.0,2.0,657,"Parking, Playground, Jogging Track",Pangsapuri Desa Palma (Alma),,Freehold,"Taman Desa Palma, Alma, Bukit Mertajam, Penang",,,,Flat,,,Non Bumi Lot,110000,Penang,3,167.42770167427702
3.0,2.0,650,"Security, Parking, Lift",Mutiara Magna,Magna Prima Sdn Bhd,Leasehold,"Jalan Metro 1, Kepong, Kuala Lumpur",,15,,Apartment,,,Bumi Lot,180000,Kuala Lumpur,3,276.9230769230769
3.0,2.0,1051,"Parking, Swimming Pool, Squash Court, Security, Lift, Playground, Barbeque area",Bukit Pandan Kondominium 1,,Freehold,"Jalan 6/19, Taman Bukit Ria, Cheras, Cheras, Kuala Lumpur",,20,320,Condominium,,High,Non Bumi Lot,298000,Kuala Lumpur,7,283.5394862036156
3.0,1.0,603,"Parking, Playground, Minimart",Seri Pauh,,Leasehold,"Permatang Pauh, Bukit Mertajam, Penang",,,,Flat,1,Medium,Non Bumi Lot,170000,Penang,3,281.92371475953564
3.0,2.0,850,,Tiara Mutiara,Mutiara Johan Group,Freehold,"Off Jalan Klang Lama, Old Klang Road, Kuala Lumpur",2014.0,17,403,Condominium,1,,Non Bumi Lot,380000,Kuala Lumpur,,447.05882352941177
4.0,2.0,1101,"Swimming Pool, Parking, Minimart, Playground, Security, Gymnasium",Vista Amani,Danau Lumayan,Leasehold,"No. 7, Jalan Tasik Permaisuri 3, Bandar Tun Razak, Cheras, Kuala Lumpur",,17,,Condominium,1,,Non Bumi Lot,440000,Kuala Lumpur,6,399.6366939146231
3.0,2.0,600,"Swimming Pool, Gymnasium, Minimart, Playground, Security, Jogging Track, Parking",Taman Sri Sentosa,,Leasehold,"Jalan Klang Lama (Old Klang Road), Old Klang Road, Kuala Lumpur",,,,Apartment,,,Non Bumi Lot,178000,Kuala Lumpur,7,296.6666666666667
3.0,2.0,764,,Pantai Indah Fasa 2,,Leasehold,"Jalan 1/112f, Pantai, Kuala Lumpur",,,,Apartment,1,,Non Bumi Lot,290000,Kuala Lumpur,,379.5811518324607
1.0,1.0,605,"Parking, Security, Lift, Swimming Pool, Playground, Gymnasium, Sauna",Lexis,,Freehold,"Batu 2, Jalan Seremban, Port Dickson, Negeri Sembilan",,,,Service Residence,,Medium,Non Bumi Lot,218800,Negeri Sembilan,7,361.6528925619835
3.0,2.0,1222,"Minimart, Gymnasium, Tennis Court, Security, Jogging Track, Playground, Squash Court, Parking, Swimming Pool",Bukit OUG Condominium,BERJAYA GROUP,Freehold,"Jalan 3A/155, Bukit OUG, Bukit Jalil, Kuala Lumpur",1996.0,16,,Condominium,,Low,Non Bumi Lot,378000,Kuala Lumpur,9,309.328968903437
3.0,2.0,900,"Barbeque area, Sauna, Security, Playground, Swimming Pool, Gymnasium, Minimart, Parking, Lift, Multipurpose hall",Amara Service Residences,Jaya Megah Development Sdn Bhd,Freehold,"Jalan Raintree Utama, Batu Caves, Selangor",2014.0,23,744,Service Residence,2,Medium,Non Bumi Lot,260000,Selangor,10,288.8888888888889
3.0,2.0,874,"Playground, Minimart, Parking, Swimming Pool",Desa Tanjung Apartment,,Leasehold,"Off Laman Puteri 1, Puchong, Selangor",,11,,Apartment,1,Low,Non Bumi Lot,275000,Selangor,4,314.6453089244851
3.0,1.0,700,"Swimming Pool, Jogging Track, Parking, Lift, Playground, Minimart",Pangsapuri Putra Damai,Putrajaya Homes Sdn Bhd,Freehold,"Off Jalan P11, Presint 11, Putrajaya, Putrajaya",,17,,Flat,,Low,Non Bumi Lot,265000,Putrajaya,6,378.57142857142856
2.0,1.0,873,,One Medini Condominium,,Leasehold,"No.2, Jalan Medini Utara 3, Johor Bahru, Johor",,,,Condominium,,High,Non Bumi Lot,330000,Johor,,378.0068728522337
3.0,3.0,1900,"Minimart, Jogging Track, Barbeque area, Sauna, Security, Swimming Pool, Playground, Gymnasium, Lift, Parking, Club house, Multipurpose hall",Amara Service Residences,Jaya Megah Development Sdn Bhd,Freehold,"Jalan Raintree Utama, Batu Caves, Selangor",2014.0,23,744,Service Residence,3,High,Non Bumi Lot,450000,Selangor,12,236.8421052631579
1.0,1.0,770,"Parking, Security, Lift, Swimming Pool, Playground, Gymnasium, Sauna, Minimart",Lexis Hibiscus,,Leasehold,"Batu 12, Jalan Pantai, Pasir Panjang, Negeri Sembilan, Port Dickson",,,,Others,,,Non Bumi Lot,450000,Port Dickson,8,584.4155844155844
3.0,2.0,926,"Swimming Pool, Security, Gymnasium, Jogging Track, Squash Court, Parking, Minimart, Playground",Taman Bukit Pelangi (Shah Alam),Asia Kreatif Sdn. Bhd.,Freehold,"Taman Bukit Pelangi, Shah Alam, Selangor",,14,340,Apartment,1,,Bumi Lot,270000,Selangor,8,291.5766738660907
2.0,2.0,1100,"Parking, Swimming Pool, Squash Court, Security, Lift, Playground, Minimart, Jogging Track, Gymnasium, Barbeque area",Bukit Pandan Kondominium 1,,Freehold,"Jalan 6/19, Taman Bukit Ria, Cheras, Cheras, Kuala Lumpur",,20,320,Condominium,1,Medium,Non Bumi Lot,300000,Kuala Lumpur,10,272.72727272727275
4.0,2.0,1062,"Tennis Court, Lift, Playground, Parking, Security, Minimart, Swimming Pool, Multipurpose hall",Casa Subang,Casa Andaman Sdn Bhd,Freehold,"Jalan Subang 1, Subang Light Industrial Park, Subang Jaya, Selangor",2005.0,25,588,Service Residence,1,,Non Bumi Lot,420000,Selangor,8,395.48022598870057
3.0,2.0,887,"Swimming Pool, Gymnasium, Parking, Lift, Security","Spring & Summer Tower, All Seasons Park",Belleview Group,Freehold,"Thean Teik Hwy, Ayer Itam, Penang",,,808,Condominium,1,Medium,Non Bumi Lot,465000,Penang,5,524.23900789177
3.0,2.0,1295,"Squash Court, Sauna, Security, Swimming Pool, Gymnasium, Tennis Court, Minimart, Playground, Club house, Parking, Jogging Track, Lift, Barbeque area",Setia Tri-Angle Residential Condominiums,Setia Promenade Sdn Bhd (SP Setia),Freehold,"Persiaran Kelicap, Bayan Lepas, Penang",2015.0,6,225,Condominium,2,,Non Bumi Lot,538000,Penang,13,415.44401544401546
4.0,3.0,1250,"Swimming Pool, Gymnasium, Multipurpose hall, Security, Minimart, Squash Court, Jogging Track, Parking, Playground, Tennis Court, Barbeque area, Sauna",Mewah View Luxurious Apartments,,Freehold,"Jalan Mewah Ria 2/10, Taman Bukit Mewah, Johor Bahru, Johor",,,,Apartment,,Low,Non Bumi Lot,328000,Johor,12,262.4
3.0,2.0,887,"Security, Gymnasium, Tennis Court, Squash Court, Lift, Minimart, Playground, Sauna, Parking, Swimming Pool",All Seasons Park,Belleview Group,Freehold,"Lebuhraya Thean Teik, Air Itam, Ayer Itam, Penang",2013.0,30,808,Condominium,1,Low,Non Bumi Lot,450000,Penang,10,507.3280721533258
3.0,3.0,1288,"Swimming Pool, Squash Court, Parking, Security, Gymnasium, Lift, Sauna, Minimart, Playground, Tennis Court",All Seasons Park,Belleview Group,Freehold,"Lebuhraya Thean Teik, Air Itam, Ayer Itam, Penang",2013.0,30,808,Condominium,2,,Non Bumi Lot,750000,Penang,10,582.2981366459627
3.0,2.0,887,"Playground, Tennis Court, Parking, Swimming Pool, Gymnasium, Sauna, Squash Court, Security, Minimart, Lift",All Seasons Park,Belleview Group,Freehold,"Lebuhraya Thean Teik, Air Itam, Ayer Itam, Penang",2013.0,30,808,Condominium,2,Medium,Non Bumi Lot,495000,Penang,10,558.0608793686584
3.0,2.0,950,"Security, Parking, Playground, Minimart, Lift, Multipurpose hall",Mawar Sari,,Leasehold,"Jalan 17/56, Keramat AU, Keramat, Kuala Lumpur",,15,,Apartment,1,Low,Bumi Lot,355000,Kuala Lumpur,6,373.6842105263158
3.0,2.0,844,"Parking, Playground, Swimming Pool, Security, Multipurpose hall",Intana Ria,,Leasehold,"Off Jalan 7/1, Seksyen 7, Bandar Baru Bangi, Bangi, Selangor",,,,Apartment,,Medium,Bumi Lot,229000,Selangor,5,271.3270142180095
3.0,2.0,800,"Security, Parking",Tanjung Court,,Leasehold,"Lebuhraya Thean Teik, Ayer Itam, Penang",1994.0,6,672,Apartment,1,Medium,Non Bumi Lot,288000,Penang,2,360.0
3.0,2.0,800,"Parking, Security",Tanjung Court,,Leasehold,"Lebuhraya Thean Teik, Ayer Itam, Penang",1994.0,6,672,Apartment,1,Low,Non Bumi Lot,330000,Penang,2,412.5
3.0,2.0,900,"Parking, Swimming Pool",Seri Baiduri Apartment (Bukit Indah),,Leasehold,"Off Jalan Bukit Indah Utama, Bukit Indah, Ampang, Selangor",2003.0,5,,Apartment,1,High,Bumi Lot,234000,Selangor,2,260.0
4.0,3.0,2335,"Swimming Pool, Squash Court, Jogging Track, Security, Barbeque area, Multipurpose hall, Parking, Lift, Club house, Minimart, Playground, Gymnasium, Tennis Court, Sauna",Boulevard Condominium (BLVD),Reka Indah Development Sdn Bhd,Freehold,"Lebuhraya Thean Teik, Ayer Itam, Penang",2011.0,38,420,Condominium,4,,Non Bumi Lot,1150000,Penang,14,492.5053533190578
4.0,3.0,1507,"Security, Gymnasium, Multipurpose hall, Parking, Playground, Jogging Track, Swimming Pool, Lift, Sauna, Barbeque area, Minimart, Tennis Court",SqWhere,Selangor Dredging Berhad,Leasehold,"Jalan Welfare, Kampung Baru Sungai Buloh, Sungai Buloh, Selangor",2020.0,31,660,Service Residence,3,Medium,Non Bumi Lot,1080000,Selangor,12,716.655607166556
3.0,3.0,1250,"Security, Parking, Playground, Jogging Track, Swimming Pool, Gymnasium, Barbeque area, Multipurpose hall, Lift, Sauna, Tennis Court",Scenaria North Kiara,UOA Group,Freehold,"Off Jalan Segambut, Taman Sri Sinar, Segambut, Kuala Lumpur",2015.0,36,981,Condominium,2,Medium,Non Bumi Lot,750000,Kuala Lumpur,11,600.0
4.0,3.0,1500,"Parking, Security, Lift, Swimming Pool, Playground, Gymnasium, Sauna, Barbeque area, Minimart, Jogging Track, Tennis Court, Multipurpose hall",Casa Kiara 2,,Freehold,"Jalan Kiara 5, Kuala Lumpur, Mont Kiara",,,,Condominium,2,Low,Non Bumi Lot,850000,Mont Kiara,12,566.6666666666666
3.0,2.0,1319,"Barbeque area, Parking, Security, Squash Court, Jogging Track, Sauna, Playground, Gymnasium, Club house, Swimming Pool, Multipurpose hall, Lift",Anjali @ North Kiara,Tago (Malaysia) Sdn. Bhd.,Freehold,"Jalan 3/61, Bukit Segambut, Segambut, Kuala Lumpur",2017.0,29,369,Condominium,2,High,Non Bumi Lot,890000,Kuala Lumpur,12,674.7536012130402
3.0,2.0,775,"Parking, Security, Lift, Swimming Pool, Playground, Multipurpose hall",Mentari Court,Mentari Group,Leasehold,"Jalan PJS8/9, Petaling Jaya, Selangor",2006.0,18,200,Apartment,1,Low,Bumi Lot,338000,Selangor,6,436.1290322580645
3.0,2.0,711,"Parking, Lift",Rumah Pangsa Saga (Saga Suria),,Leasehold,"Off Jalan Taman Saga, Taman Saga, Ampang, Selangor",,,,Flat,,,Bumi Lot,210000,Selangor,2,295.3586497890295
2.0,2.0,861,"Parking, Security, Lift",Casa Lago,,Leasehold,"Jalan Melaka Raya, Melaka City, Melaka",,,,Condominium,1,Medium,Non Bumi Lot,249900,Melaka,3,290.2439024390244
3.0,2.0,800,"Parking, Security, Lift, Swimming Pool, Playground, Gymnasium, Sauna, Multipurpose hall",Desamas Melur,,Freehold,"Lintang Relau 1, Sungai Ara, Penang",1999.0,,224,Apartment,1,Medium,Non Bumi Lot,320000,Penang,8,400.0
3.0,1.0,560,Playground,Taman Puchong Perdana,,Leasehold,"Jalan Perdana 4/3, Puchong, Selangor",,,,Flat,,Low,Bumi Lot,150000,Selangor,1,267.85714285714283
3.0,2.0,910,"Playground, Security, Swimming Pool, Parking, Barbeque area, Lift, Minimart, Multipurpose hall",Sri Ria Apartments,TLS Group,Freehold,"Jalan Pasir Emas 4, Kajang, Selangor",2007.0,15,,Apartment,1,Low,Non Bumi Lot,240000,Selangor,8,263.7362637362637
2.0,1.0,620,,Taman Restu,,Freehold,"Taman Restu, Kajang, Selangor",,,,Flat,,Medium,Non Bumi Lot,85000,Selangor,,137.09677419354838
3.0,2.0,1100,"Swimming Pool, Tennis Court, Minimart, Playground, Sauna, Gymnasium, Barbeque area, Parking, Security, Lift",Sri Putramas,Mayland,Freehold,"No. 1, Jalan Putramas 1, Off Jalan Kuching, Jalan Kuching, Kuala Lumpur",2004.0,25,1220,Condominium,2,Low,Non Bumi Lot,400000,Kuala Lumpur,10,363.6363636363636
1.0,1.0,737,"Parking, Minimart, Playground, Lift, Barbeque area, Gymnasium, Security, Swimming Pool, Multipurpose hall, Club house",Sri Acappella Serviced Apartments,Equipark Sdn. Bhd.,Leasehold,"Jalan Lompat Tinggi 13/33, Seksyen 13, Shah Alam, Selangor",1998.0,16,239,Service Residence,1,Medium,Bumi Lot,370000,Selangor,10,502.0352781546811
3.0,1.0,840,Parking,Mayang Apartment (Bayan Baru),,Leasehold,"Jalan Mayang Pasir,Bukit Gedung, Bayan Lepas, Penang",1996.0,11,,Apartment,,Medium,Non Bumi Lot,240000,Penang,1,285.7142857142857
3.0,2.0,650,"Security, Playground, Parking, Jogging Track",I-Park Apartment,Ideal Property Group,Freehold,"Jalan Rajawali Off Jalan Dato Ismail Hashim, Sungai Ara, Penang",2014.0,,,Apartment,1,Medium,Non Bumi Lot,215000,Penang,4,330.7692307692308
3.0,2.0,1130,"Security, Swimming Pool, Lift, Barbeque area, Parking, Playground, Gymnasium",Andari Townvilla,Dergahayu Sdn Bhd,Leasehold,"Jalan SH 2/1, Selayang Heights, Gombak, Selangor",2006.0,5,414,Apartment,1,Low,Bumi Lot,320000,Selangor,7,283.1858407079646
5.0,4.0,2650,"Swimming Pool, Security",Palm Gardens,,Freehold,"No. 15A, Jalan Mariamah, Johor Bahru, Johor",,5,,Condominium,,Medium,Non Bumi Lot,780000,Johor,2,294.33962264150944
3.0,2.0,1001,,Lily & Jasmine,,Leasehold,"Taman Tampoi Indah, Johor Bahru, Johor",,4,,Apartment,,Medium,Non Bumi Lot,210000,Johor,,209.7902097902098
4.0,2.0,1300,"Parking, Minimart, Swimming Pool, Sauna, Club house, Playground, Gymnasium, Barbeque area, Security, Jogging Track, Lift",Suriamas,HR GROUP,Leasehold,"Jalan PJS 10/11E, Bandar Sunway, Selangor",2004.0,15,675,Condominium,2,Low,Non Bumi Lot,498000,Selangor,11,383.0769230769231
3.0,2.0,700,"Playground, Security, Parking",Sri Impian Apartment,,Leasehold,"Lengkok Angsana,, Ayer Itam, Penang",2005.0,22,,Apartment,1,,Non Bumi Lot,250000,Penang,3,357.14285714285717
3.0,2.0,1017,"Parking, Security, Minimart, Swimming Pool, Lift",Puncak Baiduri Apartment,,Freehold,"Persiaran Baiduri, Taman Desa Baiduri, Cheras, Selangor",,9,,Apartment,1,Medium,Non Bumi Lot,325000,Selangor,5,319.5673549655851
3.0,2.0,1087,"Jogging Track, Sauna, Barbeque area, Multipurpose hall, Club house, Minimart, Playground, Swimming Pool, Parking, Security, Gymnasium, Tennis Court, Squash Court, Lift",Boulevard Condominium (BLVD),Reka Indah Development Sdn Bhd,Freehold,"Lebuhraya Thean Teik, Ayer Itam, Penang",2011.0,38,420,Condominium,2,High,Non Bumi Lot,598000,Penang,14,550.1379944802208
3.0,2.0,800,"Parking, Security",Tanjung Court,,Leasehold,"Lebuhraya Thean Teik, Ayer Itam, Penang",1994.0,6,672,Apartment,2,Medium,Non Bumi Lot,298000,Penang,2,372.5
3.0,2.0,800,"Security, Parking",Tanjung Court,,Leasehold,"Lebuhraya Thean Teik, Ayer Itam, Penang",1994.0,6,672,Apartment,2,,Non Bumi Lot,298000,Penang,2,372.5
3.0,2.0,936,"Swimming Pool, Squash Court, Jogging Track, Security, Barbeque area, Multipurpose hall, Parking, Lift, Club house, Minimart, Playground, Gymnasium, Tennis Court, Sauna",Boulevard Condominium (BLVD),Reka Indah Development Sdn Bhd,Freehold,"Lebuhraya Thean Teik, Ayer Itam, Penang",2011.0,38,420,Condominium,2,,Non Bumi Lot,498000,Penang,14,532.0512820512821
2.0,3.0,1365,"Parking, Security, Lift, Swimming Pool, Playground, Gymnasium, Sauna, Minimart, Jogging Track, Barbeque area",Jazz Residences,Sure Commerce Sdn Bhd,Freehold,"Jalan Seri Tanjong Pinang, Tanjong Tokong, Penang",,,174,Service Residence,1,High,Non Bumi Lot,988000,Penang,10,723.8095238095239
3.0,2.0,936,"Tennis Court, Jogging Track, Barbeque area, Sauna, Multipurpose hall, Minimart, Club house, Security, Lift, Gymnasium, Squash Court, Swimming Pool, Parking, Playground",Boulevard Condominium (BLVD),Reka Indah Development Sdn Bhd,Freehold,"Lebuhraya Thean Teik, Ayer Itam, Penang",2011.0,38,420,Condominium,3,,Non Bumi Lot,498000,Penang,14,532.0512820512821
3.0,2.0,930,"Parking, Security, Lift, Swimming Pool, Playground, Gymnasium, Club house",SkyMillion Residence @ Nosoob,Rich Millionway Sdn Bhd,Leasehold,"Jalan Joungkil Nosoob, Penampang, Sabah",2024.0,23,254,Condominium,1,High,Bumi Lot,508800,Sabah,7,547.0967741935484
3.0,2.0,1405,"Parking, Security, Lift, Playground, Swimming Pool, Barbeque area, Multipurpose hall, Minimart",Villa Lagenda,Regal Form Sdn Bhd,Leasehold,"Jalan 4/2b, Taman Desa Bakti, Batu Caves, Selangor",2004.0,18,304,Condominium,1,Medium,Bumi Lot,395000,Selangor,8,281.1387900355872
3.0,2.0,1372,"Tennis Court, Jogging Track, Club house, Parking, Gymnasium, Sauna, Multipurpose hall, Security, Playground, Swimming Pool, Barbeque area",Hijauan Saujana,Esquire Corner Sdn Bhd,Freehold,"Subang (Saujana Resort), Seksyen U2, Shah Alam, Selangor",2015.0,14,539,Condominium,2,,Non Bumi Lot,680000,Selangor,11,495.6268221574344
4.0,2.0,1302,"Minimart, Swimming Pool, Parking, Security, Playground, Jogging Track, Sauna, Gymnasium, Squash Court",Straits Garden Residence @ Jelutong,Tambun Indah Land Berhad,Freehold,"Jalan Jelutong, Jelutong, Penang",2016.0,17,91,Condominium,3,,Non Bumi Lot,820000,Penang,9,629.800307219662
3.0,2.0,1023,"Gymnasium, Security, Swimming Pool, Jogging Track, Parking, Sauna, Playground, Barbeque area",The Era,JKG Land Berhad,Freehold,"Jalan Segambut, Segambut, Segambut, Kuala Lumpur",2021.0,63,956,Service Residence,,Medium,Non Bumi Lot,635000,Kuala Lumpur,8,620.7233626588466
1.0,1.0,497,"Jogging Track, Parking, Security, Minimart, Playground, Swimming Pool, Lift, Multipurpose hall, Barbeque area",Gaya Apartments,Sime Darby Property Berhad,Freehold,"Jalan Melawati 1, Taman Melawati, Kuala Lumpur",,12,240,Apartment,1,,Non Bumi Lot,285000,Kuala Lumpur,9,573.440643863179
3.0,2.0,874,,Sentul Utama Condominium,Melati Ehsan Group,Leasehold,"Jalan Dato Senu 26, Taman Sentul Utama, Sentul, Kuala Lumpur",2009.0,13,,Condominium,1,Low,Bumi Lot,354000,Kuala Lumpur,,405.0343249427918
3.0,2.0,1000,"Security, Parking",Nusa Perdana Service Apartment,,Freehold,"Jalan Nusa Perdana, Gelang Patah, Johor",,,,Apartment,,Medium,Non Bumi Lot,298000,Johor,2,298.0
3.0,2.0,1295,"Security, Barbeque area, Minimart, Jogging Track, Playground, Swimming Pool, Tennis Court, Gymnasium, Sauna",Royal Domain Sri Putramas 2,Mayland,Freehold,"Jalan Putramas 1 off Jalan Kuching, Jalan Kuching, Kuala Lumpur",2007.0,36,1022,Condominium,,Low,Non Bumi Lot,530000,Kuala Lumpur,9,409.26640926640925
3.0,2.0,936,"Parking, Playground, Gymnasium, Minimart, Swimming Pool, Barbeque area, Security, Tennis Court, Lift",Langat Jaya,,Freehold,"Kampung Melaka, Jalan Datuk Alias,, Cheras, Selangor",,23,,Condominium,1,Low,Bumi Lot,320000,Selangor,9,341.88034188034186
3.0,2.0,947,"Parking, Security, Lift, Playground",Pangsapuri Seri Mewah (Block C),,Freehold,"Taman Seri Mewah, Kajang, Bangi, Selangor",,8,,Apartment,1,Medium,Non Bumi Lot,250000,Selangor,4,263.99155227032736
3.0,2.0,938,"Minimart, Gymnasium, Tennis Court, Playground, Security, Sauna, Swimming Pool, Squash Court, Parking",Danau Idaman,Faber Union Bhd,Freehold,"Jalan 2/109F, Taman Desa, Kuala Lumpur",2000.0,22,659,Condominium,1,Low,Bumi Lot,380000,Kuala Lumpur,9,405.1172707889126
3.0,2.0,816,"Security, Lift, Playground",Taman Puncak Rasah,,Freehold,"Jalan RK 3/3, Rasah, Negeri Sembilan",,,,Apartment,1,Low,Malay Reserved,200000,Negeri Sembilan,3,245.09803921568627
2.0,2.0,430,"Security, Swimming Pool, Lift, Minimart, Playground",Suria Jaya,Ancubic Group,Freehold,"Jalan Padang Jawa, Seksyen 16, Shah Alam, Selangor",,,,Apartment,,High,Non Bumi Lot,225000,Selangor,5,523.2558139534884
3.0,2.0,657,"Playground, Gymnasium, Security, Multipurpose hall",,,Freehold,,,,,Service Residence,,,Non Bumi Lot,400000,,4,608.8280060882801
3.0,2.0,1100,"Security, Swimming Pool, Jogging Track, Multipurpose hall, Lift, Parking, Playground, Gymnasium, Sauna, Barbeque area, Club house",Sutera Pines,Smart Niche Sdn Bhd (Joint Venture between Rivertree Group and Imaxland Sdn Bhd),Freehold,"Jalan Palma Utama, Twin Palms, Bandar Sungai Long, Kajang, Selangor",2017.0,20,424,Condominium,2,Medium,Non Bumi Lot,480000,Selangor,11,436.3636363636364
3.0,2.0,650,"Lift, Parking, Playground",Desa Lembah Permai,,Leasehold,"Jalan Bukit Belacan, Ampang, Selangor",,,,Flat,,Medium,Non Bumi Lot,180000,Selangor,3,276.9230769230769
3.0,2.0,850,Security,Apartment Okid (Bukit Indah),,Leasehold,"Jalan Bukit Indah 3/4, Taman Bukit Indah, Ampang, Kuala Lumpur",,5,,Apartment,,Medium,Non Bumi Lot,220000,Kuala Lumpur,1,258.8235294117647
3.0,2.0,783,,Birchwood Court,,Leasehold,"Pinggiran Lembah Hijau 9, Bandar Tasik Puteri, Rawang, Selangor",,,,Apartment,,Medium,Bumi Lot,170000,Selangor,,217.11366538952745
3.0,2.0,936,"Swimming Pool, Squash Court, Jogging Track, Security, Barbeque area, Multipurpose hall, Parking, Lift, Club house, Minimart, Playground, Gymnasium, Tennis Court, Sauna",Boulevard Condominium (BLVD),Reka Indah Development Sdn Bhd,Freehold,"Lebuhraya Thean Teik, Ayer Itam, Penang",2011.0,38,420,Condominium,2,,Non Bumi Lot,520000,Penang,14,555.5555555555555
3.0,2.0,1087,"Gymnasium, Jogging Track, Security, Swimming Pool, Squash Court, Sauna, Club house, Parking, Minimart, Playground, Lift, Tennis Court, Barbeque area, Multipurpose hall",Boulevard Condominium (BLVD),Reka Indah Development Sdn Bhd,Freehold,"Lebuhraya Thean Teik, Ayer Itam, Penang",2011.0,38,420,Condominium,2,Medium,Non Bumi Lot,598000,Penang,14,550.1379944802208
3.0,2.0,1195,"Swimming Pool, Squash Court, Jogging Track, Security, Barbeque area, Multipurpose hall, Parking, Lift, Club house, Minimart, Playground, Gymnasium, Tennis Court, Sauna",Boulevard Condominium (BLVD),Reka Indah Development Sdn Bhd,Freehold,"Lebuhraya Thean Teik, Ayer Itam, Penang",2011.0,38,420,Condominium,2,,Non Bumi Lot,700000,Penang,14,585.7740585774059
3.0,2.0,936,"Jogging Track, Sauna, Barbeque area, Multipurpose hall, Club house, Minimart, Playground, Swimming Pool, Parking, Security, Gymnasium, Tennis Court, Squash Court, Lift",Boulevard Condominium (BLVD),Reka Indah Development Sdn Bhd,Freehold,"Lebuhraya Thean Teik, Ayer Itam, Penang",2011.0,38,420,Condominium,2,Medium,Non Bumi Lot,530000,Penang,14,566.2393162393163
3.0,2.0,883,"Playground, Sauna, Barbeque area, Security, Gymnasium, Lift, Swimming Pool, Jogging Track, Multipurpose hall",LBS Skylake Residence,LBS Bina Group Berhad,Leasehold,"alan Putra Perdana 5A, Taman Putra Perdana, Puchong, Selangor",2021.0,33,746,Service Residence,2,Medium,Non Bumi Lot,490000,Selangor,9,554.9263873159683
3.0,2.0,1006,,APARTMENT PR1MA PRESINT 11 (Apartment PR1MA),,Freehold,"Jalan P11E/5, Presint 11, Putrajaya, Putrajaya",,,,Apartment,2,Medium,Non Bumi Lot,418000,Putrajaya,,415.506958250497
3.0,2.0,957,"Gymnasium, Parking, Playground, Security, Minimart, Swimming Pool",,,Leasehold,,,,,Condominium,1,Low,Bumi Lot,290000,,6,303.030303030303
3.0,2.0,1173,"Parking, Security, Lift, Swimming Pool, Playground, Gymnasium, Barbeque area, Multipurpose hall, Jogging Track",Casa Kayangan,Perbadanan Kemajuan Negeri Perak (PKNP),Freehold,"Persiaran Meru Raya 2, Ipoh, Perak",,,,Apartment,1,High,Non Bumi Lot,365000,Perak,9,311.1679454390452
3.0,2.0,964,"Parking, Security, Lift, Swimming Pool, Playground, Gymnasium, Barbeque area, Multipurpose hall, Club house, Jogging Track",The Cove Hillside Residence,,Leasehold,"Laluan Ipoh Permai, Ipoh, Perak",,,,Condominium,1,Medium,Non Bumi Lot,380000,Perak,10,394.1908713692946
3.0,2.0,926,"Parking, Swimming Pool, Gymnasium, Security, Jogging Track, Sauna, Playground, Tennis Court, Lift",Magna Ville Condominium,Magna Park Sdn Bhd,Leasehold,"Off Lebuhraya Selayang - Kepong, Taman Selayang Jaya, Selayang, Selangor",2010.0,22,1074,Condominium,1,Medium,Bumi Lot,320000,Selangor,9,345.5723542116631
3.0,2.0,850,"Minimart, Security, Playground, Jogging Track",Larkin Idaman Apartment,,Leasehold,"Off Jalan Dato Jaafar, Larkin Idaman, Johor Bahru, Johor",2009.0,13,,Apartment,,Low,Non Bumi Lot,255000,Johor,4,300.0
3.0,3.0,870,"Playground, Minimart, Swimming Pool, Gymnasium, Security, Lift, Sauna, Parking",Ashton Tower,SCP Group,Leasehold,"Off Kolombong, Kota Kinabalu, Sabah",2016.0,29,391,Service Residence,,Medium,Non Bumi Lot,465000,Sabah,8,534.4827586206897
1.0,1.0,849,"Parking, Squash Court, Barbeque area, Security, Swimming Pool, Gymnasium",,,Leasehold,,,,,Condominium,,Medium,Non Bumi Lot,380000,,6,447.585394581861
4.0,2.0,925,,Taman Koperasi Maju Jaya,,Freehold,"Off Persiaran Minang 4, Cheras, Selangor",,,,Apartment,1,Low,Bumi Lot,220000,Selangor,,237.83783783783784
3.0,2.0,1052,,,,Freehold,,,,,Apartment,2,Medium,Non Bumi Lot,395000,,,375.47528517110266
1.0,1.0,420,"Security, Parking, Barbeque area, Swimming Pool, Gymnasium, Squash Court",,,Freehold,,,,,Condominium,,High,Non Bumi Lot,299000,,6,711.9047619047619
3.0,2.0,850,,,,Freehold,,,,,Apartment,1,Medium,Non Bumi Lot,289000,,,340.0
3.0,2.0,910,"Security, Swimming Pool, Minimart, Playground, Tennis Court, Barbeque area, Gymnasium, Jogging Track",,,Leasehold,,,,,Condominium,,Medium,Non Bumi Lot,360000,,8,395.6043956043956
3.0,2.0,746,"Jogging Track, Minimart, Parking, Lift, Security",Jelutong Apartment @ Selayang Heights,,Leasehold,"Off Jalan Ipoh, Selayang Heights, Gombak, Selangor",,,,Apartment,1,Low,Bumi Lot,220000,Selangor,5,294.9061662198391
3.0,2.0,811,"Swimming Pool, Multipurpose hall, Tennis Court, Playground, Minimart",,,Leasehold,,,,,Apartment,1,Medium,Non Bumi Lot,255000,,5,314.42663378545006
3.0,2.0,850,"Parking, Security, Playground",,,Leasehold,,,,,Apartment,1,Medium,Non Bumi Lot,285000,,3,335.29411764705884
3.0,2.0,1000,"Playground, Swimming Pool, Lift, Parking, Gymnasium, Security",,,Freehold,,,,,Condominium,2,Medium,Non Bumi Lot,308000,,6,308.0
3.0,2.0,1000,"Gymnasium, Squash Court, Security, Playground, Swimming Pool, Sauna",,,Freehold,,,,,Condominium,1,,Non Bumi Lot,299000,,6,299.0
3.0,2.0,900,"Security, Minimart, Parking",,,Freehold,,,,,Apartment,1,Medium,Non Bumi Lot,228000,,3,253.33333333333334
3.0,2.0,1052,"Parking, Security",,,Freehold,,,,,Condominium,,,Non Bumi Lot,383950,,2,364.97148288973386
3.0,2.0,915,"Playground, Parking",Sri Ehsan Apartment,,Freehold,"Jalan Sri Ehsan 9, Taman Sri Ehsan, Kepong, Kuala Lumpur",,,,Apartment,1,Low,Non Bumi Lot,320000,Kuala Lumpur,2,349.72677595628414
2.0,1.0,600,,Flat Taman Melati,,Freehold,"Off Jalan Taman Melati, Taman Melati, Setapak, Kuala Lumpur",,5,,Flat,,Medium,Bumi Lot,235000,Kuala Lumpur,,391.6666666666667
3.0,2.0,870,"Security, Playground, Lift, Minimart, Squash Court, Parking, Swimming Pool, Gymnasium",Lakeview Apartments,,Leasehold,"Jalan Sungai Tua, Taman Jasa Pewira, Gombak, Selangor",,18,,Apartment,1,High,Bumi Lot,260000,Selangor,8,298.85057471264366
3.0,2.0,950,"Parking, Security, Lift, Swimming Pool, Multipurpose hall, Minimart",D'Cerrum Apartment,SP Setia Berhad,Freehold,"Jalan Ecohill 1/2, Semenyih, Selangor",2019.0,,635,Apartment,,Medium,Bumi Lot,299000,Selangor,6,314.7368421052632
3.0,2.0,850,,Sri Intan (Bandar Seri Alam),S P Setia Berhad,Freehold,"Jalan Tasek, Bandar Seri Alam, Pasir Gudang, Johor",2014.0,4,348,Flat,1,Medium,Non Bumi Lot,155000,Johor,,182.35294117647058
3.0,2.0,800,"Playground, Swimming Pool, Gymnasium, Security, Minimart, Sauna, Parking",Karisma @ Eco Majestic,Eco World Development Group Berhad,Freehold,"Pangsapuri Karisma, Jalan Eco Majestic 3A/5, Semenyih, Selangor",2014.0,4,75,Apartment,,High,Non Bumi Lot,245000,Selangor,7,306.25
3.0,2.0,918,"Sauna, Parking, Playground, Barbeque area, Club house, Gymnasium, Security, Minimart, Swimming Pool",Danau Impian,Faber Development Holdings,Leasehold,"Taman Danau Desa, Taman Desa, Kuala Lumpur",1997.0,15,450,Condominium,1,Medium,Non Bumi Lot,450000,Kuala Lumpur,9,490.19607843137254
3.0,2.0,860,,Lili Apartment,,Freehold,"Jalan Metafasa U16/5, Seksyen 16, Shah Alam, Selangor",,,,Apartment,,High,Non Bumi Lot,290000,Selangor,,337.2093023255814
3.0,2.0,980,"Playground, Barbeque area, Parking, Security, Minimart, Jogging Track",Pangsapuri Mayang (Bandar Kinrara),,Leasehold,"Jalan Bandar Kinrara 3/1, Bandar Kinrara Section 3, Puchong, Selangor",,5,,Apartment,1,Low,Non Bumi Lot,315000,Selangor,6,321.42857142857144
3.0,2.0,899,"Jogging Track, Parking, Security, Playground",D'Aman Residence,,Freehold,"Persiaran Meru Raya 3, Meru, Ipoh, Ipoh, Perak",,,,Apartment,1,Medium,Bumi Lot,186000,Perak,4,206.89655172413794
3.0,2.0,1200,"Parking, Security, Playground, Swimming Pool, Barbeque area, Multipurpose hall, Jogging Track",Villa OUG,Kumpulan Hartanah,Freehold,"Jalan Awan Dandan, Old Klang Road, Kuala Lumpur",,6,116,Condominium,1,Low,Non Bumi Lot,555000,Kuala Lumpur,7,462.5
4.0,2.0,1335,"Swimming Pool, Gymnasium, Playground, Minimart, Multipurpose hall, Security, Jogging Track, Lift, Parking",Platinum Hill PV 5,Platinum Victory Development Sdn Bhd,Freehold,"Jalan Melati Utama 3, Taman Melati Utama, Setapak, Kuala Lumpur",2006.0,17,950,Condominium,1,High,Non Bumi Lot,395000,Kuala Lumpur,9,295.8801498127341
3.0,2.0,778,"Security, Lift, Playground",Pangsapuri Subang Suria,Agmal Development Sdn Bhd,Leasehold,"Jalan Bintang U5/33, Shah Alam, Selangor",2005.0,7,1274,Apartment,,Low,Bumi Lot,275000,Selangor,3,353.47043701799487
4.0,2.0,1350,"Parking, Security, Swimming Pool, Playground",Delta Heights,Golden Addition Sdn. Bhd. (Delta Group),Leasehold,"Off Jalan Duta, Kota Kinabalu, Sabah",2015.0,4,96,Apartment,1,High,Non Bumi Lot,415000,Sabah,4,307.4074074074074
4.0,4.0,1824,"Parking, Security, Lift, Swimming Pool, Playground, Gymnasium",The Colonnades Condominium,Tokojaya,Leasehold,"Jalan Kebajikan, Kota Kinabalu, Sabah",,12,168,Condominium,1,Medium,Non Bumi Lot,650000,Sabah,6,356.359649122807
3.0,2.0,650,"Parking, Security, Playground, Jogging Track",Bandar Baru Permas Jaya,,Freehold,"Jln Permas 7, Bandar Baru Permas Jaya, Permas Jaya, Johor",,,,Flat,1,Medium,Non Bumi Lot,135000,Johor,4,207.69230769230768
3.0,2.0,877,"Parking, Lift, Swimming Pool, Playground, Multipurpose hall, Minimart, Barbeque area, Security, Gymnasium",Sentul Utama Condominium,Melati Ehsan Group,Leasehold,"Jalan Dato Senu 26, Taman Sentul Utama, Sentul, Kuala Lumpur",2009.0,13,,Condominium,1,Low,Bumi Lot,310000,Kuala Lumpur,9,353.4777651083238
3.0,3.0,1484,"Security, Gymnasium, Lift, Swimming Pool, Playground, Parking, Barbeque area, Multipurpose hall",Jade Residence,,Leasehold,"Jalan Bantayan, Kota Kinabalu, Sabah",2014.0,,135,Condominium,2,Medium,Non Bumi Lot,780000,Sabah,8,525.6064690026955
3.0,2.0,872,"Barbeque area, Parking, Playground, Security",Goodyear Court 1,Goodyear Management,Freehold,"Jalan USJ 6/1, Subang Jaya, Selangor",,5,,Apartment,1,Low,Non Bumi Lot,350000,Selangor,4,401.3761467889908
3.0,2.0,953,"Security, Minimart, Swimming Pool, Sauna, Parking, Lift, Playground",Vistana Mahkota,,Freehold,"Jalan Pahlawan 42/3, Bandar Mahkota Cheras, Selangor",,,,Apartment,1,Medium,Non Bumi Lot,280000,Selangor,7,293.8090241343127
3.0,2.0,850,"Parking, Security, Swimming Pool, Playground, Jogging Track",Sri Intan (Bandar Seri Alam),S P Setia Berhad,Freehold,"Jalan Tasek, Bandar Seri Alam, Pasir Gudang, Johor",2014.0,4,348,Flat,1,Medium,Non Bumi Lot,180000,Johor,5,211.76470588235293
4.0,3.0,1350,"Barbeque area, Multipurpose hall",Residensi Pauh Armani,Golden Village Properties Sdn. Bhd.,Freehold,"Permatang Pauh, Seberang Jaya, Penang",,13,198,Condominium,1,Low,Non Bumi Lot,429000,Penang,2,317.77777777777777
2.0,1.0,657,"Security, Parking, Playground",Desa Tun Razak Apartment,CRSC Group,Leasehold,"Jalan 10/118b Desa Tun Razak,, Cheras, Kuala Lumpur",1996.0,15,438,Apartment,1,Medium,Bumi Lot,199000,Kuala Lumpur,3,302.8919330289193
3.0,2.0,1185,,Embun Residence,,Freehold,"Jalan Puncak Saujana 4/1, Kajang, Selangor",,,,Apartment,2,Low,Bumi Lot,300000,Selangor,,253.16455696202533
3.0,2.0,850,"Parking, Security, Playground, Swimming Pool, Jogging Track",Sri Intan (Bandar Seri Alam),S P Setia Berhad,Freehold,"Jalan Tasek, Bandar Seri Alam, Pasir Gudang, Johor",2014.0,4,348,Flat,1,Low,Non Bumi Lot,198000,Johor,5,232.94117647058823
3.0,2.0,1090,"Playground, Multipurpose hall, Swimming Pool, Parking, Security, Gymnasium, Lift, Minimart",Alam Damai Condominium,Wah Mie Group,Leasehold,"Off Jalan Tuaran, Kota Kinabalu, Sabah",,16,,Condominium,1,High,Non Bumi Lot,600000,Sabah,8,550.4587155963303
3.0,2.0,689,,Desa Delima,,Freehold,"Lorong Semarak Api Dua, Bandar Baru Farlim, Ayer Itam, Penang",1992.0,17,3,Apartment,,Low,Non Bumi Lot,174000,Penang,,252.5399129172714
3.0,1.0,657,"Playground, Parking, Jogging Track, Minimart",Pangsapuri Aman,,Leasehold,"Jalan Prima 6/1, Puchong, Selangor",,,,Apartment,,Low,Non Bumi Lot,180000,Selangor,4,273.972602739726
3.0,3.0,1765,"Security, Playground, Swimming Pool, Multipurpose hall, Parking, Gymnasium, Jogging Track",SqWhere,Selangor Dredging Berhad,Leasehold,"Jalan Welfare, Kampung Baru Sungai Buloh, Sungai Buloh, Selangor",2020.0,31,660,Service Residence,,Medium,Non Bumi Lot,554000,Selangor,7,313.8810198300283
3.0,2.0,798,"Security, Parking, Playground, Lift, Jogging Track, Multipurpose hall, Minimart",Bukit Permata Apartment,,Freehold,"alan Telok Muroh, Kampung Tebing Rabak, Lumut, Perak",,,,Apartment,1,Low,Bumi Lot,155000,Perak,7,194.2355889724311
2.0,3.0,750,"Security, Minimart, Sauna, Parking, Lift, Jogging Track, Playground",Pangsapuri Gapura Bayu,,Freehold,"No.1, Jalan Puncak Utama 2/1, Kajang, Selangor",,18,,Apartment,1,Medium,Non Bumi Lot,195000,Selangor,7,260.0
3.0,2.0,774,"Jogging Track, Minimart, Swimming Pool, Tennis Court, Parking, Playground, Squash Court, Security, Gymnasium",Shamelin Star,Landmark Zone Sdn. Bhd.,Leasehold,"Jalan 4/91, Taman Shamelin Perkasa, Cheras, Kuala Lumpur",2016.0,36,630,Service Residence,2,Medium,Non Bumi Lot,490000,Kuala Lumpur,9,633.0749354005168
3.0,2.0,884,"Parking, Playground, Security",Mahasa Villa,,Freehold,"Jalan Mahasa, Kampung Padang Balang, Sentul ,Kuala Lumpur,, Sentul, Kuala Lumpur",,,,Apartment,1,Medium,Bumi Lot,335000,Kuala Lumpur,3,378.95927601809956
3.0,2.0,815,,Taman Tun Teja,,Leasehold,"Jalan Bayu, Taman Tun Teja, Rawang, Selangor",,,,Apartment,,Medium,Non Bumi Lot,255000,Selangor,,312.8834355828221
3.0,2.0,1300,"Parking, Security, Swimming Pool",Pearl Tower,,Leasehold,"Off Jalan Lintas, Taman BDC, Kota Kinabalu, Kota Kinabalu, Sabah",,,,Condominium,1,Medium,Non Bumi Lot,578000,Sabah,3,444.61538461538464
4.0,4.0,2236,"Jogging Track, Parking, Gymnasium, Swimming Pool, Security",Puteri Damai,,Leasehold,"Sabah, Kota Kinabalu, Kota Kinabalu, Sabah",2007.0,,73,Condominium,1,Medium,Non Bumi Lot,1420000,Sabah,5,635.0626118067978
3.0,2.0,1044,"Security, Parking, Minimart, Swimming Pool, Playground, Lift",Pangsapuri Kayangan,Suncity Bhd,Leasehold,"No. 33, Jalan PJS 10/24,, Bandar Sunway, Selangor",2004.0,5,200,Apartment,1,Medium,Non Bumi Lot,325000,Selangor,6,311.30268199233717
1.0,1.0,450,"Swimming Pool, Barbeque area, Sauna, Multipurpose hall, Security, Playground, Gymnasium, Parking, Lift, Minimart, Club house, Tennis Court, Jogging Track, Squash Court",CyberSquare SOHO,Binastra Land Sdn. Bhd.,Freehold,"Jalan Teknokrat 4, Cyber 5, Cyberjaya, Selangor",2017.0,38,1424,Service Residence,1,Medium,Non Bumi Lot,200000,Selangor,14,444.44444444444446
3.0,2.0,1100,"Playground, Jogging Track, Security, Minimart, Gymnasium, Squash Court, Parking, Swimming Pool, Sauna, Lift, Barbeque area, Multipurpose hall, Club house, Tennis Court",M Condominium @ Larkin,MB Group,Leasehold,"Off Susur Larkin Perdana 2, Larkin,, Johor Bahru, Johor",2016.0,,944,Condominium,1,Medium,Non Bumi Lot,460000,Johor,14,418.1818181818182
4.0,3.0,1307,"Playground, Barbeque area, Parking, Swimming Pool, Gymnasium, Security, Jogging Track",Surin,Symphony Life Berhad,Freehold,"Solok Tanjung Bungah, Tanjung Bungah, Penang",,28,390,Condominium,2,Medium,Non Bumi Lot,710000,Penang,7,543.2287681713849
4.0,4.0,1561,"Squash Court, Sauna, Swimming Pool, Lift, Minimart, Playground, Gymnasium, Multipurpose hall, Parking, Security",Ferringhi Residence 2,Uptrend Housing Development Sdn Bhd (Mah Sing Group Berhad),Freehold,"Off Jalan Batu Ferringhi, Batu Ferringhi, Penang",2020.0,32,632,Condominium,3,,Non Bumi Lot,548000,Penang,10,351.0570147341448
1.0,1.0,590,"Gymnasium, Parking, Playground, Swimming Pool, Squash Court, Security, Lift, Sauna, Barbeque area, Minimart, Multipurpose hall",Regalia Residence,Mayland Group,Freehold,"Jalan Sultan Ismail, Jalan Sultan Ismail, Kuala Lumpur",2012.0,38,1033,Service Residence,1,High,Non Bumi Lot,460000,Kuala Lumpur,11,779.6610169491526
3.0,2.0,1068,Squash Court,M Condominium @ Larkin,MB Group,Leasehold,"Off Susur Larkin Perdana 2, Larkin,, Johor Bahru, Johor",2016.0,,944,Condominium,1,High,Non Bumi Lot,450000,Johor,1,421.34831460674155
3.0,2.0,1068,Squash Court,M Condominium @ Larkin,MB Group,Leasehold,"Off Susur Larkin Perdana 2, Larkin,, Johor Bahru, Johor",2016.0,,944,Condominium,1,Medium,Non Bumi Lot,445000,Johor,1,416.6666666666667
3.0,2.0,1100,"Playground, Security, Swimming Pool, Jogging Track, Minimart, Parking, Lift, Gymnasium, Multipurpose hall",Bistari Impian Apartment,,Leasehold,"Jalan Serantau, Off Jalan Dato Jaafar, Johor Bahru, Johor",2006.0,16,512,Apartment,1,High,Non Bumi Lot,360000,Johor,9,327.27272727272725
4.0,2.0,1390,"Gymnasium, Barbeque area, Security, Multipurpose hall, Minimart, Playground, Swimming Pool, Parking, Lift, Jogging Track, Club house",Austin Suites,Mah Sing Group Berhad,Freehold,"Jalan Austin Perdana 1, Johor Bahru, Johor",2014.0,21,460,Service Residence,2,Low,Non Bumi Lot,470000,Johor,11,338.1294964028777
3.0,2.0,1224,,Vista Komanwel A,,Freehold,"Jalan Barat, Bandar Bukit Jalil, Bukit Jalil, Kuala Lumpur",,18,,Condominium,1,Low,Non Bumi Lot,390000,Kuala Lumpur,,318.62745098039215
3.0,2.0,1030,"Gymnasium, Tennis Court, Jogging Track, Sauna, Parking, Security, Swimming Pool, Playground",Magna Ville Condominium,Magna Park Sdn Bhd,Leasehold,"Off Lebuhraya Selayang - Kepong, Taman Selayang Jaya, Selayang, Selangor",2010.0,22,1074,Condominium,1,Medium,Non Bumi Lot,260000,Selangor,8,252.4271844660194
2.0,1.0,689,"Minimart, Parking, Security, Playground",Arena Green,Berjaya Land,Freehold,"Jalan 1/115a, Bukit Jalil, Bukit Jalil, Kuala Lumpur",2000.0,11,1240,Condominium,1,High,Non Bumi Lot,270000,Kuala Lumpur,4,391.8722786647315
3.0,2.0,800,"Minimart, Playground, Security, Parking",Arena Green,Berjaya Land,Freehold,"Jalan 1/115a, Bukit Jalil, Bukit Jalil, Kuala Lumpur",2000.0,11,1240,Condominium,1,Low,Non Bumi Lot,340000,Kuala Lumpur,4,425.0
2.0,1.0,550,,Bandar Teknologi Kajang Flat,,Freehold,"Bandar Teknologi Kajang, Semenyih, Semenyih, Selangor",,,,Flat,,High,Non Bumi Lot,65000,Selangor,,118.18181818181819
3.0,2.0,947,,The Aliff Residences,MB Group,Leasehold,"Jalan Tampoi,, Johor Bahru, Johor",,,,Service Residence,,Low,Bumi Lot,400000,Johor,,422.3864836325238
2.0,1.0,531,,Seksyen 1 Wangsa Maju Flat,,Leasehold,"Jalan 3/27A Seksyen 1, Wangsa Maju, Kuala Lumpur",,,,Flat,,Medium,Bumi Lot,185000,Kuala Lumpur,,348.39924670433146
3.0,2.0,710,,Apartment Bayu,,Leasehold,"Jalan PJU 10/4, Damansara Damai, Petaling Jaya, Selangor",,5,40,Apartment,1,,Non Bumi Lot,280000,Selangor,,394.36619718309856
3.0,2.0,1100,"Security, Parking, Playground, Lift, Swimming Pool",Subang Ville Aman Luxury,,Freehold,"Jalan PJS 10/11, SS 10, Taman Sri Subang, Petaling Jaya, Selangor",,11,60,Condominium,1,Medium,Non Bumi Lot,380000,Selangor,5,345.45454545454544
3.0,2.0,732,"Parking, Security, Playground",Taman Cemerlang,,Freehold,"Block 224, Jalan Jelutong, Jelutong, Penang",1997.0,5,160,Apartment,1,Medium,Non Bumi Lot,300000,Penang,3,409.8360655737705
3.0,2.0,1100,"Security, Gymnasium, Tennis Court, Swimming Pool, Sauna, Barbeque area, Parking, Minimart, Playground",Sri Putramas,Mayland,Freehold,"No. 1, Jalan Putramas 1, Off Jalan Kuching, Jalan Kuching, Kuala Lumpur",2004.0,25,1220,Condominium,1,,Non Bumi Lot,400000,Kuala Lumpur,9,363.6363636363636
2.0,2.0,845,"Parking, Security, Lift, Swimming Pool, Playground, Multipurpose hall, Gymnasium, Sauna, Barbeque area, Minimart, Jogging Track",Razak City Residences,Razak City Residences,Freehold,"Razak City, Lebuhraya Sungai Besi Besraya, Sungai Besi, Kuala Lumpur",,,,Service Residence,,Medium,Non Bumi Lot,340000,Kuala Lumpur,11,402.36686390532543
3.0,2.0,657,,Tasek Seri Alam,,Freehold,"Jalan Tasek 64, Pasir Gudang, Johor",,,,Flat,,High,Bumi Lot,135000,Johor,,205.4794520547945
3.0,2.0,1050,"Gymnasium, Parking, Playground, Multipurpose hall, Security, Lift, Swimming Pool, Barbeque area",Legend Height,JL99 Group,Leasehold,"Jalan Udang Siar 2, Taman Sri Segambut, Segambut, Kuala Lumpur",,40,558,Service Residence,2,Medium,Non Bumi Lot,575000,Kuala Lumpur,8,547.6190476190476
3.0,2.0,1055,"Parking, Security, Lift, Swimming Pool, Playground, Gymnasium, Sauna, Barbeque area, Minimart, Multipurpose hall, Club house, Jogging Track, Tennis Court, Squash Court",Puncak Saujana,,Freehold,"Persiaran Puncak Saujana, Kajang, Selangor",,,,Apartment,2,High,Bumi Lot,290000,Selangor,14,274.8815165876777
3.0,2.0,1300,"Playground, Tennis Court, Sauna, Squash Court, Club house, Security, Swimming Pool, Gymnasium, Jogging Track, Parking, Minimart, Lift, Barbeque area",Setia Tri-Angle Residential Condominiums,Setia Promenade Sdn Bhd (SP Setia),Freehold,"Persiaran Kelicap, Bayan Lepas, Penang",2015.0,6,225,Condominium,2,,Non Bumi Lot,538000,Penang,13,413.84615384615387
3.0,2.0,850,"Parking, Security, Lift, Swimming Pool, Playground, Gymnasium, Sauna, Barbeque area, Minimart, Multipurpose hall, Club house, Jogging Track, Tennis Court, Squash Court",Alam Budiman (Sri Budiman),SHL Consolidated Berhad,Freehold,"Jalan Pulau Lumut U10/76f, Setia Alam, Selangor",,,536,Apartment,1,High,Bumi Lot,230000,Selangor,14,270.5882352941176
4.0,2.0,1533,"Parking, Security, Lift, Swimming Pool, Gymnasium, Barbeque area, Minimart, Multipurpose hall",Sri Suajaya Condominiums,,Freehold,"Jalan Kampung Bandar Dalam, Sentul, Kuala Lumpur",1996.0,18,500,Condominium,1,Medium,Bumi Lot,380000,Kuala Lumpur,8,247.87997390737118
1.0,1.0,460,"Parking, Swimming Pool, Minimart, Playground, Security, Lift, Gymnasium, Tennis Court, Jogging Track",Vista Impiana,LBS Bina Group Berhad,Leasehold,"Jalan Bukit Serdang 10/2, Taman Bukit Serdang, Seri Kembangan, Selangor",2004.0,21,,Condominium,1,Medium,Non Bumi Lot,173000,Selangor,9,376.0869565217391
3.0,2.0,950,"Parking, Security, Lift, Swimming Pool, Playground, Gymnasium, Sauna, Barbeque area, Minimart, Multipurpose hall, Club house, Jogging Track, Tennis Court, Squash Court",D'Cerrum Apartment,SP Setia Berhad,Freehold,"Jalan Ecohill 1/2, Semenyih, Selangor",2019.0,,635,Apartment,2,High,Bumi Lot,260000,Selangor,14,273.6842105263158
3.0,2.0,750,"Parking, Security, Lift, Playground, Gymnasium, Sauna, Barbeque area, Minimart, Multipurpose hall, Club house, Jogging Track, Tennis Court, Squash Court",De Cendana,,Freehold,"Persiaran Setia Makmur, Setia Alam, Selangor",,,,Apartment,,Low,Bumi Lot,250000,Selangor,13,333.3333333333333
2.0,2.0,856,"Parking, Security, Lift, Swimming Pool, Playground, Gymnasium, Sauna, Barbeque area, Minimart, Multipurpose hall, Club house, Jogging Track, Tennis Court, Squash Court",Maxim Citilights,Meridian Maxim Sdn Bhd,Leasehold,"Jalan Sentul Pasar, Sentul Pasar, Sentul, Kuala Lumpur",2017.0,36,1338,Service Residence,1,High,Non Bumi Lot,315000,Kuala Lumpur,14,367.9906542056075
3.0,2.0,850,"Parking, Security, Lift, Swimming Pool, Playground, Gymnasium, Sauna, Barbeque area, Minimart, Multipurpose hall, Club house, Jogging Track, Tennis Court, Squash Court",Laguna Biru,SPNB,Leasehold,"Jalan Tasik Biru 1 Off Jalan Setia, Kundang, Rawang, Selangor",,,891,Apartment,1,High,Bumi Lot,180000,Selangor,14,211.76470588235293
3.0,2.0,947,"Parking, Jogging Track, Barbeque area, Club house, Playground, Tennis Court, Security, Gymnasium, Sauna",The Spring,IJM LAND BERHAD,Leasehold,"Lebuh Sungai Pinang 2, Jelutong, Penang",2017.0,22,396,Condominium,2,,Non Bumi Lot,560000,Penang,9,591.3410770855332
3.0,2.0,925,"Parking, Jogging Track, Barbeque area, Club house, Playground, Tennis Court, Security, Gymnasium, Sauna",The Spring,IJM LAND BERHAD,Leasehold,"Lebuh Sungai Pinang 2, Jelutong, Penang",2017.0,22,396,Condominium,2,,Non Bumi Lot,502000,Penang,9,542.7027027027027
2.0,2.0,795,"Lift, Parking, Security, Swimming Pool, Gymnasium",The Clovers,Asia Green Group,Freehold,"Jalan Merbah Off Jalan Dato Ismail Hashim, Sungai Ara, Penang",2017.0,42,670,Condominium,2,,Non Bumi Lot,400000,Penang,5,503.1446540880503
3.0,3.0,1598,"Parking, Swimming Pool, Lift, Gymnasium, Security",The Clovers,Asia Green Group,Freehold,"Jalan Merbah Off Jalan Dato Ismail Hashim, Sungai Ara, Penang",2017.0,42,670,Condominium,2,,Non Bumi Lot,610000,Penang,5,381.7271589486859
3.0,2.0,1483,"Parking, Security, Lift, Swimming Pool, Multipurpose hall, Minimart, Sauna, Barbeque area, Gymnasium, Playground, Club house",Green Haven @ Kota Puteri,Welton Development Sdn. Bhd.,Freehold,"Kota Puteri, Masai, Johor",2017.0,46,1134,Service Residence,2,High,Non Bumi Lot,558888,Johor,11,376.8631153068105
3.0,2.0,753,"Parking, Security, Swimming Pool, Lift, Playground, Barbeque area",Simfoni @ Eco Majestic,,Freehold,"Jalan Eco Majestic 3A/5, Semenyih, Selangor",,,,Apartment,,,Non Bumi Lot,185000,Selangor,6,245.68393094289507
3.0,2.0,1214,"Minimart, Security, Parking, Lift, Swimming Pool, Playground, Barbeque area, Sauna, Gymnasium, Jogging Track, Tennis Court, Squash Court",Sky Loft Premium Suites @ Bukit Indah,Setia Promenade Sdn Bhd (SP Setia),Freehold,"Jalan Indah 15/2, Bukit Indah, Johor Bahru, Johor",,,374,Service Residence,1,Medium,Non Bumi Lot,520000,Johor,12,428.33607907743
3.0,2.0,1033,"Security, Gymnasium, Parking, Lift, Swimming Pool, Playground, Barbeque area, Multipurpose hall",Mutiara Residence,,Leasehold,"Jalan Raya 4, Seri Kembangan, Selangor",,,228,Service Residence,,,Non Bumi Lot,290000,Selangor,8,280.7357212003872
3.0,2.0,850,"Parking, Security, Lift, Swimming Pool, Playground",Residensi Laguna Biru 2,,Leasehold,"Jalan Tasik Biru 2, Rawang, Selangor",,,,Apartment,2,,Non Bumi Lot,230000,Selangor,5,270.5882352941176
3.0,2.0,1033,"Barbeque area, Security, Gymnasium",Mutiara Residences @ Serdang,Andaman Group,Leasehold,"Jalan Raya Satu, Off Jalan Raya 4, Seri Kembangan, Selangor",2014.0,12,228,Service Residence,,,Non Bumi Lot,290000,Selangor,3,280.7357212003872
3.0,2.0,850,"Swimming Pool, Playground, Lift, Parking, Security, Gymnasium",M Vertica,Mah Sing Group Berhad,Leasehold,"Off Jalan Cheras, Taman Pertama, Cheras, Kuala Lumpur",2023.0,50,3600,Condominium,1,,Non Bumi Lot,480000,Kuala Lumpur,6,564.7058823529412
2.0,2.0,650,"Lift, Barbeque area, Parking, Security, Playground, Swimming Pool, Gymnasium",Majestic Maxim,Maxim Holdings,Leasehold,"Jalan 9/142, Taman Connaught, Cheras, Kuala Lumpur",2021.0,44,2136,Service Residence,1,High,Non Bumi Lot,380000,Kuala Lumpur,7,584.6153846153846
3.0,2.0,819,"Parking, Security, Swimming Pool, Playground, Gymnasium, Lift",Majestic Maxim,Maxim Holdings,Leasehold,"Jalan 9/142, Taman Connaught, Cheras, Kuala Lumpur",2021.0,44,2136,Service Residence,1,High,Non Bumi Lot,440000,Kuala Lumpur,6,537.2405372405373
3.0,2.0,1400,"Parking, Security, Lift, Swimming Pool, Playground, Gymnasium, Sauna, Barbeque area",Tanjung Park Condominium,,Freehold,"Persiaran Lengkuas, Tanjong Tokong, Penang",2003.0,25,285,Condominium,2,Low,Non Bumi Lot,750000,Penang,8,535.7142857142857
3.0,2.0,850,"Parking, Security, Lift, Swimming Pool, Playground, Gymnasium, Sauna, Barbeque area, Minimart, Multipurpose hall, Club house, Jogging Track, Tennis Court, Squash Court",Lakefront Homes @ Cyberjaya,LakeFront Residence Sdn Bhd,Freehold,"Lot 108634, Persiaran Sepang, Cyber 11, Cyberjaya, Selangor",2021.0,42,1311,Condominium,2,High,Bumi Lot,311000,Selangor,14,365.88235294117646
3.0,2.0,956,"Parking, Security, Lift, Swimming Pool, Playground, Gymnasium, Sauna, Barbeque area, Minimart, Multipurpose hall, Club house, Jogging Track, Tennis Court, Squash Court",Savanna Executive Suites,Mah Sing Group Berhad,Freehold,"Lebuhraya KL-Serermban, Sungai Besi, Bangi, Selangor",,,,Service Residence,2,High,Bumi Lot,290000,Selangor,14,303.34728033472805
3.0,2.0,750,"Parking, Security, Lift, Swimming Pool, Playground, Gymnasium, Sauna, Barbeque area, Minimart, Multipurpose hall, Club house, Jogging Track, Tennis Court, Squash Court",Suria Rafflesia,Sunsuria Berhad,Freehold,"Precinct 12 Off Persiaran Setia Prima, Setia Alam, Selangor",,10,360,Apartment,2,Low,Bumi Lot,270000,Selangor,14,360.0
3.0,2.0,1012,"Parking, Playground, Gymnasium, Swimming Pool, Barbeque area, Security, Jogging Track",Summer Place,Jelutong Development Sdn. Bhd. (IJM Land),Leasehold,"Lebuh Sungai Pinang 8, Jelutong, Georgetown, Penang",2011.0,22,531,Condominium,2,,Non Bumi Lot,660000,Penang,7,652.1739130434783
3.0,3.0,1598,"Parking, Security, Swimming Pool, Lift, Gymnasium, Playground, Barbeque area",The Clovers,Asia Green Group,Freehold,"Jalan Merbah Off Jalan Dato Ismail Hashim, Sungai Ara, Penang",2017.0,42,670,Condominium,2,,Non Bumi Lot,615000,Penang,7,384.8560700876095
3.0,2.0,1165,"Security, Barbeque area, Playground, Gymnasium, Swimming Pool, Jogging Track",The Golden Triangle,GSV Development Sdn Bhd,Freehold,"Jalan Paya Terubong, Off Jalan Dato Ismail Hashim, Relau, Penang",2021.0,,406,Condominium,1,,Non Bumi Lot,499000,Penang,6,428.3261802575107
4.0,2.0,1161,"Barbeque area, Parking, Security, Playground, Jogging Track, Gymnasium",Golden Triangle 2,GSV Development Sdn Bhd,Freehold,"Jalan Dato Ismail Hashim, Sungai Ara, Penang",2021.0,38,406,Condominium,2,,Non Bumi Lot,680000,Penang,6,585.7019810508183
3.0,2.0,1161,"Security, Playground, Gymnasium, Parking, Jogging Track, Barbeque area",Golden Triangle 2,GSV Development Sdn Bhd,Freehold,"Jalan Dato Ismail Hashim, Sungai Ara, Penang",2021.0,38,406,Condominium,2,,Non Bumi Lot,645000,Penang,6,555.5555555555555
5.0,4.0,3000,"Playground, Swimming Pool, Security, Gymnasium, Jogging Track, Barbeque area",The Golden Triangle,GSV Development Sdn Bhd,Freehold,"Jalan Paya Terubong, Off Jalan Dato Ismail Hashim, Relau, Penang",2021.0,,406,Condominium,3,,Non Bumi Lot,950000,Penang,6,316.6666666666667
4.0,3.0,1650,"Multipurpose hall, Security, Swimming Pool, Playground, Gymnasium, Barbeque area, Sauna, Parking",Fiera Vista,Ideal Property Group,Freehold,"Jalan Tun Dr Awang, Bayan Lepas, Penang",2014.0,16,470,Condominium,2,,Non Bumi Lot,750000,Penang,8,454.54545454545456
3.0,2.0,780,"Barbeque area, Security, Minimart, Playground, Parking, Lift",Kinrara Putri,,Leasehold,"Jalan TK 4/12, Taman Kinrara Seksyen 4, Puchong, Selangor",,,,Apartment,1,Medium,Non Bumi Lot,258000,Selangor,6,330.7692307692308
5.0,2.0,1164,"Playground, Jogging Track, Security, Swimming Pool, Parking, Minimart",Melawis Apartment,,Freehold,"Jalan Pendidikan 1, Skudai, Johor",,5,,Apartment,,Medium,Non Bumi Lot,298888,Johor,6,256.7766323024055
3.0,2.0,1020,"Parking, Swimming Pool, Security, Barbeque area, Playground, Gymnasium",Fortuna Court,Sunrise Berhad,Freehold,"Jalan Awan Cina, Taman Yarl, Old Klang Road, Kuala Lumpur",1989.0,12,140,Condominium,1,,Non Bumi Lot,330000,Kuala Lumpur,6,323.52941176470586
3.0,2.0,990,"Security, Swimming Pool, Playground, Parking, Multipurpose hall, Minimart, Lift, Gymnasium",Diamond Regency,Renown Inspiration,Freehold,"No.18 Jalan 3/50, Off Jalan Gombak, Setapak, Kuala Lumpur",2007.0,20,196,Condominium,2,,Non Bumi Lot,410000,Kuala Lumpur,8,414.14141414141415
3.0,2.0,650,"Parking, Lift, Playground, Minimart, Multipurpose hall",Pangsapuri Segar Ria,,Freehold,"Off Jalan Manis, Taman Segar, Cheras, Kuala Lumpur",,16,,Apartment,,Medium,Bumi Lot,160000,Kuala Lumpur,5,246.15384615384616
3.0,2.0,682,"Security, Playground, Parking, Minimart, Jogging Track",Seroja Apartment,S P Setia Bhd,Freehold,"Jalan Setia Murni U13/50, Setia Alam, Selangor",,5,,Apartment,1,Medium,Bumi Lot,200000,Selangor,5,293.2551319648094
3.0,2.0,1024,,Lily & Jasmine,,Leasehold,"Taman Tampoi Indah, Johor Bahru, Johor",,4,,Apartment,,Low,Non Bumi Lot,299000,Johor,,291.9921875
3.0,2.0,1018,"Lift, Security, Parking, Swimming Pool, Playground, Gymnasium",The Holmes,Aset Kayamas,Leasehold,"Jalan Yaacob Latif,, Cheras, Kuala Lumpur",,,,Condominium,2,,Non Bumi Lot,470000,Kuala Lumpur,6,461.6895874263261
3.0,2.0,1250,"Parking, Gymnasium, Security, Lift, Swimming Pool, Playground",Vina Versatile Homes,Mitraland Group,Freehold,"Jalan Seri Taming, Taman Seri Taming,, Cheras, Kuala Lumpur",2016.0,,474,Condominium,2,,Non Bumi Lot,450000,Kuala Lumpur,6,360.0
3.0,3.0,1106,"Playground, Swimming Pool, Jogging Track, Barbeque area, Sauna, Security, Gymnasium, Multipurpose hall, Parking, Lift",The Holmes 2,Aset Kayamas Sdn Bhd,Leasehold,"Jalan Jujur, Bandar Tun Razak, Cheras, Kuala Lumpur",2021.0,43,493,Condominium,2,High,Non Bumi Lot,530000,Kuala Lumpur,10,479.20433996383366
3.0,2.0,1150,"Gymnasium, Parking, Minimart, Swimming Pool, Security, Playground, Barbeque area",Wangsa Metroview,Peluang Mutiara,Freehold,"No. 1A, Jalan Metro Wangsa, Wangsa Maju, Kuala Lumpur",2005.0,,,Condominium,1,,Non Bumi Lot,380000,Kuala Lumpur,7,330.4347826086956
2.0,1.0,514,,Flat Bandar Selasa Jaya Silat Lincah,,Freehold,"9, Jalan Silat Lincah 6, Bandar Selesa Jaya, 81300 Skudai, Johor, Johor, Skudai",,,,Flat,,Medium,Non Bumi Lot,108000,Skudai,,210.11673151750972
1.0,1.0,506,,The Garden Residences,Scientex (Skudai),Leasehold,"Jalan Persiaran Mutiara Mas, Skudai, Johor",2021.0,21,613,Condominium,,High,Non Bumi Lot,225000,Johor,,444.6640316205534
3.0,2.0,1050,,Desa View Towers Apartment,,Freehold,"Jalan Kolam Air, Setapak, Kuala Lumpur",1993.0,14,,Apartment,1,,Non Bumi Lot,285000,Kuala Lumpur,,271.42857142857144
2.0,1.0,667,,Beverly Hills 2,,Leasehold,"Jalan Bundusan, Kota Kinabalu, Sabah",,,,Apartment,,High,Non Bumi Lot,238000,Sabah,,356.8215892053973
3.0,2.0,850,"Security, Jogging Track, Minimart, Playground",Taman Larkin Idaman Plot C,,Leasehold,"Jalan Idaman Utama, Johor Bahru, Johor",2009.0,13,,Apartment,,High,Non Bumi Lot,218000,Johor,4,256.47058823529414
3.0,2.0,850,"Parking, Security, Swimming Pool, Playground, Lift, Jogging Track",Apartment Ria 2 @ Taman Megah Ria Masai,,Freehold,"Taman Megah Ria, Masai, Johor",,,,Apartment,,Low,Non Bumi Lot,218000,Johor,6,256.47058823529414
3.0,2.0,914,,Sky88 Residence Bundusan,,Freehold,"Bundusan, Sabah, Kota Kinabalu",,,,Condominium,1,Medium,Non Bumi Lot,537500,Kota Kinabalu,,588.074398249453
3.0,2.0,1050,"Playground, Jogging Track, Security, Swimming Pool, Parking, Gymnasium",One Imperial,Ideal Property Group,Freehold,"Off Jalan Dato Ismail Hashim, Sungai Ara, Penang",2016.0,20,771,Condominium,2,,Non Bumi Lot,545000,Penang,6,519.047619047619
3.0,2.0,1200,"Parking, Gymnasium, Swimming Pool, Jogging Track, Playground, Security",One Imperial,Ideal Property Group,Freehold,"Off Jalan Dato Ismail Hashim, Sungai Ara, Penang",2016.0,20,771,Condominium,2,,Non Bumi Lot,550000,Penang,6,458.3333333333333
4.0,2.0,1270,"Security, Gymnasium, Barbeque area, Parking, Playground, Swimming Pool, Lift",Greenlane Park,,Freehold,"Solok Tembaga, Island Park, Greenlane, Penang",2005.0,27,,Condominium,2,,Non Bumi Lot,670000,Penang,7,527.5590551181102
4.0,2.0,1487,"Multipurpose hall, Security, Barbeque area, Parking, Swimming Pool, Gymnasium, Lift, Playground",98 Nibong Residence,PLB Land Sdn Bhd,Freehold,"Persiaran Pantai Jerjak 1, Kampung Sungai Nibong, Bayan Lepas, Penang",2015.0,18,107,Condominium,3,,Non Bumi Lot,875000,Penang,8,588.4330867518494
3.0,2.0,960,"Security, Parking, Playground",Pangsapuri Seri Siantan,,Leasehold,"Jalan Serdang Raya 5/5, Taman Serdang Raya, 43300, Seri Kembangan, Selangor",,8,,Apartment,1,High,Non Bumi Lot,295000,Selangor,3,307.2916666666667
1.0,1.0,667,"Swimming Pool, Multipurpose hall, Gymnasium, Playground, Barbeque area, Security, Sauna, Parking, Lift",KU Suites,Paramount Property,Freehold,"Jalan Bukit Kemuning, Off Jalan Kemuning Prima, Kemuning Utama, Shah Alam, Selangor",2015.0,18,238,Service Residence,2,Medium,Non Bumi Lot,380000,Selangor,9,569.7151424287856
3.0,2.0,1700,"Security, Playground, Gymnasium, Barbeque area, Swimming Pool, Multipurpose hall, Parking, Lift",The Edge Residen,Dergahayu Sdn Bhd,Leasehold,"Persiaran Subang Indah, Subang Jaya, Selangor",2018.0,29,447,Service Residence,3,Medium,Non Bumi Lot,625000,Selangor,8,367.6470588235294
4.0,2.0,1364,"Gymnasium, Minimart, Playground, Security, Sauna, Lift, Parking, Swimming Pool",Suasana Lumayan,Danau Lumayan Sdn Bhd,Leasehold,"Jalan Tasik Permaisuri 2, Bandar Tun Razak, Cheras, Kuala Lumpur",2015.0,24,900,Condominium,1,Medium,Non Bumi Lot,510000,Kuala Lumpur,8,373.90029325513194
4.0,2.0,1142,"Minimart, Security, Gymnasium, Playground, Sauna, Parking, Lift, Swimming Pool",Suasana Lumayan,Danau Lumayan Sdn Bhd,Leasehold,"Jalan Tasik Permaisuri 2, Bandar Tun Razak, Cheras, Kuala Lumpur",2015.0,24,900,Condominium,1,,Non Bumi Lot,460000,Kuala Lumpur,8,402.8021015761821
1.0,1.0,547,"Security, Lift, Parking, Swimming Pool, Playground, Minimart, Gymnasium, Multipurpose hall, Sauna, Barbeque area",The Netizen @ Bandar Tun Hussein Onn,KEB Group,Freehold,"Jalan Lengkok 1-B, Taman Cheras Perdana, Batu 10, Cheras, Selangor",2019.0,,1196,Condominium,1,High,Non Bumi Lot,320000,Selangor,10,585.0091407678245
3.0,2.0,1018,"Parking, Security, Lift, Gymnasium, Swimming Pool, Playground",The Holmes,Aset Kayamas,Leasehold,"Jalan Yaacob Latif,, Cheras, Kuala Lumpur",,,,Condominium,2,High,Non Bumi Lot,470000,Kuala Lumpur,6,461.6895874263261
4.0,2.0,1142,"Security, Minimart, Playground, Gymnasium, Sauna, Lift, Swimming Pool, Parking",Suasana Lumayan,Danau Lumayan Sdn Bhd,Leasehold,"Jalan Tasik Permaisuri 2, Bandar Tun Razak, Cheras, Kuala Lumpur",2015.0,24,900,Condominium,2,Low,Non Bumi Lot,490000,Kuala Lumpur,8,429.0718038528897
2.0,2.0,650,"Lift, Barbeque area, Parking, Security, Playground, Swimming Pool, Gymnasium",Majestic Maxim,Maxim Holdings,Leasehold,"Jalan 9/142, Taman Connaught, Cheras, Kuala Lumpur",2021.0,44,2136,Service Residence,1,,Non Bumi Lot,360000,Kuala Lumpur,7,553.8461538461538
3.0,2.0,872,"Parking, Security, Swimming Pool, Playground, Multipurpose hall, Club house",Indah Condominium,,Leasehold,"Jalan PJU 10/9, Prima Damansara, Petaling Jaya, Selangor",,,,Condominium,1,High,Bumi Lot,270000,Selangor,6,309.6330275229358
2.0,1.0,494,,Flat Taman Ungku Tun Aminah,Tasek Maju Realty Sdn Bhd,Freehold,"Taman Ungku Tun Aminah, Skudai, Johor",,,,Apartment,,Medium,Non Bumi Lot,168000,Johor,,340.08097165991904
1.0,1.0,295,"Parking, Security, Lift, Swimming Pool, Playground, Multipurpose hall, Gymnasium, Sauna, Barbeque area, Jogging Track",Trellis Residences,,Freehold,"Jalan Abdul Rahman Andak, Johor Bahru, Johor",,,1737,Service Residence,,,Non Bumi Lot,210000,Johor,10,711.8644067796611
2.0,2.0,657,,KSL Residence 2 @ Kangkar Tebrau,KSL Holdings Berhad,Leasehold,"Jalan Kangkar Tebrau, Johor Bahru, Johor",,,,Condominium,,,Non Bumi Lot,302000,Johor,,459.66514459665143
1.0,8.0,463,,KSL Residence 2 @ Kangkar Tebrau,KSL Holdings Berhad,Freehold,"Jalan Kangkar Tebrau, Johor Bahru, Johor",,,,Condominium,,,Non Bumi Lot,210000,Johor,,453.56371490280776
2.0,2.0,700,,Artis 3,Airmas Group,Freehold,"Jalan Tengku,, Jelutong, Penang",,,,Condominium,1,,Non Bumi Lot,530000,Penang,,757.1428571428571
3.0,2.0,1690,"Security, Lift, Playground, Parking, Tennis Court",Cyber Heights Villa,Country Heights Holdings Berhad,Freehold,"Jalan Cyber Suria, Cyberjaya, Selangor",2014.0,10,117,Apartment,1,Low,Non Bumi Lot,515000,Selangor,5,304.73372781065086
3.0,2.0,1690,"Security, Lift, Playground, Parking",Cyber Heights Villa,Country Heights Holdings Berhad,Freehold,"Jalan Cyber Suria, Cyberjaya, Selangor",2014.0,10,117,Apartment,2,Low,Non Bumi Lot,420000,Selangor,4,248.5207100591716
3.0,2.0,1021,"Swimming Pool, Sauna, Multipurpose hall, Minimart, Squash Court, Barbeque area, Parking, Security, Playground, Lift, Gymnasium, Club house",Subang Avenue,Sime UEP Development,Freehold,"Jalan Kemajuan Subang, Subang Jaya, Selangor",2009.0,10,280,Apartment,1,Medium,Non Bumi Lot,522500,Selangor,12,511.7531831537708
3.0,2.0,1034,"Playground, Swimming Pool, Gymnasium, Parking, Security, Sauna, Lift",Penhill Perdana Condominium,,Freehold,"Hill Railway Road, Ayer Itam, Penang",2007.0,16,122,Condominium,2,,Non Bumi Lot,500000,Penang,7,483.55899419729207
3.0,2.0,700,"Parking, Security, Lift",Taman Terubong Indah (Majestic Heights),,Freehold,"Tingkat Paya Terubong 4, Ayer Itam, Penang",2003.0,23,2115,Flat,1,,Non Bumi Lot,230000,Penang,3,328.57142857142856
3.0,2.0,880,"Parking, Playground, Lift",Apartment Mahkota 1,,Freehold,"Jalan Penghulu 7/3, Bandar Mahkota Cheras, Kajang, Selangor",,6,,Apartment,1,Medium,Non Bumi Lot,280000,Selangor,3,318.1818181818182
3.0,2.0,926,,Midas Perling Apartment,Midas Season Sdn Bhd ( a subsiadary of Northstar Frontier Sdn Bhd ),Freehold,"Jalan Persisiran Perling, Johor Bahru, Johor",2018.0,,382,Apartment,,High,Non Bumi Lot,399000,Johor,,430.8855291576674
3.0,2.0,1100,"Multipurpose hall, Parking, Playground, Security, Jogging Track, Barbeque area, Swimming Pool, Gymnasium",Imperial Residences,Ideal Property Group,Freehold,"Lilitan Sungai Ara, Off Jalan Dato Ismail Hashim, Sungai Ara, Penang",2016.0,30,816,Condominium,2,,Non Bumi Lot,550000,Penang,8,500.0
3.0,2.0,1100,"Gymnasium, Barbeque area, Multipurpose hall, Security, Playground, Swimming Pool, Parking, Jogging Track",Imperial Residences,Ideal Property Group,Freehold,"Lilitan Sungai Ara, Off Jalan Dato Ismail Hashim, Sungai Ara, Penang",2016.0,30,816,Condominium,2,,Non Bumi Lot,530000,Penang,8,481.8181818181818
3.0,2.0,1273,,Prominence @ Bukit Mertajam,Bionic Land,Freehold,"Off Kampung Permatang Batu, Bukit Mertajam, Penang",2016.0,33,412,Condominium,1,High,Non Bumi Lot,490000,Penang,,384.917517674784
3.0,2.0,848,,Taman Ratna,Rethiko Sdn Bhd,Freehold,"Taman Ratna, Butterworth, Penang",,,,Flat,,Medium,Non Bumi Lot,65000,Penang,,76.65094339622641
3.0,2.0,700,"Barbeque area, Parking, Security, Jogging Track, Minimart, Tennis Court, Playground, Swimming Pool, Gymnasium, Lift",Sinar Bukit Dumbar,,Freehold,"98, Jalan Faraday, Bukit Dumbar,, Jelutong, Penang",1999.0,23,433,Apartment,1,Medium,Non Bumi Lot,330000,Penang,10,471.42857142857144
3.0,2.0,838,"Parking, Jogging Track, Barbeque area, Security, Playground, Swimming Pool, Gymnasium, Lift",Asia Heights,Asia Green Group,Freehold,"Lorong Semarak Api 3, Ayer Itam, Penang",2007.0,22,816,Condominium,2,,Non Bumi Lot,390000,Penang,8,465.39379474940336
2.0,1.0,494,,Flat Taman Ungku Tun Aminah,Tasek Maju Realty Sdn Bhd,Freehold,"Taman Ungku Tun Aminah, Skudai, Johor",,,,Flat,,Low,Non Bumi Lot,158000,Johor,,319.83805668016197
1.0,1.0,723,"Multipurpose hall, Barbeque area, Security, Minimart, Swimming Pool, Playground, Gymnasium, Parking, Lift",TTDI Adina,Naza TTDI Sdn. Bhd.,Leasehold,"Seksyen 13, Shah Alam, Selangor",2014.0,21,308,Condominium,1,Medium,Non Bumi Lot,320000,Selangor,9,442.6002766251729
3.0,2.0,819,"Lift, Parking, Security, Playground, Swimming Pool, Gymnasium",Majestic Maxim,Maxim Holdings,Leasehold,"Jalan 9/142, Taman Connaught, Cheras, Kuala Lumpur",2021.0,44,2136,Service Residence,1,,Non Bumi Lot,440000,Kuala Lumpur,6,537.2405372405373
3.0,2.0,990,"Playground, Swimming Pool, Parking, Security, Lift, Gymnasium",Rumbia Residence @ Ari Permaisuri,Dwitasik Sdn Bhd,Leasehold,"Off Jalan Sri Permaisuri, Bandar Sri Permaisuri, Cheras, Kuala Lumpur",2021.0,35,284,Condominium,2,High,Non Bumi Lot,580000,Kuala Lumpur,6,585.8585858585859
3.0,2.0,1104,"Parking, Gymnasium, Swimming Pool, Sauna, Security, Playground, Barbeque area, Lift",The Holmes 2,Aset Kayamas Sdn Bhd,Leasehold,"Jalan Jujur, Bandar Tun Razak, Cheras, Kuala Lumpur",2021.0,43,493,Condominium,2,High,Non Bumi Lot,510000,Kuala Lumpur,8,461.95652173913044
5.0,5.0,4300,"Security, Sauna, Parking, Playground, Barbeque area, Swimming Pool, Gymnasium, Jogging Track, Lift",H Residence (Pulau Tikus),Econy Development,Freehold,"Kelawai Road, Pulau Tikus, Penang, Pulau Tikus, Penang",2011.0,31,34,Condominium,3,,Non Bumi Lot,2280000,Penang,9,530.2325581395348
2.0,2.0,614,,Midas Perling Apartment,Midas Season Sdn Bhd ( a subsiadary of Northstar Frontier Sdn Bhd ),Freehold,"Jalan Persisiran Perling, Johor Bahru, Johor",2018.0,,382,Apartment,,,Non Bumi Lot,290000,Johor,,472.3127035830619
3.0,2.0,650,"Parking, Playground, Lift, Minimart",Taman Sri Pinang,,Leasehold,"Jalan Veterinari, Taman Sri Pinang, Georgetown, Penang",2003.0,23,1064,Apartment,,,Non Bumi Lot,180000,Penang,4,276.9230769230769
2.0,1.0,494,,Flat Taman Ungku Tun Aminah,Tasek Maju Realty Sdn Bhd,Freehold,"Taman Ungku Tun Aminah, Skudai, Johor",,,,Flat,,Low,Bumi Lot,158000,Johor,,319.83805668016197
4.0,2.0,991,"Playground, Multipurpose hall, Barbeque area, Swimming Pool, Gymnasium, Parking, Security, Sauna, Lift, Minimart",Alanis @ Warisan Puteri,Pilihan Teraju Sdn Bhd,Freehold,"Persiaran Warisan Warisan Puteri, Sepang, Selangor",2022.0,,1255,Service Residence,2,Medium,Non Bumi Lot,367000,Selangor,10,370.3329969727548
2.0,2.0,743,"Parking, Security, Lift, Swimming Pool, Playground, Gymnasium, Sauna, Barbeque area, Minimart, Multipurpose hall, Club house, Jogging Track, Tennis Court, Squash Court",Sentul Point Suite Apartment,UOA Group,Freehold,"Jalan Sentul Pasar, Sentul, Kuala Lumpur",2020.0,44,1400,Others,,High,Non Bumi Lot,350000,Kuala Lumpur,14,471.06325706594885
2.0,1.0,845,"Security, Swimming Pool, Barbeque area, Multipurpose hall, Playground, Gymnasium, Sauna",VIO Serviced Apartments @ SetiaWalk,Setia Promenade Sdn Bhd (SP Setia),Freehold,"Off Lebuhraya Damansara - Puchong (LDP), Puchong, Selangor",,,,Service Residence,1,High,Non Bumi Lot,428000,Selangor,7,506.50887573964496
3.0,3.0,1124,"Playground, Gymnasium, Multipurpose hall, Parking, Security, Swimming Pool",V-Residensi 2,B&G Property,Freehold,"Seksyen 22, Shah Alam, Selangor",2016.0,22,616,Service Residence,2,Low,Non Bumi Lot,498000,Selangor,6,443.06049822064057
3.0,2.0,833,"Parking, Security, Playground, Barbeque area, Multipurpose hall, Club house, Jogging Track",Desa Mutiara (Kajang),,Leasehold,"Off Jalan Sungai Jelok, Taman Desa Mutiara, Kajang, Selangor",,5,,Apartment,1,Low,Bumi Lot,168000,Selangor,7,201.68067226890756
2.0,1.0,550,,Desa Ixora,,Leasehold,"Solok Angsana, Ayer Itam, Penang",,,,Flat,,Low,Non Bumi Lot,185000,Penang,,336.3636363636364
3.0,2.0,939,,Seri Mutiara Apartment @ Setia Alam,Setia Precast Sdn Bhd,Freehold,"Persiaran Setia Gemilang, Setia Alam, Selangor",2015.0,25,636,Apartment,,,Non Bumi Lot,320000,Selangor,,340.7880724174654
1.0,1.0,535,"Parking, Sauna, Security, Multipurpose hall, Swimming Pool, Gymnasium, Lift",Golden Sands Seaview Residence Suites,Grand Action Sdn Bhd,Freehold,"Jalan Mahmoodiah Off Jalan Lingkaran Dalam, Johor Bahru, Johor",,,,Service Residence,,,Non Bumi Lot,330000,Johor,7,616.8224299065421
3.0,2.0,1000,"Swimming Pool, Barbeque area, Playground, Multipurpose hall",Imperial Grande,Ideal Property Group,Freehold,"Jalan Kampung Batak, Bayan Lepas, Penang",2021.0,45,938,Condominium,2,,Non Bumi Lot,570000,Penang,4,570.0
3.0,2.0,900,"Security, Parking, Lift, Swimming Pool, Playground, Minimart",Gambier Heights,,Freehold,"Persiaran Bukit Gambier 1, Gelugor, Penang",1999.0,23,730,Condominium,1,High,Non Bumi Lot,350000,Penang,6,388.8888888888889
3.0,2.0,700,"Parking, Security",Taman Batu Uban 2 Apartment,,Freehold,"Lintang Pantai Jerjak, Batu Uban, Gelugor, Penang",,,,Apartment,2,High,Non Bumi Lot,280000,Penang,2,400.0
2.0,2.0,728,"Lift, Parking, Gymnasium, Security, Swimming Pool",The Clovers,Asia Green Group,Freehold,"Jalan Merbah Off Jalan Dato Ismail Hashim, Sungai Ara, Penang",2017.0,42,670,Condominium,2,Medium,Non Bumi Lot,485000,Penang,5,666.2087912087912
3.0,2.0,800,"Parking, Security",Desa Singora,,Freehold,"No. 9, Lorong Singora,, Georgetown, Penang",1998.0,20,80,Apartment,1,Low,Non Bumi Lot,368000,Penang,2,460.0
3.0,2.0,1018,"Parking, Security, Lift, Gymnasium, Swimming Pool, Playground",The Holmes,Aset Kayamas,Leasehold,"Jalan Yaacob Latif,, Cheras, Kuala Lumpur",,,,Condominium,2,High,Non Bumi Lot,538000,Kuala Lumpur,6,528.4872298624755
3.0,2.0,1230,"Parking, Security, Lift, Swimming Pool, Playground, Gymnasium",Platinum III @ Teluk Kumbar Heights,TPPT Sdn. Bhd.,Freehold,"Off Jalan Bayan Lepas, Teluk Kumbar, Teluk Kumbar, Penang",2017.0,27,357,Condominium,2,,Non Bumi Lot,490000,Penang,6,398.3739837398374
3.0,2.0,657,,Pangsapuri Pendamar A (Port Klang),,Freehold,"Jalan Pendamaran, Port Klang, Selangor",,,,Apartment,,Medium,Non Bumi Lot,155000,Selangor,,235.9208523592085
3.0,2.0,650,,Pangsapuri Palma (Bandar Botanic),,Freehold,"Jalan Palma Raja 3/KS6, Bandar Botanic, Klang, Selangor",2015.0,3,,Apartment,,Low,Non Bumi Lot,150000,Selangor,,230.76923076923077
3.0,2.0,1250,"Jogging Track, Barbeque area, Swimming Pool, Sauna, Parking, Playground",Skyview Residence,Gema Intan Sdn. Bhd.,Freehold,"Lintang Penawar 3 Off Jalan Perak, Jelutong, Penang",2016.0,,252,Condominium,2,,Non Bumi Lot,730000,Penang,6,584.0
4.0,3.0,1000,"Playground, Lift, Parking, Security, Swimming Pool, Gymnasium",M Vertica,Mah Sing Group Berhad,Leasehold,"Off Jalan Cheras, Taman Pertama, Cheras, Kuala Lumpur",2023.0,50,3600,Condominium,2,,Non Bumi Lot,530000,Kuala Lumpur,6,530.0
5.0,2.0,956,"Security, Gymnasium, Parking, Playground, Swimming Pool, Lift",The Annex @ Medan Connaught,Majestic Group,Freehold,"Jalan 3/144a, Medan Connaught, Cheras, Kuala Lumpur",2019.0,,258,Service Residence,1,High,Non Bumi Lot,480000,Kuala Lumpur,6,502.092050209205
3.0,5.0,2510,"Swimming Pool, Gymnasium, Barbeque area, Sauna, Parking, Playground, Security, Jogging Track, Club house",Residensi Ledang @ East Ledang,UEM Sunrise Berhad,Freehold,"Persiaran Puteri Ledang, East Ledang, Iskandar Puteri, Johor",2015.0,3,117,Townhouse Condo,2,,Non Bumi Lot,698000,Johor,9,278.0876494023904
3.0,2.0,721,Parking,Flat Desa Pandan,,Leasehold,"Desa Pandan, Kuala Lumpur, Ampang",,,,Flat,,Medium,Bumi Lot,240000,Ampang,1,332.871012482663
3.0,2.0,850,,SRI INTAN,,Freehold,"Pangsapuri Sri Intan, Jalan Tasek, Bandar Baru Seri Alam, 81750 Masai, Johor, Johor, Masai",,,,Apartment,,Medium,Non Bumi Lot,180000,Masai,,211.76470588235293
2.0,1.0,506,,Flat Taman Ungku Tun Aminah,Tasek Maju Realty Sdn Bhd,Freehold,"Taman Ungku Tun Aminah, Skudai, Johor",,,,Apartment,,High,Non Bumi Lot,120000,Johor,,237.15415019762847
3.0,2.0,750,"Parking, Security, Playground",Pangsapuri Raya (Bandar Country Homes),,Freehold,"Off Jalan Desa Jaya, Bandar Country Homes, Rawang, Selangor",,5,,Apartment,1,Medium,Non Bumi Lot,155000,Selangor,3,206.66666666666666
3.0,2.0,800,"Swimming Pool, Jogging Track, Security, Parking","Casa Ria Apartment, Bandar Country Homes",,Freehold,"Jalan Desa 10/2 Off Jalan Desa Utama, Bandar Country Homes, Rawang, Rawang, Selangor",,,,Apartment,1,Medium,Non Bumi Lot,190000,Selangor,4,237.5
3.0,2.0,1100,"Security, Gymnasium, Parking, Swimming Pool, Minimart, Playground, Lift, Multipurpose hall",Menara Alpha,,Leasehold,"Jalan 4/27A, Wangsa Maju, Kuala Lumpur",,18,,Condominium,1,Low,Non Bumi Lot,325000,Kuala Lumpur,8,295.45454545454544
3.0,2.0,1280,"Parking, Security, Swimming Pool, Gymnasium, Playground, Tennis Court",Sri Bayu Apartments,,Freehold,"Jalan Pipit, Puchong, Selangor",,16,,Apartment,1,Medium,Non Bumi Lot,350000,Selangor,6,273.4375
3.0,2.0,1654,"Swimming Pool, Squash Court, Tennis Court, Playground, Parking, Security",Puteri Palma Condominium,IOI Properties Group,Freehold,"SKVE, IOI Resort, Putrajaya, Putrajaya",1998.0,15,198,Condominium,2,Medium,Non Bumi Lot,690000,Putrajaya,6,417.1704957678356
3.0,2.0,700,"Parking, Gymnasium, Barbeque area, Jogging Track, Multipurpose hall, Playground, Security, Lift, Swimming Pool",Melody Homes,Belleview Group,Freehold,"Lebuhraya Thean Teik, Farlim,, Ayer Itam, Penang",2012.0,30,500,Apartment,1,High,Non Bumi Lot,325000,Penang,9,464.2857142857143
3.0,2.0,700,"Parking, Security, Lift, Playground",Villa Condominium,,Freehold,"Lebuh Relau 2, Taman Relau,, Relau, Penang",1994.0,5,360,Condominium,1,,Non Bumi Lot,265000,Penang,4,378.57142857142856
3.0,2.0,650,"Playground, Lift, Parking, Security",Sri Wangsa,,Freehold,"SRI WANGSA 1 TAMAN ARA 11600 JELUTONG, Jelutong, Penang",,,,Apartment,1,High,Non Bumi Lot,260000,Penang,4,400.0
3.0,2.0,980,"Security, Parking, Lift",Mutiara Court (Penang),,Freehold,"Lorong Delima 20, Gelugor, Penang",1989.0,3,186,Apartment,1,Low,Non Bumi Lot,500000,Penang,3,510.2040816326531
3.0,2.0,1419,"Sauna, Security, Swimming Pool, Gymnasium, Parking, Playground, Jogging Track, Lift",QuayWest Residence,Asia Green Group,Freehold,"Persiaran Bayan Indah Off Bayan Mutiara, Batu Uban, Penang",2021.0,24,1235,Condominium,2,High,Non Bumi Lot,980000,Penang,8,690.6272022551092
3.0,2.0,1130,"Tennis Court, Club house, Security, Squash Court, Lift, Multipurpose hall, Playground, Swimming Pool, Parking, Minimart, Gymnasium, Jogging Track, Barbeque area, Sauna",Tree Sparina @ Ideal Vision Park,Ideal Property Group,Freehold,"Off Jalan Tun Dr. Awang, Bayan Lepas, Penang",2016.0,26,548,Condominium,2,Medium,Non Bumi Lot,600000,Penang,14,530.9734513274336
3.0,2.0,850,"Gymnasium, Parking, Minimart, Playground, Sauna, Security, Tennis Court, Jogging Track, Swimming Pool, Barbeque area",Idaman Sutera,Medan Idaman,Freehold,"No. 2, Jalan 13/21D, Medan Idaman, Setapak, Kuala Lumpur",2002.0,21,744,Condominium,1,Medium,Non Bumi Lot,250000,Kuala Lumpur,10,294.11764705882354
3.0,2.0,840,"Minimart, Gymnasium, Parking, Lift, Security, Playground, Swimming Pool, Jogging Track, Sauna",D'Cassia Apartment,SP Setia Berhad,Freehold,"Jalan Ecohill 1/2, Semenyih, Selangor",2019.0,,635,Apartment,2,Medium,Non Bumi Lot,240000,Selangor,9,285.7142857142857
3.0,2.0,1020,"Swimming Pool, Security, Playground, Multipurpose hall, Parking, Jogging Track, Minimart, Barbeque area, Lift",1120 Park Avenue,Park Avenue Sdn Bhd,Leasehold,"PJ South, Petaling Jaya, Selangor",2013.0,16,1120,Condominium,2,,Non Bumi Lot,430000,Selangor,9,421.5686274509804
3.0,2.0,700,"Security, Playground, Jogging Track, Parking, Lift, Swimming Pool, Gymnasium, Barbeque area, Multipurpose hall, Club house, Squash Court",BJ Court Condominium,,Freehold,"Jalan Rumbia, Bayan Lepas, Penang",1998.0,35,,Condominium,1,High,Non Bumi Lot,245000,Penang,11,350.0
2.0,2.0,850,"Security, Jogging Track, Sauna, Parking, Lift, Multipurpose hall, Swimming Pool, Gymnasium",Reizz Residence,BSG Property,Freehold,"Jalan Ampang Kiri, Ampang Hilir, Kuala Lumpur",2019.0,52,495,Service Residence,1,,Non Bumi Lot,650000,Kuala Lumpur,8,764.7058823529412
3.0,2.0,960,"Security, Parking, Gymnasium, Playground, Swimming Pool, Lift",Bayu Tasik 2,PPC Glomac Sdn. Bhd.,Leasehold,"No, 2, Jalan Sri Permaisuri 5, Bandar Sri Permaisuri, Cheras, Kuala Lumpur",1998.0,21,640,Condominium,1,High,Non Bumi Lot,390000,Kuala Lumpur,6,406.25
3.0,2.0,819,"Lift, Parking, Security, Playground, Swimming Pool, Gymnasium",Majestic Maxim,Maxim Holdings,Leasehold,"Jalan 9/142, Taman Connaught, Cheras, Kuala Lumpur",2021.0,44,2136,Service Residence,1,,Non Bumi Lot,420000,Kuala Lumpur,6,512.8205128205128
3.0,2.0,834,,Dian Residency @ Shah Alam,Ara Ville Sdn Bhd,Leasehold,"Tadisma Business Park Seksyen 13, Shah Alam, Selangor",2023.0,26,832,Service Residence,,High,Non Bumi Lot,270000,Selangor,,323.7410071942446
3.0,3.0,1389,"Swimming Pool, Security, Multipurpose hall, Playground, Gymnasium",Epic Residence (Puchong),Bukit Hitam Development Sdn Bhd,Freehold,"Jalan BP 7/11, Bandar Bukit, Puchong, Selangor",2017.0,,300,Service Residence,,High,Non Bumi Lot,232000,Selangor,5,167.02663786897048
3.0,2.0,1036,"Gymnasium, Club house, Security, Barbeque area, Multipurpose hall, Swimming Pool, Sauna, Playground, Jogging Track",Setia Sky Ville,Kay Pride Sdn Bhd (S P Setia Bhd Group),Freehold,"Lorong Slim, Jelutong, Penang",2021.0,33,550,Condominium,2,,Non Bumi Lot,700000,Penang,9,675.6756756756756
3.0,2.0,1239,"Playground, Gymnasium, Barbeque area, Club house, Sauna, Swimming Pool, Security, Jogging Track, Multipurpose hall",Setia Sky Ville,Kay Pride Sdn Bhd (S P Setia Bhd Group),Freehold,"Lorong Slim, Jelutong, Penang",2021.0,33,550,Condominium,2,,Non Bumi Lot,870000,Penang,9,702.179176755448
3.0,2.0,1100,"Gymnasium, Swimming Pool, Security",The Maritime,IJM LAND BERHAD,Leasehold,"Lebuh Sungai Pinang 5, Off Jelutong Expressway,, Jelutong, Penang",,,240,Condominium,1,,Non Bumi Lot,798000,Penang,3,725.4545454545455
3.0,2.0,779,,Pangsapuri Subang Suria,Agmal Development Sdn Bhd,Leasehold,"Jalan Bintang U5/33, Shah Alam, Selangor",2005.0,7,1274,Apartment,,,Bumi Lot,260000,Selangor,,333.7612323491656
4.0,2.0,1345,"Squash Court, Jogging Track, Parking, Playground, Gymnasium, Sauna, Minimart, Swimming Pool, Security",Straits Garden Residence @ Jelutong,Tambun Indah Land Berhad,Freehold,"Jalan Jelutong, Jelutong, Penang",2016.0,17,91,Condominium,2,,Non Bumi Lot,770000,Penang,9,572.4907063197026
3.0,2.0,850,"Parking, Playground, Security, Jogging Track",Alam Budiman (Sri Budiman),SHL Consolidated Berhad,Freehold,"Jalan Pulau Lumut U10/76f, Setia Alam, Selangor",,,536,Apartment,,,Bumi Lot,285000,Selangor,4,335.29411764705884
3.0,2.0,828,,Pusat Komersial Seksyen 7 Shop Apartment,,Leasehold,"Off Persiaran Permai, Seksyen 7, Shah Alam, Selangor",,,,Apartment,,,Bumi Lot,260000,Selangor,,314.0096618357488
1.0,2.0,576,"Playground, Security, Minimart, Gymnasium, Lift, Parking, Barbeque area",The Domain @ NeoCyber,Laketown Sdn Bhd (EMKAY Group),Freehold,"Lingkaran Cyber Point Barat, Off Persiaran Ceria, Cyberjaya, Selangor",2009.0,,272,Service Residence,1,Medium,Bumi Lot,148000,Selangor,7,256.94444444444446
3.0,2.0,950,"Playground, Barbeque area, Parking, Security, Swimming Pool, Minimart",Persiaran Tanjung Apartment,,Leasehold,"Jalan Persiaran Tanjung, Tampoi, Johor",,17,,Apartment,1,Low,Bumi Lot,250000,Johor,6,263.1578947368421
2.0,2.0,762,"Minimart, Parking, Security",Api-Api Apartment,Tokojaya,Leasehold,"Lorong Api-Api 2, Api-Api Commercial Centre, Kota Kinabalu, Sabah",,,512,Apartment,1,Low,Non Bumi Lot,338000,Sabah,3,443.56955380577426
3.0,2.0,613,,Jasa,,Leasehold,"Jalan Hang Hebat, Skudai, Johor",,,,Flat,1,High,Bumi Lot,105000,Johor,,171.28874388254485
3.0,3.0,1003,"Parking, Security, Lift, Swimming Pool, Playground, Gymnasium, Barbeque area, Minimart, Multipurpose hall, Jogging Track, Squash Court",Casa Green (Bukit Jalil),Amber Homes,Leasehold,"Taman Industry Bukit OUG, Bukit Jalil, Kuala Lumpur",2019.0,38,980,Condominium,2,Medium,Bumi Lot,450000,Kuala Lumpur,11,448.654037886341
3.0,2.0,1200,"Jogging Track, Security, Squash Court, Sauna",Lagenda Tasek Luxurious Suites,,Leasehold,"Jalan Tun Abdul Razak, Johor Bahru, Johor",,19,,Service Residence,,Medium,Non Bumi Lot,385000,Johor,4,320.8333333333333
1.0,1.0,880,"Parking, Security, Lift, Swimming Pool, Playground, Gymnasium, Sauna, Barbeque area, Minimart, Multipurpose hall, Club house, Jogging Track, Tennis Court, Squash Court",Tamarind Suites @ Cyberjaya,Tujuan Gemilang Sdn Bhd,Freehold,"Tamarind Square, Persiaran Multimedia, Cyber 10, Cyberjaya, Selangor",2016.0,36,670,Studio,2,Medium,Non Bumi Lot,543000,Selangor,14,617.0454545454545
3.0,2.0,1450,"Multipurpose hall, Parking, Playground, Gymnasium, Barbeque area, Sauna, Security, Swimming Pool",Fiera Vista,Ideal Property Group,Freehold,"Jalan Tun Dr Awang, Bayan Lepas, Penang",2014.0,16,470,Condominium,,,Non Bumi Lot,700000,Penang,8,482.7586206896552
2.0,2.0,751,"Playground, Minimart, Tennis Court, Security, Squash Court, Jogging Track, Barbeque area, Parking, Swimming Pool",Casa Mila,Bina Puri Holdings Bhd,Leasehold,"Jalan Bukit Idaman 3/1, Taman Bukit Idaman, Selayang, Selangor",1991.0,19,,Condominium,,,Non Bumi Lot,320000,Selangor,9,426.09853528628497
3.0,2.0,1043,"Security, Jogging Track, Minimart, Swimming Pool, Parking",Kondominium Kristal,Worldwide Holdings,Leasehold,"Jalan Pualam 7/32, Seksyen 7, Shah Alam, Selangor",2006.0,12,260,Condominium,,,Bumi Lot,350000,Selangor,5,335.5704697986577
3.0,3.0,2101,"Playground, Sauna, Parking, Security, Minimart, Lift, Swimming Pool, Gymnasium, Jogging Track, Barbeque area, Multipurpose hall",The Uban Residence,Cosmopolitan Homes Sdn Bhd,Freehold,"Lintang Pantai Jerjak 6, Batu Uban, Penang",2020.0,42,150,Condominium,3,High,Non Bumi Lot,890000,Penang,11,423.6078058067587
3.0,2.0,810,"Parking, Security, Lift",Pangsapuri Sri Abadi,,Freehold,"Lintang Sungai Ara 2, Sungai Ara, Penang",1999.0,,252,Apartment,1,Medium,Non Bumi Lot,288000,Penang,3,355.55555555555554
3.0,2.0,850,"Parking, Security, Swimming Pool, Lift",Kingfisher Series Condominium,Hunza Properties Berhad,Freehold,"No. 9-10, Jalan Gangsa, Green Lane, Georgetown, Penang",1998.0,21,406,Condominium,1,Low,Non Bumi Lot,380000,Penang,4,447.05882352941177
3.0,2.0,700,"Parking, Security, Lift",Sri Ivory (Sri Ivori) Apartment,,Leasehold,"Solok Angsana, Bandar Baru Farlim, Ayer Itam, Penang",,25,,Apartment,1,Medium,Non Bumi Lot,250000,Penang,3,357.14285714285717
3.0,2.0,872,"Security, Playground, Swimming Pool, Tennis Court, Barbeque area, Club house, Gymnasium",Idaman Senibong Apartment,,Leasehold,"Jalan Persiaran Senibong, Masai, Johor",,11,708,Apartment,1,Low,Non Bumi Lot,250000,Johor,7,286.697247706422
3.0,2.0,1077,"Parking, Security, Lift, Playground",Anggerik Villa 2 Apartment,,Freehold,"Jalan Anggerik Villa 2/2, Taman Anggerik Perdana, Kajang, Selangor",,12,,Apartment,1,High,Non Bumi Lot,270000,Selangor,4,250.69637883008357
3.0,2.0,1126,"Parking, Security, Lift, Swimming Pool, Playground, Gymnasium, Sauna, Barbeque area, Minimart, Multipurpose hall, Club house, Jogging Track, Tennis Court, Squash Court",Saujana Aster,Peremba Jaya Holdings Sdn Bhd,Freehold,"Jalan P11h/1, Precinct 11, Putrajaya, Putrajaya",,,226,Condominium,1,Medium,Bumi Lot,363000,Putrajaya,14,322.38010657193604
3.0,2.0,803,"Security, Sauna, Parking",Valencia Apartment,,Freehold,"Jalan Harapan 25/29, Taman Sri Muda, Shah Alam, Selangor",,,,Apartment,,,Non Bumi Lot,165000,Selangor,3,205.4794520547945
3.0,2.0,1496,"Parking, Security, Lift, Swimming Pool, Playground, Multipurpose hall, Minimart, Barbeque area, Sauna, Gymnasium, Jogging Track",Green Haven @ Kota Puteri,Welton Development Sdn. Bhd.,Freehold,"Kota Puteri, Masai, Johor",2017.0,46,1134,Condominium,2,High,Non Bumi Lot,598000,Johor,11,399.73262032085563
2.0,2.0,865,"Parking, Security, Lift, Swimming Pool, Playground, Gymnasium, Sauna, Barbeque area, Multipurpose hall, Jogging Track",KSL Avery Park,,Freehold,"Jalan Rinting, Masai, Johor",,,,Condominium,1,Medium,Non Bumi Lot,299000,Johor,10,345.66473988439304
3.0,2.0,1314,"Security, Swimming Pool, Gymnasium, Playground, Barbeque area, Jogging Track, Sauna",Setia Pinnacle,Setia Promenade Sdn Bhd (SP Setia),Freehold,"Off Jalan Fettes, Setia Greens, Sungai Ara, Penang",2016.0,38,434,Condominium,3,,Non Bumi Lot,700000,Penang,7,532.7245053272451
3.0,2.0,1095,"Playground, Barbeque area, Security, Jogging Track, Swimming Pool, Gymnasium, Sauna",Setia Pinnacle,Setia Promenade Sdn Bhd (SP Setia),Freehold,"Off Jalan Fettes, Setia Greens, Sungai Ara, Penang",2016.0,38,434,Condominium,1,,Non Bumi Lot,565000,Penang,7,515.9817351598174
3.0,2.0,950,"Security, Barbeque area, Minimart, Playground, Gymnasium, Squash Court, Multipurpose hall, Parking, Lift",Victoria Heights,Reka Indah Development (Penang) Sdn Bhd,Freehold,"No. 37, Hilir Paya Terubong 2, Bayan Lepas, Penang",2000.0,21,,Condominium,1,Medium,Non Bumi Lot,380000,Penang,9,400.0
3.0,2.0,614,"Parking, Security, Lift",Desa Baiduri,,Leasehold,"Jalan RU 1, Ayer Itam, Penang",,,,Apartment,,Low,Non Bumi Lot,185000,Penang,3,301.3029315960912
3.0,3.0,1598,"Parking, Security, Swimming Pool, Lift, Gymnasium",The Clovers,Asia Green Group,Freehold,"Jalan Merbah Off Jalan Dato Ismail Hashim, Sungai Ara, Penang",2017.0,42,670,Condominium,2,Medium,Non Bumi Lot,615000,Penang,5,384.8560700876095
3.0,2.0,900,"Lift, Parking, Gymnasium, Security, Swimming Pool",The Clovers,Asia Green Group,Freehold,"Jalan Merbah Off Jalan Dato Ismail Hashim, Sungai Ara, Penang",2017.0,42,670,Condominium,2,High,Non Bumi Lot,520000,Penang,5,577.7777777777778
3.0,2.0,700,"Minimart, Parking, Security, Lift",Marina Tower Relau,,Freehold,"Lebuh Relau 1, Bayan Lepas, Penang",1994.0,18,136,Condominium,1,Medium,Non Bumi Lot,330000,Penang,4,471.42857142857144
3.0,2.0,700,"Barbeque area, Parking, Security, Gymnasium, Jogging Track, Multipurpose hall, Playground, Lift",Harmony View,Belleview Group,Freehold,"Lintang Slim, Off Perak Road, Jelutong, Penang",2009.0,23,,Apartment,1,Medium,Non Bumi Lot,380000,Penang,8,542.8571428571429
3.0,2.0,850,"Security, Jogging Track, Parking, Gymnasium, Barbeque area, Tennis Court, Sauna, Minimart, Playground, Lift, Swimming Pool",U-Garden,,Freehold,"No. 50A, Gelugor, Penang",1997.0,28,422,Condominium,1,Medium,Non Bumi Lot,340000,Penang,11,400.0
3.0,2.0,700,"Multipurpose hall, Parking, Security, Playground",Sentosa Apartment @ Setia Alam,Bandar Setia Alam Sdn Bhd,Freehold,"Jalan Setia Permai U13/40, Shah Alam, Selangor",,5,,Apartment,1,Medium,Non Bumi Lot,158000,Selangor,4,225.71428571428572
3.0,3.0,1518,"Parking, Security, Lift, Swimming Pool, Playground, Gymnasium, Sauna, Barbeque area, Minimart, Multipurpose hall, Club house, Tennis Court",Infiniti 3 Residences,Setapak Heights Development Sdn Bhd,Leasehold,"Jalan Seri Wangsa 2, Wangsa Maju, Kuala Lumpur",,,,Service Residence,,Medium,Bumi Lot,850000,Kuala Lumpur,12,559.9472990777339
4.0,2.0,1272,"Jogging Track, Squash Court, Club house, Playground, Minimart, Gymnasium, Security, Swimming Pool, Tennis Court, Parking",Platinum Lake PV10,Platinum Victory Group Sdn. Bhd.,Leasehold,"No. 2 Jalan Danau Saujana 2, Danau Kota, Setapak, Kuala Lumpur",,,,Condominium,2,,Non Bumi Lot,480000,Kuala Lumpur,10,377.35849056603774
3.0,2.0,1275,,Skycube Residence,GSD Land (M) Sdn Bhd,Freehold,"Off Jalan Paya Terubong, Sungai Ara, Penang",2017.0,30,410,Condominium,2,,Non Bumi Lot,600000,Penang,,470.5882352941176
3.0,2.0,1742,"Swimming Pool, Jogging Track, Security, Minimart, Playground, Parking, Gymnasium, Lift, Club house, Barbeque area, Multipurpose hall",Serin Residency,Trientel Land (Villamas Group),Freehold,"Jalan Fauna 1, OFF Persiaran Multimedia, Cyberjaya, Selangor",2014.0,30,600,Condominium,2,Medium,Non Bumi Lot,488000,Selangor,11,280.1377726750861
3.0,2.0,1270,,Skycube Residence,GSD Land (M) Sdn Bhd,Freehold,"Off Jalan Paya Terubong, Sungai Ara, Penang",2017.0,30,410,Condominium,2,,Non Bumi Lot,600000,Penang,,472.4409448818898
3.0,2.0,1018,"Parking, Security, Lift, Gymnasium, Swimming Pool, Playground",The Holmes,Aset Kayamas,Leasehold,"Jalan Yaacob Latif,, Cheras, Kuala Lumpur",,,,Condominium,2,Medium,Non Bumi Lot,490000,Kuala Lumpur,6,481.33595284872297
3.0,2.0,1018,"Parking, Gymnasium, Security, Lift, Swimming Pool, Playground",The Holmes,Aset Kayamas,Leasehold,"Jalan Yaacob Latif,, Cheras, Kuala Lumpur",,,,Condominium,2,,Non Bumi Lot,475000,Kuala Lumpur,6,466.60117878192534
3.0,2.0,800,,Pusat Komersial Seksyen 7 Shop Apartment,,Leasehold,"Off Persiaran Permai, Seksyen 7, Shah Alam, Selangor",,,,Apartment,,Low,Bumi Lot,290000,Selangor,,362.5
3.0,2.0,1141,"Club house, Security, Tennis Court, Parking, Swimming Pool, Gymnasium, Barbeque area, Sauna, Lift, Playground, Minimart, Jogging Track",Endah Regal,Soon Tiek Development & PJ Development,Leasehold,"Jalan 1/149E, Taman Sri Endah, Sri Petaling, Kuala Lumpur",1995.0,19,486,Condominium,1,Low,Bumi Lot,300000,Kuala Lumpur,12,262.9272567922875
3.0,2.0,845,"Parking, Security, Playground, Minimart, Jogging Track",Taman Sungai Mas,,Leasehold,"Taman Sungai Mas, Kota Kinabalu, Sabah",,,,Apartment,1,Low,Non Bumi Lot,265000,Sabah,5,313.6094674556213
3.0,2.0,1238,"Parking, Security, Swimming Pool",Seri Borneo Kondominium,Inprofit Development Sdn Bhd,Leasehold,"Lorong Seri Borneo 5, Taman Seri Borneo, Kota Kinabalu, Sabah",,,90,Condominium,1,Medium,Non Bumi Lot,539999,Sabah,3,436.18659127625205
2.0,2.0,900,"Gymnasium, Squash Court, Playground, Sauna, Minimart, Swimming Pool, Parking, Security, Lift, Barbeque area, Multipurpose hall",Mont Residence @ Penang,Visentak Capital Sdn Bhd,Freehold,"Off Mount Erskine, Tanjong Tokong, Penang",2018.0,38,473,Condominium,2,Low,Non Bumi Lot,650000,Penang,11,722.2222222222222
2.0,2.0,1417,"Parking, Security, Lift, Swimming Pool, Playground, Gymnasium, Barbeque area",Gaya Resort Homes,PDMC Holdings Sdn. Bhd.,Freehold,"Jalan Sungai Burung X 32/X, Shah Alam, Selangor",2017.0,21,564,Service Residence,,Medium,Non Bumi Lot,480000,Selangor,7,338.74382498235707
3.0,2.0,650,"Security, Parking",Mutiara Magna,Magna Prima Sdn Bhd,Leasehold,"Jalan Metro 1, Kepong, Kuala Lumpur",,15,,Apartment,,,Non Bumi Lot,208000,Kuala Lumpur,2,320.0
3.0,2.0,850,"Parking, Security",Gagah Apartment,,Freehold,"Taman Tun Perak, Cheras, Selangor",,5,,Apartment,,,Non Bumi Lot,248000,Selangor,2,291.7647058823529
2.0,2.0,1016,"Barbeque area, Playground, Swimming Pool, Gymnasium, Multipurpose hall, Sauna, Security",Grace Residence,Nova Mulia Development Sdn Bhd,Freehold,"Jalan Jelutong, Off Tun Dr. Lim Chong Eu Hwy, Jelutong, Penang",2018.0,44,378,Condominium,2,,Non Bumi Lot,620000,Penang,7,610.2362204724409
3.0,2.0,1155,,Novus,,Leasehold,"Gerbang Bukit Kecil 2, Bayan Lepas, Penang",,,,Condominium,2,,Non Bumi Lot,700000,Penang,,606.060606060606
3.0,2.0,1120,"Sauna, Swimming Pool, Gymnasium, Playground, Multipurpose hall, Barbeque area, Jogging Track, Security",Gardens Ville,GSD Land (M) Sdn Bhd,Freehold,"Jalan Kampong Batak off Jalan Paya Terubong, Sungai Ara, Penang",2017.0,31,476,Condominium,2,Medium,Non Bumi Lot,530000,Penang,8,473.2142857142857
4.0,3.0,3070,,Pine Residence,Lone Pine Group,Freehold,"Jalan Bukit Kukus, Taman Terubong Indah, Paya Terubong, Penang",2015.0,,222,Condominium,4,High,Non Bumi Lot,1190000,Penang,,387.6221498371336
3.0,2.0,1334,"Parking, Security, Lift, Swimming Pool, Playground, Gymnasium, Barbeque area",Capri Park Condominium,Tambun Indah Land Berhad,Freehold,"Jalan Heng Choon Thian, Butterworth, Penang",,15,,Condominium,2,,Non Bumi Lot,430000,Penang,7,322.33883058470764
3.0,2.0,710,,Gapura Bayu,,Freehold,"No.1, Jalan Puncak Utama 2/1, Kajang, Selangor",,18,,Apartment,1,High,Non Bumi Lot,179500,Selangor,,252.81690140845072
3.0,2.0,850,"Parking, Playground, Jogging Track, Security, Minimart, Barbeque area",Penaga Mas,Masteron Sdn Bhd,Leasehold,"Jalan Pinggiran Mas 1, Taman Mas Sepang, Puchong, Selangor",2012.0,9,344,Apartment,,Low,Bumi Lot,240000,Selangor,6,282.3529411764706
3.0,2.0,1276,"Gymnasium, Swimming Pool, Jogging Track, Parking, Security",Kiara Residence 2,Kiara Residences Properties,Leasehold,"Jalan 3/155A, Bukit OUG, Bukit Jalil,, Bukit Jalil, Kuala Lumpur",,30,720,Condominium,2,Medium,Non Bumi Lot,630000,Kuala Lumpur,5,493.73040752351096
3.0,2.0,1000,"Swimming Pool, Security, Parking, Playground, Gymnasium",Lido Four Seasons Residence,,Leasehold,"35, Lorong Raffelesia 1, Kota Kinabalu, Sabah",2015.0,,,Condominium,1,Medium,Non Bumi Lot,490000,Sabah,5,490.0
3.0,1.0,650,"Minimart, Security, Playground, Parking",Seri Nilam Apartment,Sri Tunas Sdn Bhd,Freehold,"Selangor, Ampang, Ampang, Selangor",,14,90,Apartment,,High,Bumi Lot,150000,Selangor,4,230.76923076923077
3.0,2.0,1170,"Playground, Tennis Court, Multipurpose hall, Minimart, Swimming Pool, Gymnasium, Barbeque area, Parking, Security",Pelangi Heights,Brem Holding Berhad,Freehold,"Jalan Pelangi, Kampung Bukit Kuda, Klang, Selangor",2007.0,10,396,Condominium,,Medium,Non Bumi Lot,360000,Selangor,9,307.6923076923077
4.0,2.0,838,"Parking, Security",Seri Atria,Worldwide Holdings,Leasehold,"Jalan Nova U5/71A, Seksyen U5, Shah Alam, Shah Alam, Selangor",,15,,Apartment,2,Medium,Bumi Lot,320000,Selangor,2,381.8615751789976
2.0,2.0,1055,"Sauna, Security, Minimart, Playground, Parking, Swimming Pool, Gymnasium",Waterside Residence,IJM Land,Freehold,"Jalan Pantai Sinaran, Gelugor, Penang",2020.0,33,256,Condominium,2,,Non Bumi Lot,820000,Penang,7,777.2511848341233
3.0,2.0,883,"Parking, Security, Lift, Swimming Pool, Playground, Gymnasium, Multipurpose hall",Calisa Residences,Masteron Sdn Bhd,Leasehold,"Jalan Dagang Mas 3, Taman Mas, Puchong, Selangor",2015.0,,156,Service Residence,,,Non Bumi Lot,235000,Selangor,7,266.13816534541337
3.0,2.0,973,"Parking, Security, Lift, Playground, Swimming Pool",Scott Towers @ Larkin JB,Andaman Group,Leasehold,"Off Jalan Datin Halimah, Larkin, Johor Bahru, Johor",2015.0,,352,Condominium,,Medium,Non Bumi Lot,320000,Johor,5,328.879753340185
3.0,2.0,1018,"Security, Minimart, Barbeque area, Parking, Playground, Swimming Pool, Gymnasium, Jogging Track, Lift",Vistaria Condominium,Palmex Industries Sdn Bhd (IOI Group),Freehold,"113 Jalan Kenari, Sungai Ara, Penang",2004.0,11,228,Condominium,1,Medium,Non Bumi Lot,420000,Penang,9,412.573673870334
3.0,2.0,1353,"Parking, Security, Swimming Pool, Lift, Playground",Arte S,Arte Corp,Freehold,"Off Persiaran Bukit Gambier, Gelugor, Penang",2018.0,49,480,Service Residence,2,Low,Non Bumi Lot,690000,Penang,5,509.9778270509978
3.0,2.0,850,,Kingfisher Series Condominium,Hunza Properties Berhad,Freehold,"No. 9-10, Jalan Gangsa, Green Lane, Georgetown, Penang",1998.0,21,406,Condominium,1,Low,Non Bumi Lot,340000,Penang,,400.0
3.0,2.0,1155,"Parking, Security, Swimming Pool, Playground, Lift",Novus,,Freehold,"Gerbang Bukit Kecil 2, Bayan Lepas, Penang",,,,Condominium,2,Medium,Non Bumi Lot,690000,Penang,5,597.4025974025974
4.0,3.0,1818,"Sauna, Security, Swimming Pool, Gymnasium, Parking, Playground, Jogging Track, Lift",QuayWest Residence,Asia Green Group,Freehold,"Persiaran Bayan Indah Off Bayan Mutiara, Batu Uban, Penang",2021.0,24,1235,Condominium,2,High,Non Bumi Lot,1050000,Penang,8,577.5577557755776
1.0,1.0,531,"Security, Gymnasium, Multipurpose hall, Parking, Playground, Swimming Pool, Lift, Sauna, Barbeque area, Minimart, Jogging Track, Club house",3 Elements,Titijaya Land Berhad,Leasehold,"Jalan Prima Tropika, Taman Prima Tropika, Seri Kembangan, Selangor",,,,Service Residence,1,Medium,Non Bumi Lot,285000,Selangor,12,536.723163841808
4.0,2.0,1465,"Lift, Parking, Security, Swimming Pool, Playground, Gymnasium",Prima Midah Heights,Midah Heights Sdn Bhd,Freehold,"Jalan Midah 8, 56000 Cheras, WP Kuala Lumpur, Cheras, Kuala Lumpur",,22,352,Condominium,2,High,Non Bumi Lot,670000,Kuala Lumpur,6,457.33788395904435
3.0,3.0,1106,"Swimming Pool, Sauna, Security, Parking, Playground, Gymnasium, Lift",The Holmes 2,Aset Kayamas Sdn Bhd,Leasehold,"Jalan Jujur, Bandar Tun Razak, Cheras, Kuala Lumpur",2021.0,43,493,Condominium,2,Medium,Non Bumi Lot,520000,Kuala Lumpur,7,470.1627486437613
2.0,2.0,825,"Swimming Pool, Gymnasium, Parking, Security, Lift, Playground",Maxim Residences,Meridian Maxim Sdn Bhd,Leasehold,"Off Taman Len Seng, Cheras, Cheras, Kuala Lumpur",2017.0,34,542,Service Residence,2,,Non Bumi Lot,415000,Kuala Lumpur,6,503.030303030303
2.0,2.0,997,"Security, Minimart, Sauna, Parking, Swimming Pool, Gymnasium, Barbeque area",10 Semantan,Meda Inc,Leasehold,"No. 10, Jalan Semantan, Damansara Heights, Kuala Lumpur",2006.0,,,Service Residence,1,,Non Bumi Lot,468000,Kuala Lumpur,7,469.40822467402205
2.0,1.0,550,"Parking, Security, Minimart, Playground, Gymnasium, Multipurpose hall, Swimming Pool, Jogging Track",University Apartments,Wong Kwok Holdings Sdn Bhd,Leasehold,"Kota Kinabalu, Kota Kinabalu, Sabah",,,1456,Apartment,,Medium,Non Bumi Lot,190000,Sabah,8,345.45454545454544
3.0,2.0,689,,Flat Taman Haji Mohd Amin,,Freehold,"Taman Haji Mohd Amin, Lorong Nipah 2, Permatang Pauh, Penang",,,,Flat,,Medium,Non Bumi Lot,100000,Penang,,145.1378809869376
3.0,2.0,900,"Parking, Security, Lift, Swimming Pool, Playground, Gymnasium",Bayu Tiara,,Freehold,"Jalan Kampung Bukit, Bayan Lepas, Penang",,,,Apartment,,Medium,Non Bumi Lot,283500,Penang,6,315.0
3.0,2.0,1035,"Squash Court, Club house, Parking, Security, Minimart, Playground, Jogging Track, Swimming Pool, Gymnasium, Barbeque area, Lift",Renjana Ampang,Wangsa Eramoden Sdn Bhd,Freehold,"Jalan Taman Putra, Taman Dagang Jaya, Ampang, Selangor",2008.0,14,480,Condominium,1,Medium,Non Bumi Lot,390000,Selangor,11,376.81159420289856
3.0,2.0,950,"Parking, Security, Lift, Swimming Pool, Playground, Gymnasium, Minimart, Multipurpose hall, Jogging Track",Harmoni @ Eco Majestic,Eco World Development Group Berhad,Freehold,"Jalan Kesuma 1/19, Semenyih, Selangor",2019.0,,,Apartment,2,Low,Non Bumi Lot,285000,Selangor,9,300.0
3.0,2.0,705,"Parking, Security, Playground, Jogging Track, Minimart",City Apartments Inanam,Wong Kwok Holdings Sdn Bhd,Leasehold,"Kolombong, Inanam, Kota Kinabalu, Sabah",,4,328,Apartment,1,Medium,Non Bumi Lot,265000,Sabah,5,375.88652482269504
3.0,2.0,732,"Jogging Track, Playground, Security, Parking",Grace Court (Sembulan),,Leasehold,"Jalan Pantai Sembulan, Kampung Sembulan Baru, Kota Kinabalu, Sabah",,,,Apartment,,Medium,Non Bumi Lot,300000,Sabah,4,409.8360655737705
3.0,2.0,800,"Playground, Gymnasium, Security, Minimart, Swimming Pool, Tennis Court, Parking, Jogging Track, Barbeque area",Sinar Bukit Dumbar,,Freehold,"98, Jalan Faraday, Bukit Dumbar,, Jelutong, Penang",1999.0,23,433,Apartment,1,,Non Bumi Lot,330000,Penang,9,412.5
3.0,1.0,650,"Parking, Security, Lift, Playground, Minimart",Flora Damansara,MK Land Holdings,Leasehold,"Jalan PJU 8/9, Damansara Perdana, Selangor",2015.0,20,1440,Condominium,,,Bumi Lot,140000,Selangor,5,215.3846153846154
4.0,3.0,1500,"Playground, Gymnasium, Security, Jogging Track, Barbeque area, Swimming Pool, Sauna, Multipurpose hall, Parking, Lift, Minimart",The Latitude,Ivory Properties Group Sdn Bhd,Freehold,"Mount Erskine, Off Persiaran Halia 1, Tanjong Tokong, Penang",2015.0,43,218,Condominium,2,,Non Bumi Lot,750000,Penang,11,500.0
4.0,4.0,1600,"Gymnasium, Security, Playground, Sauna, Multipurpose hall, Jogging Track, Barbeque area, Swimming Pool, Parking, Lift, Minimart",The Latitude,Ivory Properties Group Sdn Bhd,Freehold,"Mount Erskine, Off Persiaran Halia 1, Tanjong Tokong, Penang",2015.0,43,218,Condominium,2,Low,Non Bumi Lot,788000,Penang,11,492.5
3.0,2.0,800,"Playground, Security, Parking, Minimart, Gymnasium, Lift, Swimming Pool, Multipurpose hall, Barbeque area",TRI PINNACLE,Aspen Group,Freehold,"Jalan Persiaran Halia 3, Tanjong Tokong, Penang",2018.0,45,1168,Condominium,1,Medium,Non Bumi Lot,420000,Penang,9,525.0
3.0,2.0,800,"Security, Parking, Minimart, Playground, Gymnasium, Swimming Pool, Lift, Barbeque area",TRI PINNACLE,Aspen Group,Freehold,"Jalan Persiaran Halia 3, Tanjong Tokong, Penang",2018.0,45,1168,Condominium,2,Low,Non Bumi Lot,480000,Penang,8,600.0
3.0,2.0,1302,"Parking, Security, Lift, Swimming Pool, Playground, Gymnasium, Sauna, Barbeque area, Minimart, Multipurpose hall, Club house, Jogging Track, Tennis Court, Squash Court",Cristal Serin Residence,,Freehold,"Jalan Fauna 1, Cyberjaya, Selangor",2012.0,,350,Condominium,2,Medium,Non Bumi Lot,473000,Selangor,14,363.28725038402456
3.0,3.0,1483,"Swimming Pool, Barbeque area, Sauna, Parking, Playground, Gymnasium, Lift, Multipurpose hall, Security",Iconic Skies,Iconic Group of Companies,Freehold,"Off Jalan Paya Terubong, Relau, Relau, Penang",2017.0,37,299,Condominium,2,Medium,Non Bumi Lot,760000,Penang,9,512.4747134187458
3.0,2.0,838,"Playground, Gymnasium, Squash Court, Jogging Track, Security, Swimming Pool, Parking, Barbeque area, Lift",Asia Heights,Asia Green Group,Freehold,"Lorong Semarak Api 3, Ayer Itam, Penang",2007.0,22,816,Condominium,2,High,Non Bumi Lot,400000,Penang,9,477.326968973747
3.0,2.0,890,"Parking, Security, Lift, Swimming Pool",Sri Kristal,Farlim Group (M) Berhad,Leasehold,"Lengkok Angsana, Bandar Baru Farlim, Ayer Itam, Penang",2009.0,22,398,Apartment,1,Medium,Non Bumi Lot,390000,Penang,4,438.2022471910112
3.0,2.0,800,"Playground, Swimming Pool, Tennis Court, Jogging Track, Squash Court, Multipurpose hall, Parking, Security, Gymnasium, Lift, Club house, Minimart, Sauna",Tropicana Bay Residences @ PWC,Tropicana Ivory Sdn. Bhd.,Freehold,"Penang WorldCity Sales Gallery, Bayan Lepas, Penang",2017.0,22,1343,Condominium,1,,Non Bumi Lot,600000,Penang,13,750.0
4.0,2.0,1285,"Parking, Security, Lift, Swimming Pool, Playground, Gymnasium, Sauna, Barbeque area, Minimart, Multipurpose hall, Jogging Track, Squash Court",Sea View Tower @ Harbour Place,PJD Group,Freehold,"Off Jalan New Ferry, Butterworth, Penang",2008.0,23,354,Condominium,2,Medium,Non Bumi Lot,400000,Penang,12,311.284046692607
3.0,2.0,850,,Kingfisher Series Condominium,Hunza Properties Berhad,Freehold,"No. 9-10, Jalan Gangsa, Green Lane, Georgetown, Penang",1998.0,21,406,Condominium,1,Low,Non Bumi Lot,380000,Penang,,447.05882352941177
3.0,2.0,1130,"Security, Sauna, Minimart, Gymnasium, Playground, Swimming Pool, Lift, Parking, Squash Court",Triuni Residences @ The Sanctuary,Runnymede Group,Freehold,"28, Lorong Batu Uban 1, Taman Century, Gelugor, Penang",,,,Condominium,2,Low,Non Bumi Lot,820000,Penang,9,725.6637168141593
4.0,2.0,1343,"Minimart, Parking, Security, Sauna, Lift, Swimming Pool, Playground",Vista Gambier,Lereng Wira Sdn Bhd,Freehold,"Cangkat Bukit Gambier, Gelugor, Penang",,22,144,Condominium,2,High,Non Bumi Lot,655000,Penang,7,487.71407297096056
3.0,2.0,650,,Pangsapuri Pelangi Indah,,Freehold,"Off Jalan Pekan Baru, Kawasan 17, Klang, Selangor",,5,,Flat,,Low,Non Bumi Lot,135000,Selangor,,207.69230769230768
3.0,2.0,650,,Pangsapuri Rebana,Sime Darby Property Berhad,Freehold,"Jalan Gelan, off Persiaran Sungai Keramat, Bandar Bukit Raja, Klang, Selangor",,,,Flat,,Low,Non Bumi Lot,145000,Selangor,,223.07692307692307
3.0,2.0,657,,Pangsapuri Pendamar A (Port Klang),,Freehold,"Jalan Pendamaran, Port Klang, Selangor",,,,Apartment,,Low,Non Bumi Lot,155000,Selangor,,235.9208523592085
2.0,1.0,600,"Parking, Security, Lift, Swimming Pool, Playground, Minimart, Jogging Track",V21 Residence,,Leasehold,"Jalan 2b Kkip Selatan Tuaran, Kota Kinabalu, Sabah",,,,Condominium,1,Medium,Non Bumi Lot,222000,Sabah,7,370.0
3.0,2.0,650,"Lift, Jogging Track, Minimart",Cemara Apartment (Bukit Segar Jaya),,Leasehold,"Jalan Bukit Segar Jaya, Taman Bukit Segar Jaya 2, Cheras, Selangor",,,,Apartment,,High,Non Bumi Lot,155000,Selangor,3,238.46153846153845
3.0,2.0,895,"Parking, Security, Swimming Pool, Playground, Minimart, Jogging Track, Multipurpose hall",Bandar Putra Permai,,Leasehold,"Seri Kembangan, Bandar Putra Permai, Seri Kembangan, Selangor",,,,Apartment,1,Low,Non Bumi Lot,248000,Selangor,7,277.0949720670391
4.0,2.0,1453,"Parking, Lift, Swimming Pool, Gymnasium",Tebrau City Residences,Plenitude Permai Sdn Bhd,Freehold,"Jalan Persiaran Desa Tebrau, Taman Desa Tebrau, Johor Bahru, Johor",,,,Service Residence,,High,Non Bumi Lot,375000,Johor,4,258.08671713695804
3.0,3.0,1038,"Tennis Court, Squash Court, Multipurpose hall, Club house, Parking, Gymnasium, Sauna, Swimming Pool, Lift, Barbeque area, Minimart, Playground, Security, Jogging Track",K Avenue Residential,Megacity Avenue sdn bhd,Leasehold,"Jalan Cyber City, Kota Kinabalu, Sabah",2022.0,,630,Service Residence,2,Medium,Non Bumi Lot,600000,Sabah,14,578.0346820809249
3.0,2.0,850,,Rumah Pangsa Permas Jaya,Johor State Government,Freehold,"Jln Permas 7, Bandar Baru Permas Jaya, Johor Bahru, Johor",2010.0,5,,Flat,1,High,Non Bumi Lot,198000,Johor,,232.94117647058823
3.0,2.0,750,,Widuri Apartment (Butterworth),Harta Intan,Freehold,"Lorong Widuri 1,, Butterworth, Penang",,,,Apartment,1,Medium,Non Bumi Lot,248000,Penang,,330.6666666666667
3.0,2.0,700,"Parking, Security, Lift, Barbeque area, Swimming Pool, Playground, Tennis Court, Multipurpose hall",Serina Bay,PLB Land Sdn Bhd,Leasehold,"Hilir Sungai Pinang, Jelutong, Penang",2008.0,22,754,Condominium,1,High,Non Bumi Lot,388000,Penang,8,554.2857142857143
3.0,2.0,1050,,Sunny Ville Condominium,,Freehold,"Jalan Batu Uban, Gelugor, Penang",1994.0,22,504,Condominium,2,Low,Non Bumi Lot,399000,Penang,,380.0
3.0,2.0,1250,"Playground, Lift, Club house, Security, Swimming Pool, Barbeque area, Multipurpose hall, Parking, Minimart, Squash Court, Jogging Track, Gymnasium, Tennis Court, Sauna",Arena Residence @ The Arena,Golden Virtue,Freehold,"Off Jalan Tun Dr Awang, Bayan Baru, Penang",2015.0,19,114,Condominium,2,,Non Bumi Lot,680000,Penang,14,544.0
3.0,2.0,1442,"Security, Playground, Swimming Pool, Gymnasium, Minimart, Parking",Affina Bay @ Butterworth,,Freehold,"Jalan Wisma Panta, Kampung Gajah, Butterworth, Penang",,,,Condominium,,Medium,Non Bumi Lot,340000,Penang,6,235.78363384188626
4.0,2.0,1300,"Lift, Barbeque area, Swimming Pool, Tennis Court, Gymnasium, Club house, Security, Parking, Sauna, Squash Court, Jogging Track, Multipurpose hall, Minimart, Playground",Arena Residence @ The Arena,Golden Virtue,Freehold,"Off Jalan Tun Dr Awang, Bayan Baru, Penang",2015.0,19,114,Condominium,2,,Non Bumi Lot,730000,Penang,14,561.5384615384615
3.0,1.0,700,"Parking, Playground, Minimart, Jogging Track",Taman Telipok Ria Fasa 1 & Fasa 2,,Leasehold,"Jalan Tuaran, Tuaran, Sabah",,,,Apartment,,Low,Malay Reserved,140000,Sabah,4,200.0
3.0,2.0,1442,"Parking, Security, Lift, Swimming Pool, Playground, Gymnasium, Sauna, Barbeque area, Minimart, Multipurpose hall, Club house, Jogging Track",Verdi Eco-dominiums @ Symphony Hills,UEM Sunrise Berhad,Freehold,"Off Persiaran Bestari, Symphony Hills, Cyber 9, Cyberjaya, Selangor",2016.0,,800,Condominium,2,Medium,Non Bumi Lot,620000,Selangor,12,429.95839112343964
3.0,2.0,850,"Playground, Gymnasium, Squash Court, Jogging Track, Security, Swimming Pool, Parking, Barbeque area, Lift",Asia Heights,Asia Green Group,Freehold,"Lorong Semarak Api 3, Ayer Itam, Penang",2007.0,22,816,Condominium,1,High,Non Bumi Lot,370000,Penang,9,435.29411764705884
3.0,2.0,700,"Parking, Playground",Pangsapuri Baiduri (Bandar Tasik Kesuma),,Freehold,"Off Jalan Semenyih, Bandar Tasik Kesuma, Beranang, Selangor",,5,7810,Apartment,,High,Non Bumi Lot,85000,Selangor,2,121.42857142857143
2.0,2.0,733,"Swimming Pool, Minimart, Playground, Security, Jogging Track, Parking",Brunsfield Riverview,Brunsfield International Group,Leasehold,"Jalan Yoga 13/42, Seksyen 13, Shah Alam, Selangor",,12,,Condominium,1,,Bumi Lot,260000,Selangor,6,354.70668485675304
3.0,2.0,1233,,Skycube Residence,GSD Land (M) Sdn Bhd,Freehold,"Off Jalan Paya Terubong, Sungai Ara, Penang",2017.0,30,410,Condominium,2,,Non Bumi Lot,598000,Penang,,484.99594484995947
3.0,2.0,700,"Security, Minimart, Parking, Swimming Pool, Lift",Centrio Avenue,Boon Siew Group,Freehold,"Taman Bukit Gambier,, Gelugor, Penang",2013.0,31,780,Apartment,1,High,Non Bumi Lot,350000,Penang,5,500.0
4.0,2.0,1419,"Sauna, Security, Swimming Pool, Gymnasium, Parking, Playground, Jogging Track, Lift",QuayWest Residence,Asia Green Group,Freehold,"Persiaran Bayan Indah Off Bayan Mutiara, Batu Uban, Penang",2021.0,24,1235,Condominium,2,High,Non Bumi Lot,980000,Penang,8,690.6272022551092
3.0,2.0,850,"Club house, Gymnasium, Swimming Pool, Parking, Minimart, Tennis Court, Barbeque area, Security, Playground, Jogging Track, Sauna, Squash Court, Lift",Villa Emas,Techware Enterprise Sdn Bhd,Leasehold,"Persiaran Bayan Indah,, Bayan Lepas, Penang",1998.0,16,488,Condominium,2,Medium,Non Bumi Lot,397000,Penang,13,467.05882352941177
3.0,2.0,700,"Swimming Pool, Parking, Gymnasium, Tennis Court, Security, Playground, Lift",N-Park Condominium,,Freehold,"Jalan Batu Uban, Gelugor, Penang",1997.0,32,988,Condominium,2,Low,Non Bumi Lot,360000,Penang,7,514.2857142857143
3.0,3.0,1598,"Parking, Security, Swimming Pool, Lift, Gymnasium",The Clovers,Asia Green Group,Freehold,"Jalan Merbah Off Jalan Dato Ismail Hashim, Sungai Ara, Penang",2017.0,42,670,Condominium,2,Medium,Non Bumi Lot,685000,Penang,5,428.6608260325407
3.0,2.0,750,"Jogging Track, Minimart, Parking, Swimming Pool, Security, Gymnasium",Putra Suria Residence,Amber Resource,Leasehold,"Jalan Jelawat 2, Cheras, Kuala Lumpur",,,,Condominium,1,Low,Bumi Lot,300000,Kuala Lumpur,6,400.0
3.0,2.0,1055,"Barbeque area, Gymnasium, Squash Court, Swimming Pool, Parking, Tennis Court, Playground, Sauna, Security, Minimart",Pearl Garden,,Freehold,"Jalan Dato Ismail Hashim, Sungai Ara, Penang",1998.0,15,336,Condominium,1,,Non Bumi Lot,420000,Penang,10,398.1042654028436
3.0,2.0,856,"Security, Swimming Pool, Minimart, Barbeque area, Parking, Playground",Sri Hijau,,Freehold,"Jalan Permaisuri 1/6, Taman Bukit Permai, Bandar Mahkota Cheras, Bandar Mahkota Cheras, Selangor",,9,,Condominium,1,Low,Non Bumi Lot,230000,Selangor,6,268.69158878504675
3.0,1.0,707,"Jogging Track, Playground",Taman Anggerik Villa 2,,Freehold,"Jalan Anggerik Villa 2/1, Kajang, Selangor",,,,Flat,,Medium,Bumi Lot,150000,Selangor,2,212.16407355021215
3.0,2.0,965,,Pandan Mewah Heights Condominium,,Leasehold,"Jalan Teratai 1/2, Taman Pandan Mewah, Cheras, Selangor",,12,,Condominium,,Medium,Non Bumi Lot,255000,Selangor,,264.24870466321244
3.0,2.0,1200,,Sunny Ville Condominium,,Freehold,"Jalan Batu Uban, Gelugor, Penang",1994.0,22,504,Condominium,1,,Non Bumi Lot,428000,Penang,,356.6666666666667
3.0,2.0,1324,"Security, Barbeque area, Gymnasium, Playground, Tennis Court, Jogging Track",Seri Mutiara Apartments (Seri Alam),,Freehold,"Persiaran Seri Alam, Bandar Seri Alam, Masai, Johor",,,698,Apartment,,Low,Non Bumi Lot,284000,Johor,6,214.5015105740181
3.0,2.0,1076,"Swimming Pool, Sauna, Barbeque area, Security, Playground, Gymnasium, Jogging Track",Setia Pinnacle,Setia Promenade Sdn Bhd (SP Setia),Freehold,"Off Jalan Fettes, Setia Greens, Sungai Ara, Penang",2016.0,38,434,Condominium,,Low,Non Bumi Lot,520000,Penang,7,483.271375464684
3.0,2.0,1350,"Security, Barbeque area, Parking, Playground, Swimming Pool, Club house, Gymnasium",Jazz Residence,Sure Commerce Sdn Bhd,Freehold,"Jalan Seri Tanjung Pinang, Tanjong Tokong, Penang",,,,Service Residence,2,Medium,Non Bumi Lot,998000,Penang,7,739.2592592592592
3.0,2.0,1000,"Parking, Security, Lift",The Stone (Ayer Itam),PLB Land Sdn Bhd,Freehold,"Jalan Bukit Kukus, Ayer Itam, Penang",,,1000,Service Residence,2,Medium,Non Bumi Lot,430000,Penang,3,430.0
3.0,2.0,936,"Lift, Sauna, Multipurpose hall, Minimart, Swimming Pool, Gymnasium, Squash Court, Jogging Track, Playground, Tennis Court, Parking, Security, Barbeque area, Club house",Boulevard Condominium (BLVD),Reka Indah Development Sdn Bhd,Freehold,"Lebuhraya Thean Teik, Ayer Itam, Penang",2011.0,38,420,Condominium,2,Medium,Non Bumi Lot,530000,Penang,14,566.2393162393163
3.0,2.0,850,"Security, Parking, Lift",Relau Vista,Alor Vista Sdn Bhd,Freehold,"Lebuh Relau 6, Bayan Lepas, Penang",2008.0,29,,Apartment,1,High,Non Bumi Lot,340000,Penang,3,400.0
3.0,2.0,1100,"Security, Gymnasium, Jogging Track, Parking, Playground, Swimming Pool, Multipurpose hall, Barbeque area, Lift",Imperial Residences,Ideal Property Group,Freehold,"Lilitan Sungai Ara, Off Jalan Dato Ismail Hashim, Sungai Ara, Penang",2016.0,30,816,Condominium,4,High,Non Bumi Lot,620000,Penang,9,563.6363636363636
3.0,2.0,841,"Parking, Lift, Security, Jogging Track, Minimart",Aman Satu,,Freehold,"Jalan 2/12D, Kepong, Kepong, Kuala Lumpur",,12,576,Apartment,1,High,Non Bumi Lot,320000,Kuala Lumpur,5,380.49940546967895
3.0,2.0,1072,"Parking, Jogging Track, Barbeque area, Sauna, Security, Lift, Swimming Pool, Playground, Gymnasium, Multipurpose hall, Minimart, Squash Court, Tennis Court",Koi Kinrara,Lingkaran Naga,Freehold,"Jalan Pipit, Puchong, Selangor",2012.0,,1000,Condominium,1,Low,Non Bumi Lot,390000,Selangor,13,363.8059701492537
3.0,2.0,680,"Parking, Playground",Palm Court (Pangsapuri Nipah),,Leasehold,"Jalan Seri Tanjung Pinang, Tanjong Tokong, Penang",,,,Condominium,1,,Non Bumi Lot,245000,Penang,2,360.29411764705884
3.0,1.0,720,,Pangsapuri Sri Inai,,Leasehold,"Pandan Indah, Pandan Indah, Kuala Lumpur",,,,Apartment,1,High,Bumi Lot,210000,Kuala Lumpur,,291.6666666666667
3.0,2.0,960,"Parking, Swimming Pool, Security, Playground, Gymnasium",Vista Bayu (Klang),,Freehold,"Jalan Batu Unjur 9 Taman Bayu Perdana Klang, Klang, Selangor",,8,,Apartment,1,High,Non Bumi Lot,309000,Selangor,5,321.875
3.0,1.0,614,,Medan Angsana (Farlim 2),,Freehold,"Medan Angsana, Ayer Itam, Penang",,,,Flat,,High,Non Bumi Lot,130000,Penang,,211.72638436482086
3.0,2.0,736,"Parking, Security, Lift, Jogging Track, Minimart, Multipurpose hall",Kemuning Aman,Paramount Property Development,Freehold,"Kemuning, Shah Alam, Selangor",2010.0,,596,Apartment,1,Medium,Non Bumi Lot,250000,Selangor,6,339.67391304347825
3.0,2.0,700,"Gymnasium, Parking, Playground, Security, Minimart, Lift, Swimming Pool",Eastern Court,Tamarins Group Sdn Bhd,Freehold,"No. 22, Lorong Hijau 7,, Jelutong, Penang",1999.0,19,322,Apartment,1,Low,Non Bumi Lot,368000,Penang,7,525.7142857142857
3.0,2.0,1113,"Swimming Pool, Squash Court, Security, Gymnasium, Barbeque area, Parking, Lift",The Oasis,Arte Corp,Leasehold,"Off Jalan Yeap Choy Ee, Gelugor, Penang",2010.0,38,,Condominium,2,High,Non Bumi Lot,630000,Penang,7,566.0377358490566
3.0,2.0,1084,"Jogging Track, Gymnasium, Tennis Court, Squash Court, Multipurpose hall, Parking, Playground, Barbeque area, Minimart, Swimming Pool, Sauna, Security, Lift",Gold Coast,Techware Enterprise,Leasehold,"Persiaran Bayan Indah, Pantai Jerejak,, Bayan Lepas, Penang",1999.0,17,412,Condominium,1,Low,Non Bumi Lot,610000,Penang,13,562.730627306273
3.0,2.0,700,,Taman Erskine,,Freehold,"Jalan Mount Erskine, Georgetown, Penang",,7,36,Apartment,1,,Non Bumi Lot,430000,Penang,,614.2857142857143
3.0,3.0,1238,"Squash Court, Sauna, Gymnasium, Club house, Parking, Barbeque area, Playground, Security",Aman Heights,Premier Consortium,Freehold,"Jalan Bersatu, Section 5, Taman Bukit Serdang, Seri Kembangan, Selangor",2008.0,27,798,Condominium,,,Non Bumi Lot,395000,Selangor,8,319.06300484652667
2.0,2.0,958,"Swimming Pool, Multipurpose hall, Playground, Tennis Court, Sauna, Security, Squash Court, Barbeque area, Gymnasium",Tropez Residences @ Tropicana Danga Bay,Dijaya Group Corporation,Freehold,"Off Jalan Skudai, Johor Bahru, Johor",2014.0,28,1149,Service Residence,,Medium,Non Bumi Lot,460000,Johor,9,480.1670146137787
4.0,2.0,1600,Parking,Shineville Park,Zantalite Enterprise (M) Sdn Bhd,Freehold,"Off Jalan Taman Thean Teik 2, Ayer Itam, Penang",,24,234,Condominium,2,,Non Bumi Lot,530000,Penang,1,331.25
3.0,2.0,820,"Playground, Minimart, Parking, Gymnasium, Security",Golden Villa,,Freehold,"Jalan Temenggung 37, Klang, Selangor",,15,,Apartment,,,Non Bumi Lot,230000,Selangor,5,280.4878048780488
3.0,2.0,1250,"Parking, Swimming Pool, Jogging Track, Lift, Security, Minimart",Marina Tower (Ratu Mutiara),,Freehold,"Persiaran Tanjung Bungah, Tanjung Bungah, Penang",1998.0,23,208,Condominium,1,,Non Bumi Lot,638000,Penang,6,510.4
2.0,1.0,592,"Parking, Playground, Minimart, Barbeque area, Jogging Track",Flat PKNS Seksyen 24 Shah Alam,,Leasehold,"SEKSYEN 24, Shah Alam, Selangor",,,,Flat,2,High,Non Bumi Lot,170000,Selangor,5,287.1621621621622
3.0,2.0,874,"Parking, Security, Lift, Playground, Swimming Pool, Minimart",Sentul Utama Condominium,Melati Ehsan Group,Leasehold,"Jalan Dato Senu 26, Taman Sentul Utama, Sentul, Kuala Lumpur",2009.0,13,,Condominium,1,High,Bumi Lot,354000,Kuala Lumpur,6,405.0343249427918
3.0,2.0,850,"Parking, Gymnasium, Playground",Subang Bestari,A JV Between 9 Developers,Leasehold,"Jalan Nova U5/63, Shah Alam, Selangor",2013.0,,120,Apartment,,Low,Bumi Lot,255000,Selangor,3,300.0
3.0,2.0,835,,Dataran Otomobil Apartment,Muafakat Sdn Bhd / PKNS,Leasehold,"Kompleks Otomobil, Seksyen 15, Shah Alam, Shah Alam, Selangor",,,,Apartment,,Low,Bumi Lot,210000,Selangor,,251.49700598802394
3.0,1.0,700,Parking,Taman Terubong Indah (Majestic Heights),,Freehold,"Tingkat Paya Terubong 4, Ayer Itam, Penang",2003.0,23,2115,Flat,1,Medium,Non Bumi Lot,130000,Penang,1,185.71428571428572
3.0,2.0,774,"Jogging Track, Minimart, Parking, Swimming Pool, Tennis Court, Gymnasium, Playground, Squash Court, Security",Shamelin Star,Landmark Zone Sdn. Bhd.,Leasehold,"Jalan 4/91, Taman Shamelin Perkasa, Cheras, Kuala Lumpur",2016.0,36,630,Service Residence,1,Medium,Non Bumi Lot,530000,Kuala Lumpur,9,684.7545219638243
3.0,2.0,650,,Taman Daya - Jalan Sagu 34,,Freehold,"Jalan Sagu 34, Taman Daya, Tebrau, Johor",,,,Flat,1,High,Bumi Lot,145000,Johor,,223.07692307692307
3.0,2.0,807,"Jogging Track, Multipurpose hall, Swimming Pool, Security, Playground",Bayu Angkasa Apartments @ Nusa Bayu,UEM Sunrise Berhad,Freehold,"Nusa Bayu, Iskandar Puteri, Johor",2017.0,17,322,Apartment,,High,Bumi Lot,343000,Johor,5,425.03097893432465
3.0,2.0,987,"Lift, Security, Playground, Parking",Sri Cempaka Apartment,TLS Group,Freehold,"Jalan Sepakat Indah 2/1, Kajang, Selangor",,,,Apartment,,,Non Bumi Lot,229000,Selangor,4,232.016210739615
3.0,2.0,753,"Minimart, Playground",Flat Bukit Indah,,Freehold,"Jalan Indah 23/1, Iskandar Puteri, Johor",,,,Flat,,High,Non Bumi Lot,210000,Johor,2,278.8844621513944
3.0,2.0,850,"Security, Swimming Pool, Parking, Playground",Fairville,Sime Darby Property Berhad,Freehold,"Jalan USJ 22/1, Subang Jaya, Selangor",2000.0,8,,Apartment,1,Low,Non Bumi Lot,360000,Selangor,4,423.52941176470586
3.0,2.0,1075,"Parking, Security, Lift, Swimming Pool, Playground, Gymnasium",Greenfield Residence (Kota Kinabalu),,Leasehold,"Jalan Kokol Poring - Poring, Kota Kinabalu, Sabah",,,,Condominium,1,Medium,Bumi Lot,429999,Sabah,6,399.9990697674419
3.0,2.0,1000,"Parking, Security, Playground, Swimming Pool, Gymnasium, Lift, Minimart, Jogging Track",Lido Four Seasons Residence,,Leasehold,"35, Lorong Raffelesia 1, Kota Kinabalu, Sabah",2015.0,,,Condominium,1,Medium,Non Bumi Lot,489999,Sabah,8,489.999
2.0,1.0,550,,Seri Semarak Apartment,,Freehold,"Off Lorong Semarak Api 3, Bandar Baru Farlim, Ayer Itam, Penang",,,,Apartment,,Medium,Non Bumi Lot,158000,Penang,,287.27272727272725
1.0,2.0,1060,"Parking, Security, Lift, Swimming Pool, Playground",Seaview Garden,,Freehold,"Jalan Bukit Ria, Mount Pleasure, Batu Ferringhi, Penang",,17,160,Condominium,1,Low,Non Bumi Lot,480000,Penang,5,452.8301886792453
4.0,4.0,4800,"Multipurpose hall, Security, Gymnasium, Playground, Barbeque area, Sauna, Parking, Swimming Pool, Jogging Track",H Residence (One Ritz Residence),Econy Development Sdn Bhd,Freehold,"Jalan Kelawei, Pulau Tikus, Penang",,31,34,Condominium,2,Medium,Non Bumi Lot,2300000,Penang,9,479.1666666666667
3.0,2.0,857,"Jogging Track, Minimart, Sauna, Security, Gymnasium, Barbeque area, Swimming Pool, Playground, Parking, Lift, Multipurpose hall, Club house",Amara Service Residences,Jaya Megah Development Sdn Bhd,Freehold,"Jalan Raintree Utama, Batu Caves, Selangor",2014.0,23,744,Service Residence,,High,Non Bumi Lot,315000,Selangor,12,367.561260210035
1.0,1.0,560,"Playground, Swimming Pool, Gymnasium, Parking, Squash Court, Security, Lift, Sauna, Barbeque area, Minimart, Multipurpose hall",Regalia Residence,Mayland Group,Freehold,"Jalan Sultan Ismail, Jalan Sultan Ismail, Kuala Lumpur",2012.0,38,1033,Service Residence,,High,Non Bumi Lot,388000,Kuala Lumpur,11,692.8571428571429
3.0,2.0,1310,"Sauna, Security, Swimming Pool, Gymnasium, Parking, Playground, Jogging Track, Lift",QuayWest Residence,Asia Green Group,Freehold,"Persiaran Bayan Indah Off Bayan Mutiara, Batu Uban, Penang",2021.0,24,1235,Condominium,2,Medium,Non Bumi Lot,950000,Penang,8,725.1908396946565
3.0,2.0,750,"Security, Multipurpose hall, Parking, Playground, Jogging Track, Lift",Idaman Lavender 3,Sri Tunas Sdn Bhd,Freehold,"Lilitan Sungai Ara Off Jalan Dato Ismail Hashim, Bayan Lepas, Penang",,20,608,Apartment,1,Low,Non Bumi Lot,340000,Penang,6,453.3333333333333
3.0,2.0,750,"Security, Parking, Minimart, Lift",Desa Mas Melur,,Freehold,"Lebuh Relau 1, Georgetown, Penang",1999.0,8,224,Apartment,1,Medium,Non Bumi Lot,310000,Penang,4,413.3333333333333
3.0,2.0,1475,"Parking, Security",Bagan Aman,,Freehold,"No. 30, Jalan Bagan Jermal, Georgetown, Penang",1992.0,5,,Condominium,2,,Non Bumi Lot,860000,Penang,2,583.0508474576271
3.0,1.0,700,"Parking, Playground",Pangsapuri Baiduri (Bandar Tasik Kesuma),,Freehold,"Off Jalan Semenyih, Bandar Tasik Kesuma, Beranang, Selangor",,5,7810,Apartment,,Low,Non Bumi Lot,150000,Selangor,2,214.28571428571428
2.0,2.0,776,"Parking, Swimming Pool, Lift, Security, Gymnasium",The Clovers,Asia Green Group,Freehold,"Jalan Merbah Off Jalan Dato Ismail Hashim, Sungai Ara, Penang",2017.0,42,670,Condominium,2,,Non Bumi Lot,438000,Penang,5,564.4329896907217
3.0,2.0,750,"Parking, Tennis Court, Security, Playground, Swimming Pool, Gymnasium, Lift, Jogging Track, Barbeque area",N-Park Condominium,,Freehold,"Jalan Batu Uban, Gelugor, Penang",1997.0,32,988,Condominium,2,Medium,Non Bumi Lot,365000,Penang,9,486.6666666666667
1.0,1.0,592,"Parking, Security, Lift, Playground, Minimart",Mawar Apartments,,Freehold,"Jalan Jati 2, Gohtong Jaya, Genting Highlands, Pahang",,18,,Condominium,1,Medium,Non Bumi Lot,430000,Pahang,5,726.3513513513514
3.0,2.0,1130,,Abel Residence,,Freehold,"Lorong Langsat 4, Kg Bukit Tengah,, Bukit Mertajam, Penang",,,,Condominium,2,,Non Bumi Lot,460000,Penang,,407.07964601769913
2.0,2.0,852,"Lift, Playground, Security, Parking, Swimming Pool, Gymnasium, Sauna, Barbeque area",Millerz Square @ Old Klang Road,Exsim Group,Freehold,"Jalan 1/13a, Old Klang Road, Kuala Lumpur",2019.0,52,1633,Service Residence,2,Low,Non Bumi Lot,660000,Kuala Lumpur,8,774.6478873239437
3.0,2.0,1065,"Gymnasium, Security, Swimming Pool, Jogging Track, Lift, Parking, Sauna, Playground, Minimart",City of Green Condominium,BJ Homes Development Sdn Bhd,Freehold,"Jalan PBS 14/2, Taman Perindustrian Bukit Serdang, Seri Kembangan, Selangor",2016.0,4,1054,Service Residence,2,Medium,Non Bumi Lot,394000,Selangor,9,369.9530516431925
3.0,1.0,600,"Parking, Playground, Minimart",Taman Pinggiran Batu Caves Flat,,Leasehold,"Off Jalan Lebuhraya Pinggiran, Batu Caves, Selangor",,,,Flat,1,Medium,Non Bumi Lot,155000,Selangor,3,258.3333333333333
3.0,2.0,650,"Minimart, Playground",Puchong Permai,,Leasehold,"Jalan Permai 1/18, Taman Puchong Permai, Puchong, Selangor",,,,Apartment,1,High,Non Bumi Lot,128000,Selangor,2,196.92307692307693
3.0,2.0,720,"Parking, Barbeque area, Playground, Security, Swimming Pool, Jogging Track, Minimart, Lift, Multipurpose hall",Pangsapuri Suria (Puchong),,Leasehold,"Jalan Taman Kinrara 4/9, Taman Kinrara Section 4, Puchong, Selangor",,,,Condominium,1,Medium,Non Bumi Lot,215000,Selangor,9,298.6111111111111
3.0,1.0,540,"Parking, Playground, Minimart",Taman Puchong Perdana,,Leasehold,"Jalan Perdana 4/3, Puchong, Selangor",,,,Apartment,1,Medium,Non Bumi Lot,145000,Selangor,3,268.51851851851853
4.0,2.0,1331,"Security, Minimart, Gymnasium, Parking, Playground, Swimming Pool",Platinum Hill PV 3,Platinum Victory Development Sdn Bhd,Freehold,"No. 3 Jalan Melati Utama, Taman Melati Utama, Setapak, Kuala Lumpur",2013.0,17,475,Condominium,,,Non Bumi Lot,380000,Kuala Lumpur,6,285.49962434259953
3.0,2.0,800,"Security, Swimming Pool, Parking",Permai Prima @ Bukit Ampang Permai,Keringat Group,Leasehold,"Off Lorong Permai 22, Bukit Ampang Permai, Ampang, Kuala Lumpur",,,,Apartment,,,Bumi Lot,260000,Kuala Lumpur,3,325.0
3.0,2.0,700,,Taman Lembah Hijau Block 3,,Freehold,"Jalan Gangsa, Greenlane, Georgetown, Penang",2000.0,12,,Apartment,2,,Non Bumi Lot,355000,Penang,,507.14285714285717
3.0,2.0,1100,"Security, Gymnasium, Jogging Track, Parking, Playground, Swimming Pool, Multipurpose hall, Barbeque area, Lift",Imperial Residences,Ideal Property Group,Freehold,"Lilitan Sungai Ara, Off Jalan Dato Ismail Hashim, Sungai Ara, Penang",2016.0,30,816,Condominium,4,High,Non Bumi Lot,630000,Penang,9,572.7272727272727
3.0,2.0,750,"Jogging Track, Security, Swimming Pool, Playground, Gymnasium, Barbeque area, Parking, Multipurpose hall, Lift",Melody Homes,Belleview Group,Freehold,"Lebuhraya Thean Teik, Farlim,, Ayer Itam, Penang",2012.0,30,500,Apartment,1,High,Non Bumi Lot,330000,Penang,9,440.0
6.0,5.0,2600,"Playground, Gymnasium, Security, Jogging Track, Club house, Swimming Pool, Squash Court, Barbeque area, Sauna, Parking",Central Park,Insa Properties,Freehold,"Lebuhraya Batu Lanchang, Greenlane, Penang",2011.0,36,326,Condominium,2,,Non Bumi Lot,1500000,Penang,10,576.9230769230769
3.0,2.0,1300,"Lift, Sauna, Parking, Security, Swimming Pool, Minimart, Club house, Tennis Court, Squash Court, Jogging Track, Barbeque area, Playground, Gymnasium",Setia Tri-Angle Residential Condominiums,Setia Promenade Sdn Bhd (SP Setia),Freehold,"Persiaran Kelicap, Bayan Lepas, Penang",2015.0,6,225,Condominium,2,,Non Bumi Lot,528000,Penang,13,406.15384615384613
3.0,2.0,700,"Parking, Lift",Taman Kristal,,Freehold,"Gerbang Mount Eskine, Tanjong Tokong, Penang",1999.0,21,520,Apartment,1,Medium,Non Bumi Lot,350000,Penang,2,500.0
3.0,2.0,850,"Lift, Parking",Desa Penaga,,Freehold,"Jalan Penaga, Jelutong, Penang",,,,Apartment,1,Medium,Non Bumi Lot,430000,Penang,2,505.88235294117646
3.0,2.0,680,"Security, Minimart, Parking, Swimming Pool, Lift",Centrio Avenue,Boon Siew Group,Freehold,"Taman Bukit Gambier,, Gelugor, Penang",2013.0,31,780,Apartment,1,High,Non Bumi Lot,345000,Penang,5,507.3529411764706
3.0,2.0,700,"Parking, Security, Lift",Greenlane Heights,Hunza Properties Berhad,Freehold,"Greenlane Heights,, Greenlane, Penang",,14,,Condominium,1,Medium,Non Bumi Lot,320000,Penang,3,457.14285714285717
2.0,2.0,776,"Parking, Swimming Pool, Gymnasium, Lift, Security",The Clovers,Asia Green Group,Freehold,"Jalan Merbah Off Jalan Dato Ismail Hashim, Sungai Ara, Penang",2017.0,42,670,Condominium,2,High,Non Bumi Lot,450000,Penang,5,579.8969072164948
4.0,3.0,1500,"Swimming Pool, Gymnasium, Sauna, Security, Playground, Tennis Court, Parking, Minimart, Lift",I-Regency Condominium,Cygal Properties Sdn Bhd,Freehold,"Jalan Bukit Gambier, Gelugor, Penang",2009.0,21,258,Condominium,1,Low,Non Bumi Lot,780000,Penang,9,520.0
3.0,2.0,1200,"Gymnasium, Parking, Security, Playground, Swimming Pool, Jogging Track",One Imperial,Ideal Property Group,Freehold,"Off Jalan Dato Ismail Hashim, Sungai Ara, Penang",2016.0,20,771,Condominium,2,,Non Bumi Lot,550000,Penang,6,458.3333333333333
3.0,2.0,1055,"Minimart, Security, Lift, Parking, Jogging Track",Pangsapuri Saujana Permai 2,Majlis Perbandaran Kajang,Freehold,"Jalan Bukit Mutiara 1, Sentosa Heights, Kajang, Selangor",2006.0,22,246,Apartment,2,High,Non Bumi Lot,280000,Selangor,5,265.4028436018957
4.0,2.0,1000,"Parking, Lift, Security, Playground, Swimming Pool",The Stone (Ayer Itam),PLB Land Sdn Bhd,Freehold,"Jalan Bukit Kukus, Ayer Itam, Penang",,,1000,Apartment,,High,Non Bumi Lot,360000,Penang,5,360.0
6.0,7.0,4177,,Silk Residence,Cheras Hong Soon Development Sdn Bhd,Freehold,"Lebuhraya Silk Off Cheras Selatan, Balakong, Cheras, Selangor",,,551,Condominium,3,,Non Bumi Lot,750000,Selangor,,179.55470433325354
3.0,2.0,893,"Security, Lift, Parking, Swimming Pool, Playground, Gymnasium, Multipurpose hall",I-Santorini,Ideal Property Group,Leasehold,"Jalan Tanjung Tokong, Tanjong Tokong, Penang",2016.0,49,2155,Condominium,,Medium,Non Bumi Lot,344000,Penang,7,385.21836506159013
3.0,2.0,700,"Playground, Parking, Security",Sri Impian (Penang),,Leasehold,"Lengkok Angsana, Bandar Baru Farlim, Ayer Itam, Penang",2005.0,22,,Apartment,1,Medium,Non Bumi Lot,270000,Penang,3,385.7142857142857
3.0,2.0,915,"Playground, Security, Parking",Lafite Apartment (Subang Jaya),Sime Darby Property Berhad,Freehold,"Jalan SS 17/1, SS17, Subang Jaya, Selangor",1991.0,4,,Condominium,1,Low,Non Bumi Lot,420000,Selangor,3,459.0163934426229
3.0,2.0,700,"Swimming Pool, Parking, Security, Jogging Track, Barbeque area, Multipurpose hall, Playground, Gymnasium, Lift",Melody Homes,Belleview Group,Freehold,"Lebuhraya Thean Teik, Farlim,, Ayer Itam, Penang",2012.0,30,500,Apartment,1,Medium,Non Bumi Lot,380000,Penang,9,542.8571428571429
3.0,2.0,818,"Parking, Playground, Jogging Track, Minimart, Barbeque area, Security",Pangsapuri Waja,,Freehold,"Jalan Tun Perak 5, Cheras, Selangor",,5,480,Apartment,1,High,Bumi Lot,230000,Selangor,6,281.17359413202934
3.0,2.0,936,"Barbeque area, Playground, Swimming Pool, Gymnasium, Parking, Security, Minimart, Tennis Court, Lift",Langat Jaya,,Freehold,"Kampung Melaka, Jalan Datuk Alias,, Cheras, Selangor",,23,,Condominium,1,Low,Bumi Lot,255000,Selangor,9,272.43589743589746
3.0,2.0,840,"Parking, Security",Desa Putra Apartment (Batu Caves),,Freehold,"Jalan Bunga Raya 2, Ampang, Selangor",,5,1,Apartment,1,High,Bumi Lot,200000,Selangor,2,238.0952380952381
3.0,2.0,1651,"Parking, Security, Lift, Swimming Pool, Gymnasium, Sauna",Imperial Suites (Kuching),,Leasehold,"Jln Hup Kee, Taman Seng Goon, Kuching, Sarawak",,,,Service Residence,,,Non Bumi Lot,858520,Sarawak,6,520.0
3.0,2.0,800,"Sauna, Parking, Minimart, Playground, Security, Jogging Track, Gymnasium",Relau Vista,Alor Vista Sdn Bhd,Freehold,"Lebuh Relau 6, Bayan Lepas, Penang",2008.0,29,,Apartment,2,,Non Bumi Lot,385000,Penang,7,481.25
3.0,2.0,982,"Swimming Pool, Tennis Court, Parking, Security, Playground",Menara Menjalara,,Freehold,"Jalan 1/62D, Bandar Menjalara, Kuala Lumpur",,16,,Condominium,1,,Non Bumi Lot,390000,Kuala Lumpur,5,397.14867617107944
3.0,2.0,995,"Security, Gymnasium, Minimart, Barbeque area, Parking, Playground, Sauna, Multipurpose hall",Bukit Segambut,,Freehold,"Bukit Segambut, Segambut, Segambut, Kuala Lumpur",,,188,Apartment,1,,Non Bumi Lot,358000,Kuala Lumpur,8,359.79899497487435
2.0,2.0,1000,"Parking, Playground, Minimart, Security, Swimming Pool, Barbeque area",Vista Mutiara,Aik Bee Timbers,Leasehold,"No.1, Jalan Vista Mutiara Off Jalan Kepong, Kepong, Kepong, Kuala Lumpur",2008.0,22,500,Condominium,1,Medium,Non Bumi Lot,390000,Kuala Lumpur,6,390.0
2.0,2.0,1191,"Gymnasium, Sauna, Security, Swimming Pool, Parking, Minimart, Multipurpose hall",Seasons Luxury Apartments @ Amara Larkin,Teori Warisan Sdn Bhd,Leasehold,"Off Jalan Dato Jaafar, Johor Bahru, Johor",2016.0,20,973,Apartment,,Medium,Non Bumi Lot,420000,Johor,7,352.6448362720403
2.0,1.0,500,"Parking, Security, Lift",Krystal Heights,,Freehold,"No. 527, Lintang Delima Empat Belas, Jelutong, Penang",2002.0,15,932,Apartment,1,,Non Bumi Lot,185000,Penang,3,370.0
3.0,3.0,1124,"Gymnasium, Playground, Parking, Multipurpose hall, Security, Swimming Pool",V-Residensi 2,B&G Property,Freehold,"Seksyen 22, Shah Alam, Selangor",2016.0,22,616,Service Residence,2,High,Non Bumi Lot,500000,Selangor,6,444.83985765124555
4.0,3.0,1645,,,,Freehold,,,,,Condominium,2,,Non Bumi Lot,505000,,,306.99088145896656
3.0,2.0,904,"Parking, Security",,,Freehold,,,,,Apartment,1,,Non Bumi Lot,300000,,2,331.85840707964604
3.0,2.0,1142,"Parking, Gymnasium, Tennis Court, Playground, Barbeque area, Minimart, Swimming Pool",,,Freehold,,,,,Condominium,1,,Non Bumi Lot,350000,,7,306.4798598949212
2.0,2.0,904,"Parking, Security, Swimming Pool, Playground, Club house, Gymnasium",,,Freehold,,,,,Service Residence,1,Low,Non Bumi Lot,645000,,6,713.4955752212389
3.0,2.0,1200,"Playground, Parking, Security, Swimming Pool, Gymnasium",,,Freehold,,,,,Condominium,,High,Non Bumi Lot,570000,,5,475.0
3.0,2.0,1519,"Tennis Court, Squash Court, Swimming Pool, Gymnasium, Sauna, Parking, Playground, Barbeque area, Security",,,Freehold,,,,,Condominium,1,,Non Bumi Lot,620000,,9,408.16326530612247
3.0,2.0,14500,"Parking, Sauna, Security",Mutiara Court (Penang),,Freehold,"Lorong Delima 20, Gelugor, Penang",1989.0,3,186,Apartment,1,,Non Bumi Lot,625000,Penang,3,43.10344827586207
3.0,2.0,916,,,,Freehold,,,,,Condominium,1,,Non Bumi Lot,400000,,,436.68122270742356
3.0,2.0,1214,"Security, Minimart",Sky Loft Premium Suites @ Bukit Indah,Setia Promenade Sdn Bhd (SP Setia),Freehold,"Jalan Indah 15/2, Bukit Indah, Johor Bahru, Johor",,,374,Service Residence,,Medium,Non Bumi Lot,520000,Johor,2,428.33607907743
3.0,2.0,791,,Teratai Apartment @ Taman Sutera,Modal Ehsan Sdn Bhd,Freehold,"Taman Sutera, Off Jalan Cheras Prima 1, Kajang, Selangor",,,,Apartment,1,,Non Bumi Lot,220000,Selangor,,278.1289506953224
3.0,2.0,850,"Parking, Security",Mawar Apartment (Sungai Nibong),,Freehold,"Jalan Bukit Kecil, Taman Sri Nibong, Sungai Nibong, Penang",1994.0,4,60,Apartment,,,Non Bumi Lot,420000,Penang,2,494.11764705882354
3.0,2.0,1100,"Playground, Gymnasium, Security, Parking, Swimming Pool, Jogging Track, Barbeque area",Summer Place,Jelutong Development Sdn. Bhd. (IJM Land),Leasehold,"Lebuh Sungai Pinang 8, Jelutong, Georgetown, Penang",2011.0,22,531,Condominium,2,High,Non Bumi Lot,700000,Penang,7,636.3636363636364
6.0,4.0,2045,"Sauna, Swimming Pool, Tennis Court, Jogging Track, Parking, Minimart, Playground, Club house, Security, Gymnasium, Barbeque area",Dwi Mahkota,,Leasehold,"Jalan Persiaran Tanjung Susur, Tampoi, Johor",,21,360,Condominium,2,High,Non Bumi Lot,480000,Johor,11,234.71882640586796
2.0,3.0,955,,Pangsapuri Perdana Villa,,Freehold,"Jalan Sungai Jati, Taman Sentosa Perdana, Klang, Selangor",,,,Apartment,,Low,Bumi Lot,290000,Selangor,,303.6649214659686
2.0,2.0,818,"Parking, Barbeque area, Security, Gymnasium, Multipurpose hall, Playground, Swimming Pool, Jogging Track, Lift",Riverine Diamond,IJM Land Berhad,Freehold,"JALAN PETANAK, Kuching, Sarawak",2017.0,,,Condominium,3,High,Non Bumi Lot,520000,Sarawak,9,635.6968215158925
2.0,1.0,600,"Playground, Security, Parking, Lift, Minimart",Desa Pinang 1,IJM LAND BERHAD,Leasehold,"11 Lorong Sungai Pinang, Jelutong, Penang",2004.0,6,210,Apartment,1,Low,Non Bumi Lot,220000,Penang,5,366.6666666666667
3.0,1.0,650,"Minimart, Playground",Desa Mentari,Mentari Housing Development,Leasehold,"Jalan PJS 6, Off Jalan Klang Lama, Petaling Jaya, Selangor",,12,3045,Apartment,1,Low,Non Bumi Lot,170000,Selangor,2,261.53846153846155
3.0,2.0,883,"Parking, Playground",Pangsapuri Opal,,Leasehold,"105, Jalan Matahari U5/102, Taman Subang Damai, Shah Alam, Selangor",,,,Apartment,1,,Non Bumi Lot,285000,Selangor,2,322.7633069082673
3.0,2.0,944,,Lily & Rose,,Freehold,"Jalan Ss 26/12 Off Taman Mayang Jaya, Petaling Jaya, Selangor",,,,Apartment,,,Non Bumi Lot,300000,Selangor,,317.79661016949154
3.0,2.0,1250,,Ameera Residence,TLS Group,Freehold,"Jalan Mutiara 3, Mutiara Heights,, Kajang, Selangor",2016.0,,428,Condominium,,,Non Bumi Lot,328000,Selangor,,262.4
3.0,2.0,1222,"Squash Court, Swimming Pool, Tennis Court, Security, Minimart, Playground, Jogging Track, Lift, Sauna, Parking, Gymnasium",Bukit OUG Condominium,BERJAYA GROUP,Freehold,"Jalan 3A/155, Bukit OUG, Bukit Jalil, Kuala Lumpur",1996.0,16,,Condominium,1,,Non Bumi Lot,368000,Kuala Lumpur,11,301.1456628477905
3.0,2.0,833,"Parking, Security, Lift, Swimming Pool, Playground, Gymnasium, Barbeque area, Minimart, Multipurpose hall, Club house, Tennis Court",Permai Puteri,Permai Syukur Sdn. Bhd.,Leasehold,"Jalan 13D, Taman Dato Ahmad Razali, Ampang, Selangor",2007.0,24,299,Apartment,1,High,Bumi Lot,290000,Selangor,11,348.13925570228093
4.0,2.0,1335,"Swimming Pool, Squash Court, Playground, Jogging Track, Security, Multipurpose hall, Minimart, Gymnasium, Tennis Court, Lift, Barbeque area, Sauna, Parking, Club house",Platinum Hill PV 5,Platinum Victory Development Sdn Bhd,Freehold,"Jalan Melati Utama 3, Taman Melati Utama, Setapak, Kuala Lumpur",2006.0,17,950,Condominium,1,Medium,Non Bumi Lot,395000,Kuala Lumpur,14,295.8801498127341
3.0,2.0,1254,"Multipurpose hall, Swimming Pool, Gymnasium, Barbeque area, Sauna, Security, Playground, Parking, Lift",Grace Residence,Nova Mulia Development Sdn Bhd,Freehold,"Jalan Jelutong, Off Tun Dr. Lim Chong Eu Hwy, Jelutong, Penang",2018.0,44,378,Condominium,2,High,Non Bumi Lot,760000,Penang,9,606.060606060606
3.0,2.0,1254,"Security, Barbeque area, Sauna, Gymnasium, Playground, Swimming Pool, Multipurpose hall",Grace Residence,Nova Mulia Development Sdn Bhd,Freehold,"Jalan Jelutong, Off Tun Dr. Lim Chong Eu Hwy, Jelutong, Penang",2018.0,44,378,Condominium,2,Medium,Non Bumi Lot,825000,Penang,7,657.8947368421053
3.0,2.0,1000,"Parking, Security, Lift",The Stone (Ayer Itam),PLB Land Sdn Bhd,Freehold,"Jalan Bukit Kukus, Ayer Itam, Penang",,,1000,Service Residence,2,High,Non Bumi Lot,410000,Penang,3,410.0
1.0,1.0,592,"Parking, Security, Multipurpose hall, Lift, Playground, Jogging Track",Mawar Apartments,,Freehold,"Jalan Jati 2, Gohtong Jaya, Genting Highlands, Pahang",,18,,Condominium,1,Medium,Non Bumi Lot,430000,Pahang,6,726.3513513513514
3.0,2.0,789,"Playground, Parking",Pangsapuri Seri Inai,Talam Transform Berhad,Freehold,"Jalan Anggerik 4, Rawang, Selangor",,4,,Apartment,1,Low,Non Bumi Lot,160000,Selangor,2,202.78833967046896
3.0,2.0,1259,"Parking, Security, Lift, Swimming Pool, Playground, Multipurpose hall",Pangsapuri Miro,,Freehold,"Jalan Taman Putra Kajang, Taman Kajang Putra, Kajang, Selangor",,5,,Apartment,1,High,Bumi Lot,425000,Selangor,6,337.5694996028594
4.0,3.0,1357,"Security, Squash Court, Playground, Gymnasium, Parking, Minimart, Swimming Pool",Mutiara Merdeka Condominium,Darma Hemat Sdn. Bhd.,Leasehold,"Jalan 6 Off Jalan Merdeka, Kampung Baru Ampang, Ampang, Selangor",2015.0,16,94,Condominium,2,,Bumi Lot,590000,Selangor,7,434.7826086956522
3.0,2.0,760,"Parking, Security",Astana Alam 2 Pangsapuri Blok Gemalai,,Leasehold,"Jalan Astana 13/1, Bandar Puncak Alam, Puncak Alam, Selangor",,,,Apartment,,Low,Bumi Lot,193000,Selangor,2,253.94736842105263
5.0,4.0,2293,"Gymnasium, Multipurpose hall, Sauna, Parking, Playground, Tennis Court, Jogging Track, Lift, Security, Minimart, Squash Court, Barbeque area, Club house, Swimming Pool",Impian Heights,IOI Properties Group Berhad,Freehold,"Jalan Pipit, Bandar Puchong Jaya, Puchong, Selangor",1999.0,16,520,Condominium,2,High,Non Bumi Lot,547000,Selangor,14,238.55211513301353
1.0,1.0,541,"Parking, Tennis Court, Playground, Security, Gymnasium, Squash Court, Multipurpose hall, Swimming Pool",TimurBay Seafront Residences,PJD Group,Freehold,"Mukim Balok Beach, Beserah, Kuantan, Pahang",2019.0,15,760,Service Residence,1,,Non Bumi Lot,400000,Pahang,8,739.3715341959335
3.0,2.0,1011,"Playground, Swimming Pool, Lift, Parking, Security",Puncak Hijauan,Ever Land & Development Sdn. Bhd.,Freehold,"Jalan Pintar 4, Taman Universiti, Kajang, Selangor",2018.0,,296,Apartment,,Low,Non Bumi Lot,310000,Selangor,5,306.6271018793274
3.0,2.0,700,"Parking, Lift, Security",Mutiara Vista,Syarikat Perumahan Negara Berhad,Freehold,"Jalan Jelutong, Jelutong, Penang",,27,454,Apartment,1,High,Non Bumi Lot,275000,Penang,3,392.85714285714283
2.0,2.0,700,,Desa Baiduri,,Leasehold,"Jalan RU 1, Ayer Itam, Penang",,,,Apartment,,Low,Non Bumi Lot,255000,Penang,,364.2857142857143
3.0,2.0,800,"Parking, Security, Lift",The Rise Collection 2,Zubicon Sdn. Bhd.,Leasehold,"The Rise Collection 2, Georgetown, Penang",2016.0,,1900,Apartment,2,High,Non Bumi Lot,380000,Penang,3,475.0
3.0,2.0,700,"Parking, Security, Lift",Desa Bistari (Gelugor),,Freehold,"Lintang Pantai Jerjak, 11700 Gelugor, Penang, Gelugor, Penang",2000.0,22,403,Condominium,1,Low,Non Bumi Lot,295000,Penang,3,421.42857142857144
3.0,2.0,900,"Parking, Security, Swimming Pool, Playground, Lift",University Place (Plaza Ivory),Ivory Properties Group Sdn Bhd,Freehold,"Halaman Bukit Gambir, Sunway Bukit Gambier, Gelugor, Penang",2004.0,29,274,Condominium,1,High,Non Bumi Lot,500000,Penang,5,555.5555555555555
3.0,2.0,850,"Parking, Security, Lift, Swimming Pool, Playground",Kingfisher Series Condominium,Hunza Properties Berhad,Freehold,"No. 9-10, Jalan Gangsa, Green Lane, Georgetown, Penang",1998.0,21,406,Condominium,1,Low,Non Bumi Lot,360000,Penang,5,423.52941176470586
2.0,1.0,550,,Taman Tampoi Utama Flat,,Leasehold,"Jalan Titiwangsa 17/5, Taman Tampoi Utama, Tampoi, Johor Bahru, Johor",,,,Flat,1,Low,Non Bumi Lot,159000,Johor,,289.09090909090907
3.0,2.0,770,,Flat Taman Perling,I&P Group,Leasehold,"Taman Perling, Perling, Johor",,,,Apartment,1,Medium,Bumi Lot,160000,Johor,,207.7922077922078
3.0,2.0,887,"Squash Court, Parking, Playground, Sauna, Minimart, Swimming Pool, Gymnasium, Tennis Court, Security, Lift",All Seasons Park,Belleview Group,Freehold,"Lebuhraya Thean Teik, Air Itam, Ayer Itam, Penang",2013.0,30,808,Condominium,2,Low,Non Bumi Lot,480000,Penang,10,541.1499436302142
4.0,2.0,1055,"Security, Minimart, Parking, Lift, Playground",Vista Angkasa,Dewan Bandaraya Kuala Lumpur,Leasehold,"Jalan Kerinchi, Kampung Kerinchi, Bangsar South, Kuala Lumpur",,14,504,Apartment,2,High,Non Bumi Lot,425000,Kuala Lumpur,5,402.8436018957346
3.0,2.0,950,,The Pines Residence,,Leasehold,"Jalan Paya Mengkuang, Gelang Patah, Johor",,,,Apartment,,High,Non Bumi Lot,288000,Johor,,303.1578947368421
3.0,2.0,1065,,Seri Tijanni,Golden Armani Sdn Bhd,Freehold,"3017, Lorong Melati, Bukit Rahman Putra, Sungai Buloh, Selangor",,,144,Condominium,,,Non Bumi Lot,420000,Selangor,,394.36619718309856
4.0,2.0,1050,"Minimart, Swimming Pool, Barbeque area, Security, Playground, Parking",Sri Kenangan,,Leasehold,"Jalan 1/27D, Wangsa Maju, Kuala Lumpur",,5,,Condominium,1,,Non Bumi Lot,390000,Kuala Lumpur,6,371.42857142857144
3.0,2.0,800,,Elena Apartment,,Leasehold,"Jalan 3/76d Off Jalan Kampung Pandan, Desa Pandan, Desa Pandan, Kuala Lumpur",,,,Apartment,,,Bumi Lot,240000,Kuala Lumpur,,300.0
3.0,2.0,1152,"Security, Playground, Swimming Pool, Barbeque area, Parking, Jogging Track",Midfields 2,YTL Corporation,Leasehold,"Taman Sungai Besi, Sungai Besi, Kuala Lumpur",2017.0,21,792,Condominium,,,Non Bumi Lot,495000,Kuala Lumpur,6,429.6875
3.0,2.0,915,,Bunga Raya (Ampang),,Leasehold,"Jalan Pandan Indah 4/14c, Ampang, Selangor",,5,,Apartment,1,High,Bumi Lot,285000,Selangor,,311.4754098360656
3.0,2.0,850,"Parking, Security, Lift, Swimming Pool, Playground",The Rise Collection 2,Zubicon Sdn. Bhd.,Leasehold,"The Rise Collection 2, Georgetown, Penang",2016.0,,1900,Apartment,1,High,Non Bumi Lot,355000,Penang,5,417.6470588235294
3.0,2.0,850,"Security, Parking, Lift, Swimming Pool, Playground",Kingfisher Series Condominium,Hunza Properties Berhad,Freehold,"No. 9-10, Jalan Gangsa, Green Lane, Georgetown, Penang",1998.0,21,406,Condominium,1,Medium,Non Bumi Lot,360000,Penang,5,423.52941176470586
3.0,2.0,1946,"Playground, Sauna, Parking, Security, Minimart, Lift, Swimming Pool, Gymnasium, Jogging Track, Barbeque area, Multipurpose hall",The Uban Residence,Cosmopolitan Homes Sdn Bhd,Freehold,"Lintang Pantai Jerjak 6, Batu Uban, Penang",2020.0,42,150,Condominium,3,Low,Non Bumi Lot,900000,Penang,11,462.48715313463515
3.0,3.0,1200,"Lift, Swimming Pool, Playground",Apartment Sentul,,Freehold,"Jalan 2/48B, Sentul Pasar, Sentul, Kuala Lumpur",,5,,Condominium,,Medium,Non Bumi Lot,531000,Kuala Lumpur,3,442.5
3.0,3.0,1200,"Parking, Security",Apartment Sentul,,Freehold,"Jalan 2/48B, Sentul Pasar, Sentul, Kuala Lumpur",,5,,Condominium,3,High,Non Bumi Lot,532000,Kuala Lumpur,2,443.3333333333333
3.0,2.0,650,"Parking, Security, Lift",Mutiara Vista,Syarikat Perumahan Negara Berhad,Freehold,"Jalan Jelutong, Jelutong, Penang",,27,454,Apartment,,Medium,Non Bumi Lot,250000,Penang,3,384.61538461538464
3.0,2.0,700,"Parking, Security, Lift",Desa Green Apartment (Jelutong),,Freehold,"Jalan Van Praagh, off Perak Road, Jelutong, Penang",1997.0,22,1008,Apartment,,Low,Non Bumi Lot,260000,Penang,3,371.42857142857144
3.0,2.0,939,"Gymnasium, Lift, Sauna, Multipurpose hall, Barbeque area, Club house, Security, Swimming Pool, Jogging Track, Minimart, Tennis Court, Squash Court, Parking, Playground",Boulevard Condominium (BLVD),Reka Indah Development Sdn Bhd,Freehold,"Lebuhraya Thean Teik, Ayer Itam, Penang",2011.0,38,420,Condominium,3,High,Non Bumi Lot,498000,Penang,14,530.3514376996806
3.0,2.0,810,"Parking, Security, Lift",The Rise Collection 2,Zubicon Sdn. Bhd.,Leasehold,"The Rise Collection 2, Georgetown, Penang",2016.0,,1900,Apartment,2,High,Non Bumi Lot,410000,Penang,3,506.17283950617286
3.0,3.0,1200,"Gymnasium, Barbeque area, Multipurpose hall",Apartment Sentul,,Freehold,"Jalan 2/48B, Sentul Pasar, Sentul, Kuala Lumpur",,5,,Condominium,3,Low,Non Bumi Lot,530500,Kuala Lumpur,3,442.0833333333333
3.0,2.0,850,,Taman Cahaya,,Leasehold,"Taman Cahaya, Ampang, Selangor",,,,Apartment,,Medium,Bumi Lot,280000,Selangor,,329.4117647058824
2.0,2.0,800,,Razak City Residences,Razak City Residences,Freehold,"Razak City, Lebuhraya Sungai Besi Besraya, Sungai Besi, Kuala Lumpur",,,,Service Residence,,,Non Bumi Lot,405000,Kuala Lumpur,,506.25
3.0,2.0,1270,"Squash Court, Gymnasium, Playground, Lift, Minimart, Barbeque area, Club house, Security, Parking, Swimming Pool, Tennis Court, Sauna",Heritage Condominiun,,Freehold,"442, Jalan Pahang, Setapak, Setapak, Kuala Lumpur",,18,,Condominium,1,,Non Bumi Lot,330000,Kuala Lumpur,12,259.84251968503935
3.0,2.0,650,,Orchid Apartment (Pangsapuri Orkid),,Freehold,"Bandar Mahkota Cheras Apartment Block L1, Bandar Mahkota Cheras, Kajang, Selangor",,,,Apartment,,Medium,Bumi Lot,160000,Selangor,,246.15384615384616
3.0,2.0,1300,"Security, Playground, Jogging Track, Swimming Pool, Gymnasium",8 Kinrara,I & P Group Sdn. Berhad.,Freehold,"Jalan BK5a/3b, Bandar Kinrara 5, Puchong, Kuala Lumpur",2016.0,35,236,Service Residence,2,Medium,Non Bumi Lot,750000,Kuala Lumpur,5,576.9230769230769
3.0,2.0,650,"Parking, Minimart, Security, Playground, Jogging Track",Sri Tanjung (USJ 16),,Freehold,"Jalan USJ 16/7, USJ 16, USJ, Selangor",2007.0,10,,Apartment,,Medium,Bumi Lot,195000,Selangor,5,300.0
4.0,3.0,1600,"Playground, Barbeque area, Jogging Track, Security, Sauna, Multipurpose hall, Swimming Pool, Gymnasium",Duta Park Residences,Malton Berhad Group,Leasehold,"Jalan Kolam Air, Jalan Ipoh, Jalan Ipoh, Kuala Lumpur",2024.0,58,1300,Service Residence,2,,Non Bumi Lot,890000,Kuala Lumpur,8,556.25
1.0,1.0,476,"Gymnasium, Jogging Track, Multipurpose hall, Parking, Swimming Pool, Minimart, Tennis Court, Security, Playground",Greenfield Regency,Alpha Astral,Freehold,"Jalan Skudai Lama, Taman Tampoi Indah, Johor Bahru, Johor",2014.0,,561,Apartment,,Medium,Non Bumi Lot,230000,Johor,9,483.1932773109244
3.0,2.0,1180,,Larkin Residence (Phase One),Niche Properties Sdn Bhd,Leasehold,"Taman Dato Onn, Larkin, Johor Bahru, Johor",2003.0,,,Apartment,,Low,Non Bumi Lot,425000,Johor,,360.1694915254237
3.0,2.0,571,Parking,Flat Temenggong,,Freehold,"Persiaran Indrapura 4, Kulai, Johor",,,,Flat,,High,Non Bumi Lot,85000,Johor,1,148.86164623467602
4.0,4.0,2874,"Parking, Security, Lift, Swimming Pool, Playground, Gymnasium, Sauna, Barbeque area, Minimart, Multipurpose hall, Club house, Jogging Track, Tennis Court, Squash Court",Tria Residences @ 9 Seputeh,MRCB Land,Leasehold,"Off Jalan Klang Lama, Old Klang Road, Kuala Lumpur",2022.0,38,734,Condominium,6,Medium,Non Bumi Lot,1700000,Kuala Lumpur,14,591.5100904662492
2.0,1.0,650,"Security, Lift, Swimming Pool, Parking, Playground",Artis 3,Airmas Group,Freehold,"Jalan Tengku,, Jelutong, Penang",,,,Condominium,1,Medium,Non Bumi Lot,468000,Penang,5,720.0
3.0,2.0,650,"Parking, Lift, Security",Mutiara Vista,Syarikat Perumahan Negara Berhad,Freehold,"Jalan Jelutong, Jelutong, Penang",,27,454,Apartment,,Medium,Non Bumi Lot,250000,Penang,3,384.61538461538464
3.0,2.0,650,"Parking, Security, Lift",Mutiara Vista,Syarikat Perumahan Negara Berhad,Freehold,"Jalan Jelutong, Jelutong, Penang",,27,454,Apartment,1,High,Non Bumi Lot,290000,Penang,3,446.15384615384613
3.0,2.0,689,"Parking, Lift, Security",Apartment Minang Ria 2,,Freehold,"Jalan Minang Ria 1, Taman Minang Ria, Cheras, Selangor",,11,,Apartment,,Medium,Non Bumi Lot,185000,Selangor,3,268.50507982583457
3.0,2.0,990,"Parking, Security, Lift, Swimming Pool, Playground, Gymnasium, Sauna, Barbeque area, Minimart, Multipurpose hall, Club house, Jogging Track, Tennis Court, Squash Court",Nusa Perdana Service Apartment,,Freehold,"Jalan Nusa Perdana, Gelang Patah, Johor",,,,Apartment,1,Medium,Non Bumi Lot,359000,Johor,14,362.62626262626264
1.0,1.0,619,"Gymnasium, Security, Swimming Pool, Parking",Maxim Residences,Meridian Maxim Sdn Bhd,Leasehold,"Off Taman Len Seng, Cheras, Cheras, Kuala Lumpur",2017.0,34,542,Service Residence,1,High,Non Bumi Lot,300000,Kuala Lumpur,4,484.6526655896607
3.0,2.0,1250,,Skycube Residence,GSD Land (M) Sdn Bhd,Freehold,"Off Jalan Paya Terubong, Sungai Ara, Penang",2017.0,30,410,Condominium,2,High,Non Bumi Lot,600000,Penang,,480.0
3.0,2.0,925,"Playground, Swimming Pool, Parking, Security, Gymnasium",Desa Saujana,Hadfields Land,Freehold,"Jalan Sungai Besi Indah 3/5, Seri Kembangan, Selangor",,11,,Apartment,,,Non Bumi Lot,330000,Selangor,5,356.7567567567568
3.0,2.0,917,"Security, Playground, Swimming Pool, Gymnasium, Squash Court, Parking, Barbeque area, Sauna, Minimart",D'Alamanda,TSI Holdings Sdn Bhd,Leasehold,"Pudu Impian IV, No.2 Jalan Pudu Ulu, Cheras, Kuala Lumpur",2014.0,16,1,Service Residence,,,Non Bumi Lot,440000,Kuala Lumpur,9,479.8255179934569
3.0,2.0,814,"Playground, Parking",Taman Topaz,Perangsang Tin Consolidated,Freehold,"Taman Topaz, Off Jalan Banting, Dengkil, Selangor",2013.0,7,359,Apartment,,,Non Bumi Lot,188000,Selangor,2,230.95823095823096
3.0,2.0,1052,,D' Puncak Suasana,,Freehold,"Jln Suasana 3/4, Tun Hussein Onn, Cheras, Selangor",,,,Apartment,,,Non Bumi Lot,280000,Selangor,,266.1596958174905
3.0,2.0,1050,Lift,Suria Mewah Residensi,,Leasehold,"Jalan Dusun, Semenyih, Selangor",,,,Apartment,,,Non Bumi Lot,275000,Selangor,1,261.9047619047619
3.0,2.0,850,"Playground, Parking, Security",Pangsapuri Seri Jasa,,Leasehold,"Jalan Balakong, Seri Kembangan, Selangor",,5,,Apartment,,,Non Bumi Lot,170000,Selangor,3,200.0
4.0,3.0,2333,"Swimming Pool, Gymnasium, Tennis Court, Minimart, Lift, Squash Court, Sauna, Parking, Security, Playground",All Seasons Park,Belleview Group,Freehold,"Lebuhraya Thean Teik, Air Itam, Ayer Itam, Penang",2013.0,30,808,Condominium,2,High,Non Bumi Lot,1312000,Penang,10,562.3660522931848
3.0,2.0,1000,,Skycube Residence,GSD Land (M) Sdn Bhd,Freehold,"Off Jalan Paya Terubong, Sungai Ara, Penang",2017.0,30,410,Condominium,2,Medium,Non Bumi Lot,570000,Penang,,570.0
3.0,2.0,1100,"Security, Gymnasium, Jogging Track, Parking, Playground, Swimming Pool, Multipurpose hall, Barbeque area, Lift",Imperial Residences,Ideal Property Group,Freehold,"Lilitan Sungai Ara, Off Jalan Dato Ismail Hashim, Sungai Ara, Penang",2016.0,30,816,Condominium,2,High,Non Bumi Lot,580000,Penang,9,527.2727272727273
3.0,2.0,750,"Security, Jogging Track, Playground, Multipurpose hall, Parking, Lift",Idaman Lavender 3,Sri Tunas Sdn Bhd,Freehold,"Lilitan Sungai Ara Off Jalan Dato Ismail Hashim, Bayan Lepas, Penang",,20,608,Apartment,1,High,Non Bumi Lot,340000,Penang,6,453.3333333333333
3.0,2.0,1060,"Security, Swimming Pool, Parking, Lift",Menara Greenview,,Freehold,"No. 18, Halaman Tembaga, 11600 Greenlane, Penang, Jelutong, Penang",1996.0,25,237,Condominium,2,Medium,Non Bumi Lot,480000,Penang,4,452.8301886792453
3.0,2.0,800,"Parking, Security, Lift",Damai Vista Apartment,OHM Group,Freehold,"Jalan Damai, Jelutong, Penang",,18,112,Apartment,1,High,Non Bumi Lot,378000,Penang,3,472.5
3.0,2.0,700,"Minimart, Gymnasium, Parking, Security, Playground, Swimming Pool, Lift",Eastern Court,Tamarins Group Sdn Bhd,Freehold,"No. 22, Lorong Hijau 7,, Jelutong, Penang",1999.0,19,322,Apartment,1,Low,Non Bumi Lot,368000,Penang,7,525.7142857142857
3.0,2.0,700,"Parking, Security, Lift",Shineville Garden,Zantalite Enterprise (M) Sdn Bhd,Freehold,"Thean Teik Hwy, Ayer Itam, Penang",,24,234,Apartment,1,Medium,Non Bumi Lot,280000,Penang,3,400.0
2.0,2.0,800,"Lift, Swimming Pool, Sauna, Security, Parking, Playground, Gymnasium, Minimart, Multipurpose hall, Barbeque area",Razak City Residences ( RC Residences ),,Leasehold,"Jalan Sungai Besi, Salak Selatan, Kuala Lumpur, Sungai Besi",,,,Service Residence,1,Medium,Non Bumi Lot,405000,Sungai Besi,10,506.25
3.0,2.0,1023,"Playground, Swimming Pool, Gymnasium, Parking, Security, Lift",Residensi Zamrud @ Kajang,Cheras Hong Soon Development Sdn. Bhd.,Freehold,"Jalan Zamrud Utama, Kajang 2, Kajang, Selangor",2019.0,,1205,Condominium,2,Medium,Non Bumi Lot,300000,Selangor,6,293.2551319648094
3.0,2.0,1023,,Residensi Zamrud,Cheras Hong Soon Development Sdn. Bhd.,Freehold,"Jalan Zamrud Utama, Kajang 2, Kajang, Selangor",2019.0,,1200,Condominium,2,Medium,Non Bumi Lot,300000,Selangor,,293.2551319648094
3.0,2.0,1068,"Security, Playground, Swimming Pool, Parking, Minimart, Barbeque area, Gymnasium",Desa Impiana,Mitrajaya,Freehold,"Taman Puchong Prima, Puchong, Selangor",2007.0,14,702,Apartment,,,Non Bumi Lot,320000,Selangor,7,299.62546816479403
3.0,2.0,1221,"Playground, Barbeque area, Parking, Swimming Pool, Security",Kemensah Villa,,Freehold,"Jalan Melati Indah 1, Saujana Melawati, Ampang, Selangor",,5,,Condominium,,,Non Bumi Lot,340000,Selangor,5,278.46027846027846
3.0,2.0,711,,Rumah Pangsa Saga (Saga Suria),,Leasehold,"Off Jalan Taman Saga, Taman Saga, Ampang, Selangor",,,,Apartment,,Medium,Bumi Lot,210000,Selangor,,295.3586497890295
3.0,2.0,800,"Jogging Track, Parking, Security, Minimart, Gymnasium, Tennis Court, Club house, Playground, Swimming Pool, Lift",Anggun Puri,BTHomestead Development,Freehold,"Jalan Dutamas Raya, Taman Segambut SPPK, Solaris Dutamas, Kuala Lumpur",2008.0,22,246,Condominium,1,Medium,Non Bumi Lot,345000,Kuala Lumpur,10,431.25
4.0,3.0,2400,,Fettes Residences,Palmex Industries Sdn Bhd (IOI Group),Freehold,"Jalan Tanjong Tokong, Tanjong Tokong, Penang",2011.0,35,195,Condominium,2,Medium,Non Bumi Lot,1580000,Penang,,658.3333333333334
4.0,3.0,2750,"Parking, Security, Lift, Swimming Pool, Playground, Gymnasium, Multipurpose hall",Fettes Residences,Palmex Industries Sdn Bhd (IOI Group),Freehold,"Jalan Tanjong Tokong, Tanjong Tokong, Penang",2011.0,35,195,Condominium,2,Low,Non Bumi Lot,1400000,Penang,7,509.09090909090907
3.0,2.0,753,"Playground, Lift",Pangsapuri Angsana,,Freehold,"Jalan Penggawa 2/2, Cheras, Selangor",,,,Apartment,,High,Non Bumi Lot,230000,Selangor,2,305.4448871181939
3.0,2.0,700,,Sun Moon City,,Freehold,"Tingkat Paya Terubong 4, Ayer Itam, Penang",,,,Flat,,Low,Non Bumi Lot,120000,Penang,,171.42857142857142
4.0,2.0,1250,"Security, Parking, Swimming Pool, Playground, Jogging Track",Larkin Residence 3,,Leasehold,"Jalan Dato Jaafar, Larkin, 80350 Johor Bahru, Johor, Johor, Johor Bahru",,,,Service Residence,1,Medium,Non Bumi Lot,400000,Johor Bahru,5,320.0
3.0,2.0,1600,"Parking, Security, Lift, Swimming Pool, Playground, Gymnasium, Multipurpose hall, Jogging Track, Barbeque area",Fettes Residences,Palmex Industries Sdn Bhd (IOI Group),Freehold,"Jalan Tanjong Tokong, Tanjong Tokong, Penang",2011.0,35,195,Condominium,2,Low,Non Bumi Lot,1050000,Penang,9,656.25
2.0,1.0,550,,Taman Alor Vista,,Freehold,"Lebuh Relau Off Jalan Paya Terubong, Relau, Penang",,,,Apartment,,Medium,Non Bumi Lot,170000,Penang,,309.09090909090907
3.0,2.0,900,"Parking, Security, Lift, Swimming Pool, Playground",One Foresta @ Bayan Lepas,Ideal Property Group,Freehold,"Lengkok Kelicap, Bayan Lepas, Penang",2019.0,42,2685,Condominium,2,Low,Non Bumi Lot,480000,Penang,5,533.3333333333334
4.0,2.0,1500,"Minimart, Parking, Security, Sauna, Lift, Swimming Pool, Playground",Vista Gambier,Lereng Wira Sdn Bhd,Freehold,"Cangkat Bukit Gambier, Gelugor, Penang",,22,144,Condominium,2,High,Non Bumi Lot,780000,Penang,7,520.0
3.0,2.0,1195,"Jogging Track, Playground, Swimming Pool, Barbeque area, Security, Gymnasium, Parking, Lift",The Golden Triangle,GSV Development Sdn Bhd,Freehold,"Jalan Paya Terubong, Off Jalan Dato Ismail Hashim, Relau, Penang",2021.0,,406,Condominium,1,High,Non Bumi Lot,498000,Penang,8,416.73640167364016
4.0,2.0,1000,"Minimart, Parking, Security, Lift, Playground",Vista Angkasa,Dewan Bandaraya Kuala Lumpur,Leasehold,"Jalan Kerinchi, Kampung Kerinchi, Bangsar South, Kuala Lumpur",,14,504,Apartment,2,,Bumi Lot,400000,Kuala Lumpur,5,400.0
2.0,2.0,797,"Parking, Security, Lift, Swimming Pool, Playground, Gymnasium, Sauna, Barbeque area, Minimart, Multipurpose hall, Jogging Track",KSL Residence 2 @ Kangkar Tebrau,KSL Holdings Berhad,Leasehold,"Jalan Kangkar Tebrau, Johor Bahru, Johor",,,,Condominium,1,,Non Bumi Lot,380790,Johor,11,477.77917189460476
1.0,1.0,535,,Vega Residensi,Perbadanan Kemajuan Negeri Selangor (PKNS),Leasehold,"Selangor Science Park 2, Cyberjaya, Selangor",2009.0,,356,Service Residence,,,Bumi Lot,230000,Selangor,,429.9065420560748
3.0,2.0,700,"Minimart, Parking, Playground",Seri Perindu Apartment,,Leasehold,"Jalan 7/154D, Taman Desa Cheras, Cheras, Kuala Lumpur",,5,,Apartment,,,Bumi Lot,230000,Kuala Lumpur,3,328.57142857142856
3.0,2.0,950,,D'Cerrum Apartment,SP Setia Berhad,Freehold,"Jalan Ecohill 1/2, Semenyih, Selangor",2019.0,,635,Apartment,,,Non Bumi Lot,265000,Selangor,,278.94736842105266
3.0,2.0,908,"Swimming Pool, Security, Minimart, Gymnasium, Parking, Jogging Track, Barbeque area, Playground, Multipurpose hall",Suria Jelatek Residence,Almaharta Sdn Bhd,Leasehold,"No.7 Ampang Hilir, Jalan Jelatek, Ampang Hilir, Kuala Lumpur",2010.0,21,340,Condominium,,,Bumi Lot,420000,Kuala Lumpur,9,462.55506607929516
3.0,2.0,840,,SD Tiara Apartment,,Freehold,"Jalan Damar SD 15/6, Bandar Sri Damansara, Selangor",,,,Apartment,,,Non Bumi Lot,370000,Selangor,,440.4761904761905
5.0,5.0,1850,"Lift, Security, Parking, Swimming Pool, Gymnasium, Playground, Sauna, Barbeque area, Minimart, Multipurpose hall",8 Petaling,Petaling Garden Sdn Bhd (I & P Group),Freehold,"Jalan Radin, Zone K, Bandar Baru Sri Petaling, Sri Petaling, Kuala Lumpur",2014.0,18,156,Condominium,3,Low,Non Bumi Lot,798000,Kuala Lumpur,10,431.35135135135135
3.0,2.0,936,"Squash Court, Jogging Track, Parking, Swimming Pool, Gymnasium, Tennis Court, Sauna, Multipurpose hall, Club house, Security, Playground, Barbeque area, Minimart, Lift",Boulevard Condominium (BLVD),Reka Indah Development Sdn Bhd,Freehold,"Lebuhraya Thean Teik, Ayer Itam, Penang",2011.0,38,420,Condominium,2,Medium,Non Bumi Lot,570000,Penang,14,608.974358974359
3.0,2.0,826,"Swimming Pool, Gymnasium, Parking, Security, Lift",Tunas Residensi,Koperasi Tunas Muda Sungai Ara Berhad,Freehold,"Jalan Tun Dr Awang, Relau, Penang",,,,Apartment,1,Low,Non Bumi Lot,428000,Penang,5,518.1598062953996
3.0,2.0,850,"Parking, Security, Minimart, Swimming Pool, Lift",Jay Series,,Freehold,"No. 7 & 8, Jalan Gangsa, Jelutong, Penang",1998.0,24,342,Condominium,1,Medium,Non Bumi Lot,380000,Penang,5,447.05882352941177
3.0,2.0,1000,"Parking, Security, Lift, Swimming Pool, Playground",ForestVille,Ideal Property Group,Freehold,"Lengkok Kelicap, Bayan Lepas, Penang",,,,Condominium,2,Medium,Non Bumi Lot,495000,Penang,5,495.0
3.0,2.0,1300,"Parking, Security, Lift",Taman Seri Hijau,,Freehold,"Jalan Van Praagh , Taman Desa Green , Georgetown, Jelutong, Penang",1997.0,8,68,Apartment,1,Medium,Non Bumi Lot,400000,Penang,3,307.6923076923077
3.0,2.0,947,"Parking, Security, Club house, Sauna, Playground, Gymnasium, Barbeque area, Tennis Court, Jogging Track, Lift",The Spring,IJM LAND BERHAD,Leasehold,"Lebuh Sungai Pinang 2, Jelutong, Penang",2017.0,22,396,Condominium,2,Low,Non Bumi Lot,520000,Penang,10,549.1024287222809
4.0,3.0,1646,"Security, Playground, Gymnasium, Swimming Pool, Barbeque area, Sauna, Multipurpose hall, Parking, Lift",Grace Residence,Nova Mulia Development Sdn Bhd,Freehold,"Jalan Jelutong, Off Tun Dr. Lim Chong Eu Hwy, Jelutong, Penang",2018.0,44,378,Condominium,2,High,Non Bumi Lot,888000,Penang,9,539.4896719319563
3.0,2.0,938,"Barbeque area, Parking, Playground, Swimming Pool, Gymnasium, Security, Minimart, Tennis Court, Lift",Langat Jaya,,Freehold,"Kampung Melaka, Jalan Datuk Alias,, Cheras, Selangor",,23,,Condominium,1,High,Non Bumi Lot,318000,Selangor,9,339.0191897654584
3.0,1.0,665,"Parking, Security, Gymnasium, Jogging Track, Playground, Barbeque area",Taman Kheng Tian,Belleview Group,Freehold,"Jalan Van Praagh, Jelutong, Penang",2006.0,20,,Apartment,1,High,Non Bumi Lot,388000,Penang,6,583.4586466165414
2.0,2.0,769,"Parking, Lift, Security, Swimming Pool, Playground, Gymnasium, Minimart, Jogging Track",The Garden Residences,Scientex (Skudai),Freehold,"Jalan Persiaran Mutiara Mas, Skudai, Johor",2021.0,21,613,Condominium,2,Medium,Non Bumi Lot,380000,Johor,8,494.148244473342
3.0,2.0,850,"Parking, Security, Lift, Playground, Multipurpose hall, Minimart",Seremban Putra Apartments,Syarikat Perumahan Negara Berhad,Freehold,"Jalan Sikamat, Seremban, Negeri Sembilan",,5,,Apartment,,Low,Bumi Lot,165000,Negeri Sembilan,6,194.11764705882354
3.0,2.0,850,"Parking, Security, Lift, Swimming Pool, Playground, Minimart, Jogging Track, Gymnasium, Club house, Multipurpose hall, Barbeque area, Sauna",M Centura,Mah Sing Group Berhad,Freehold,"Jalan Sentul Pasar, Sentul, Kuala Lumpur",2021.0,47,1413,Service Residence,2,High,Non Bumi Lot,430000,Kuala Lumpur,12,505.88235294117646
3.0,2.0,650,Parking,Kemuning Apartment (Taman Bunga Raya),Medan Prestasi Sdn Bhd,Leasehold,"Taman Bunga Raya, Bukit Beruntung, Rawang, Serendah, Selangor",,6,,Apartment,,High,Bumi Lot,65000,Selangor,1,100.0
3.0,2.0,750,"Security, Swimming Pool, Playground, Parking, Lift",Eastern Court,Tamarins Group Sdn Bhd,Freehold,"No. 22, Lorong Hijau 7,, Jelutong, Penang",1999.0,19,322,Apartment,1,High,Non Bumi Lot,319000,Penang,5,425.3333333333333
3.0,3.0,1450,"Gymnasium, Parking, Swimming Pool, Playground, Sauna, Security, Barbeque area, Multipurpose hall, Lift",Fiera Vista,Ideal Property Group,Freehold,"Jalan Tun Dr Awang, Bayan Lepas, Penang",2014.0,16,470,Condominium,2,Low,Non Bumi Lot,800000,Penang,9,551.7241379310345
4.0,3.0,1450,"Gymnasium, Parking, Swimming Pool, Playground, Sauna, Security, Barbeque area, Multipurpose hall, Lift",Fiera Vista,Ideal Property Group,Freehold,"Jalan Tun Dr Awang, Bayan Lepas, Penang",2014.0,16,470,Condominium,2,Low,Non Bumi Lot,700000,Penang,9,482.7586206896552
3.0,3.0,1650,"Gymnasium, Parking, Swimming Pool, Playground, Sauna, Security, Barbeque area, Multipurpose hall, Lift",Fiera Vista,Ideal Property Group,Freehold,"Jalan Tun Dr Awang, Bayan Lepas, Penang",2014.0,16,470,Condominium,2,High,Non Bumi Lot,750000,Penang,9,454.54545454545456
3.0,3.0,1450,"Security, Sauna, Multipurpose hall, Swimming Pool, Gymnasium, Parking, Playground, Barbeque area",Fiera Vista,Ideal Property Group,Freehold,"Jalan Tun Dr Awang, Bayan Lepas, Penang",2014.0,16,470,Condominium,2,Medium,Non Bumi Lot,750000,Penang,8,517.2413793103449
4.0,3.0,1646,"Barbeque area, Playground, Gymnasium, Swimming Pool, Sauna, Security, Multipurpose hall, Parking, Lift, Jogging Track",Grace Residence,Nova Mulia Development Sdn Bhd,Freehold,"Jalan Jelutong, Off Tun Dr. Lim Chong Eu Hwy, Jelutong, Penang",2018.0,44,378,Condominium,,Medium,Non Bumi Lot,880000,Penang,10,534.629404617254
3.0,2.0,1038,"Parking, Security, Minimart, Jogging Track, Tennis Court, Playground, Barbeque area, Swimming Pool, Gymnasium, Sauna",Danga View Apartment,Ekovest Berhad,Freehold,"Jalan Persiaran Danga,Kampung Skudai Kiri, Skudai, Johor",,14,319,Apartment,,Medium,Non Bumi Lot,420000,Johor,10,404.6242774566474
3.0,2.0,1313,"Gymnasium, Squash Court, Minimart, Swimming Pool, Parking, Security, Lift, Playground",Suria Jelutong,Sunsuria Berhad,Freehold,"Jalan Bazar U8/99, Bukit Jelutong, Shah Alam, Selangor",2014.0,13,666,Service Residence,4,Low,Bumi Lot,565000,Selangor,8,430.31226199543033
3.0,2.0,700,"Parking, Security, Lift, Swimming Pool, Playground",Taman Pekaka Block 33,,Freehold,"Lorong Pekaka, Gelugor, Penang",,,,Apartment,1,Low,Non Bumi Lot,360000,Penang,5,514.2857142857143
4.0,3.0,1650,"Security, Multipurpose hall, Parking, Swimming Pool, Barbeque area, Sauna, Gymnasium, Playground, Lift",Fiera Vista,Ideal Property Group,Freehold,"Jalan Tun Dr Awang, Bayan Lepas, Penang",2014.0,16,470,Condominium,2,Medium,Non Bumi Lot,750000,Penang,9,454.54545454545456
2.0,1.0,500,"Security, Parking",Krystal Heights,,Freehold,"No. 527, Lintang Delima Empat Belas, Jelutong, Penang",2002.0,15,932,Apartment,,Medium,Non Bumi Lot,185000,Penang,2,370.0
3.0,2.0,700,"Parking, Security, Lift","Taman Lip Sin Block 1, 3 & 5",,Freehold,"Lengkok Nipah 3, Bayan Lepas, Penang",,,,Flat,1,Low,Non Bumi Lot,330000,Penang,3,471.42857142857144
3.0,2.0,1100,"Swimming Pool, Security, Parking",Flamingo Series,,Freehold,"No. 4 - 6, Solok Gangsa, Jelutong, Penang",1997.0,14,96,Condominium,1,Low,Non Bumi Lot,640000,Penang,3,581.8181818181819
3.0,2.0,1000,"Security, Minimart, Barbeque area, Parking, Playground, Swimming Pool, Gymnasium, Jogging Track, Lift",Vistaria Condominium,Palmex Industries Sdn Bhd (IOI Group),Freehold,"113 Jalan Kenari, Sungai Ara, Penang",2004.0,11,228,Condominium,1,High,Non Bumi Lot,380000,Penang,9,380.0
3.0,2.0,700,"Parking, Lift, Security",Desa Green Apartment (Jelutong),,Freehold,"Jalan Van Praagh, off Perak Road, Jelutong, Penang",1997.0,22,1008,Apartment,,Medium,Non Bumi Lot,260000,Penang,3,371.42857142857144
4.0,2.0,1062,"Minimart, Parking, Swimming Pool, Multipurpose hall, Playground, Security, Tennis Court, Lift",Casa Subang,Casa Andaman Sdn Bhd,Freehold,"Jalan Subang 1, Subang Light Industrial Park, Subang Jaya, Selangor",2005.0,25,588,Service Residence,1,Low,Non Bumi Lot,420000,Selangor,8,395.48022598870057
3.0,2.0,700,"Minimart, Sauna, Parking, Swimming Pool, Squash Court, Jogging Track, Lift, Playground",Pangsapuri Putra Harmoni @ Presint 9,,Freehold,"Off Jalan P9, Presint 9, Putrajaya, Putrajaya",,,,Apartment,,Medium,Bumi Lot,270000,Putrajaya,8,385.7142857142857
3.0,4.0,1500,"Barbeque area, Multipurpose hall, Playground, Jogging Track, Sauna, Swimming Pool, Gymnasium, Security",The Latitude,Ivory Properties Group Sdn Bhd,Freehold,"Mount Erskine, Off Persiaran Halia 1, Tanjong Tokong, Penang",2015.0,43,218,Condominium,2,High,Non Bumi Lot,718000,Penang,8,478.6666666666667
3.0,2.0,974,"Playground, Parking, Security",Putra Intan Kondominium,Lembah Kerjaya Sdn. Bhd.,Leasehold,"Off Kampung N S Maniam, Dengkil, Dengkil, Selangor",2010.0,10,243,Condominium,,,Non Bumi Lot,230000,Selangor,3,236.13963039014374
3.0,2.0,650,"Security, Swimming Pool, Parking, Minimart",Pangsapuri Cemara (Cheras),,Leasehold,"Jalan Sri Permaisuri 3, Bandar Sri Permaisuri, Cheras, Kuala Lumpur",2002.0,11,792,Apartment,,,Bumi Lot,150000,Kuala Lumpur,4,230.76923076923077
3.0,2.0,786,"Security, Parking",Pangsapuri Seri Melati,UMLand,Freehold,"Jalan Seri Putra 3/8, Bandar Seri Putra, Bangi, Selangor",,5,,Apartment,,,Bumi Lot,150000,Selangor,2,190.83969465648855
5.0,4.0,2304,"Gymnasium, Squash Court, Playground, Swimming Pool, Sauna, Parking, Security, Minimart, Lift, Tennis Court",All Seasons Park,Belleview Group,Freehold,"Lebuhraya Thean Teik, Air Itam, Ayer Itam, Penang",2013.0,30,808,Condominium,3,High,Non Bumi Lot,1680000,Penang,10,729.1666666666666
3.0,3.0,1130,"Squash Court, Barbeque area, Playground, Swimming Pool, Tennis Court, Lift, Sauna, Club house, Parking, Security, Minimart, Gymnasium, Multipurpose hall, Jogging Track",Tree Sparina @ Ideal Vision Park,Ideal Property Group,Freehold,"Off Jalan Tun Dr. Awang, Bayan Lepas, Penang",2016.0,26,548,Condominium,2,Medium,Non Bumi Lot,600000,Penang,14,530.9734513274336
3.0,2.0,850,"Parking, Swimming Pool, Security, Lift, Playground",Kingfisher Series Condominium,Hunza Properties Berhad,Freehold,"No. 9-10, Jalan Gangsa, Green Lane, Georgetown, Penang",1998.0,21,406,Condominium,1,Low,Non Bumi Lot,340000,Penang,5,400.0
6.0,5.0,2750,"Playground, Barbeque area, Sauna, Swimming Pool, Gymnasium",Laguna Heights (Bukit Laguna),,Freehold,"Taman Laguna, Johor Bahru, Johor Bahru, Johor",,,79,Condominium,,Medium,Non Bumi Lot,1350000,Johor,5,490.90909090909093
4.0,3.0,1450,"Playground, Barbeque area, Sauna, Parking, Jogging Track, Swimming Pool, Security, Lift",Skyview Residence,Gema Intan Sdn. Bhd.,Freehold,"Lintang Penawar 3 Off Jalan Perak, Jelutong, Penang",2016.0,,252,Condominium,2,High,Non Bumi Lot,850000,Penang,8,586.2068965517242
3.0,2.0,1302,"Gymnasium, Sauna, Security, Minimart, Swimming Pool, Jogging Track, Parking, Playground, Squash Court, Lift",Straits Garden Residence @ Jelutong,Tambun Indah Land Berhad,Freehold,"Jalan Jelutong, Jelutong, Penang",2016.0,17,91,Condominium,2,Medium,Non Bumi Lot,800000,Penang,10,614.4393241167435
3.0,3.0,1313,"Parking, Security, Lift, Swimming Pool, Playground",BaysWater,IJM Land Berhad,Freehold,"2A - 2B, Lebuh Tunku Kudin 2, Gelugor, Penang",2007.0,,396,Condominium,2,Low,Non Bumi Lot,919000,Penang,5,699.9238385376999
3.0,2.0,1250,"Parking, Minimart, Playground, Swimming Pool, Sauna, Club house, Security, Squash Court, Jogging Track, Barbeque area, Gymnasium, Tennis Court",Tiara Faber,Faber Union Bhd,Freehold,"Jalan Desa Utama, Taman Desa, Kuala Lumpur",2000.0,13,320,Condominium,,,Non Bumi Lot,453000,Kuala Lumpur,12,362.4
4.0,3.0,1507,,Sri Suajaya Condominiums,,Freehold,"Jalan Kampung Bandar Dalam, Sentul, Kuala Lumpur",1996.0,18,500,Condominium,,,Bumi Lot,395000,Kuala Lumpur,,262.1101526211015
3.0,2.0,1170,"Security, Minimart, Swimming Pool, Parking, Barbeque area, Multipurpose hall, Playground, Gymnasium, Tennis Court, Lift",Pelangi Heights,Brem Holding Berhad,Freehold,"Jalan Pelangi, Kampung Bukit Kuda, Klang, Selangor",2007.0,10,396,Condominium,,High,Non Bumi Lot,360000,Selangor,10,307.6923076923077
4.0,4.0,2200,"Multipurpose hall, Lift",SummerSkye Residences,Ideal Property Group,Freehold,"Jalan Tun Dr Awang, Bayan Lepas, Penang",,,,Condominium,4,High,Non Bumi Lot,1050000,Penang,2,477.27272727272725
3.0,2.0,1180,"Parking, Swimming Pool, Jogging Track, Gymnasium, Playground, Security",One Imperial,Ideal Property Group,Freehold,"Off Jalan Dato Ismail Hashim, Sungai Ara, Penang",2016.0,20,771,Condominium,2,High,Non Bumi Lot,580000,Penang,6,491.52542372881356
3.0,2.0,1097,"Parking, Security, Playground, Gymnasium, Barbeque area, Swimming Pool, Jogging Track",East Bay (Seri Bayan),,Freehold,"Jalan Kota, Off Lebuhraya Pasir Gudang, Masai, Johor",,,300,Condominium,,Medium,Non Bumi Lot,380000,Johor,7,346.39927073837737
3.0,3.0,1598,"Gymnasium, Parking, Security, Swimming Pool, Lift, Barbeque area, Multipurpose hall, Playground, Jogging Track",The Clovers,Asia Green Group,Freehold,"Jalan Merbah Off Jalan Dato Ismail Hashim, Sungai Ara, Penang",2017.0,42,670,Condominium,2,,Non Bumi Lot,610000,Penang,9,381.7271589486859
3.0,2.0,906,"Playground, Parking, Security, Barbeque area, Lift, Swimming Pool",Sri Impian Apartment (Larkin Perdana),,Leasehold,"Jalan Larkin Perdana 2, Johor Bahru, Johor",,21,,Apartment,1,High,Non Bumi Lot,240000,Johor,6,264.9006622516556
3.0,2.0,1275,"Swimming Pool, Gymnasium, Sauna, Playground, Multipurpose hall, Barbeque area, Security, Jogging Track, Parking, Lift",Gardens Ville,GSD Land (M) Sdn Bhd,Freehold,"Jalan Kampong Batak off Jalan Paya Terubong, Sungai Ara, Penang",2017.0,31,476,Condominium,2,High,Non Bumi Lot,588000,Penang,10,461.1764705882353
3.0,2.0,1085,"Parking, Security, Playground, Jogging Track",Goodview Heights ( Villa Residence ),SHL Consolidated Berhad,Freehold,"Jalan Goodview 1, Goodview Height, Kajang, Selangor",2016.0,5,469,Apartment,,Medium,Non Bumi Lot,318000,Selangor,4,293.08755760368666
3.0,2.0,1250,"Playground, Swimming Pool, Gymnasium, Jogging Track, Security, Multipurpose hall, Parking, Lift",Oasis 1 @ Mutiara Heights,TLS Group,Freehold,"Jalan Mutiara 3, Mutiara Height, Kajang, Selangor",2018.0,,461,Condominium,2,High,Bumi Lot,520000,Selangor,8,416.0
3.0,2.0,900,"Gymnasium, Playground, Barbeque area, Sauna, Parking, Security, Multipurpose hall, Minimart, Swimming Pool, Lift",Sierra Residences,GSD Land (M) Sdn Bhd,Freehold,"Jalan Fettes, Off Jalan Paya Terubong, Sungai Ara, Penang",2015.0,25,300,Condominium,2,Medium,Non Bumi Lot,520000,Penang,10,577.7777777777778
3.0,2.0,1182,"Parking, Security, Minimart, Playground, Swimming Pool, Multipurpose hall, Barbeque area, Gymnasium, Sauna, Lift",Sierra Residences,GSD Land (M) Sdn Bhd,Freehold,"Jalan Fettes, Off Jalan Paya Terubong, Sungai Ara, Penang",2015.0,25,300,Condominium,2,Medium,Non Bumi Lot,490000,Penang,10,414.5516074450085
3.0,2.0,1295,"Security, Minimart, Club house, Playground, Gymnasium, Lift, Parking, Tennis Court, Jogging Track, Barbeque area, Swimming Pool, Squash Court, Sauna",Setia Tri-Angle Residential Condominiums,Setia Promenade Sdn Bhd (SP Setia),Freehold,"Persiaran Kelicap, Bayan Lepas, Penang",2015.0,6,225,Condominium,2,Medium,Non Bumi Lot,525000,Penang,13,405.4054054054054
3.0,2.0,1000,"Parking, Security, Lift, Swimming Pool, Playground, Gymnasium, Sauna, Barbeque area, Minimart, Multipurpose hall, Club house, Jogging Track, Tennis Court, Squash Court",The Peak Residences,Ivory Properties Group Sdn Bhd,Freehold,"Off Jalan Mount Erskine, Tanjong Tokong, Penang",2013.0,38,203,Condominium,2,Low,Non Bumi Lot,500000,Penang,14,500.0
3.0,2.0,1250,,Oasis 2 Residence,TLS Group,Freehold,"Jalan Mutiara 3, Mutiara Height, Kajang, Selangor",2019.0,30,461,Condominium,,,Bumi Lot,470000,Selangor,,376.0
2.0,2.0,810,"Gymnasium, Parking, Swimming Pool, Multipurpose hall, Playground, Lift, Security, Sauna",Parc Regency Serviced Apartment,Malaysia Land Properties Sdn. Bhd.,Freehold,"Off Jalan Masai Baru, Plentong, Johor Bahru, Johor",2019.0,25,2003,Service Residence,,,Non Bumi Lot,298000,Johor,8,367.9012345679012
3.0,2.0,1304,"Barbeque area, Swimming Pool, Tennis Court, Playground, Lift, Minimart, Squash Court, Parking, Security, Sauna, Club house, Gymnasium, Jogging Track",Setia Tri-Angle Residential Condominiums,Setia Promenade Sdn Bhd (SP Setia),Freehold,"Persiaran Kelicap, Bayan Lepas, Penang",2015.0,6,225,Condominium,2,High,Non Bumi Lot,538000,Penang,13,412.5766871165644
5.0,4.0,2729,"Parking, Security, Swimming Pool, Lift, Gymnasium",The Clovers,Asia Green Group,Freehold,"Jalan Merbah Off Jalan Dato Ismail Hashim, Sungai Ara, Penang",2017.0,42,670,Condominium,3,High,Non Bumi Lot,1050000,Penang,5,384.7563209967021
3.0,2.0,1219,"Playground, Swimming Pool, Jogging Track, Barbeque area, Parking, Gymnasium, Security, Sauna, Lift",Quay West Residence,Asia Green Group,Freehold,"No.120. Persiaran Bayan Indah, Relau, Penang",2021.0,24,1235,Condominium,2,High,Non Bumi Lot,815000,Penang,9,668.5808039376539
3.0,3.0,1598,"Gymnasium, Lift, Parking, Swimming Pool, Security",The Clovers,Asia Green Group,Freehold,"Jalan Merbah Off Jalan Dato Ismail Hashim, Sungai Ara, Penang",2017.0,42,670,Condominium,2,High,Non Bumi Lot,700000,Penang,5,438.0475594493116
3.0,2.0,750,"Parking, Security",Desa Delima,,Leasehold,"Lorong Semarak Api Dua, Bandar Baru Farlim, Ayer Itam, Penang",1992.0,17,3,Apartment,1,Medium,Non Bumi Lot,235000,Penang,2,313.3333333333333
3.0,2.0,890,"Parking, Security, Swimming Pool, Lift",Sri Kristal,Farlim Group (M) Berhad,Leasehold,"Lengkok Angsana, Bandar Baru Farlim, Ayer Itam, Penang",2009.0,22,398,Apartment,1,Low,Non Bumi Lot,390000,Penang,4,438.2022471910112
8.0,3.0,1905,"Swimming Pool, Sauna, Parking, Playground, Gymnasium, Tennis Court, Jogging Track, Barbeque area, Club house, Security, Minimart",Flora Green,SHL Consolidated Berhad,Freehold,"Jalan Sungai Long, Bandar Sungai Long, Kajang, Selangor",2000.0,18,160,Condominium,2,Medium,Non Bumi Lot,750000,Selangor,11,393.7007874015748
4.0,3.0,1488,"Security, Barbeque area, Minimart, Parking, Gymnasium, Playground, Swimming Pool",Cypress Condominium,SHL Consolidated Bhd,Freehold,"Persiaran Sungai Long 1, Kajang, Selangor",1998.0,9,208,Condominium,2,Medium,Non Bumi Lot,585000,Selangor,7,393.14516129032256
3.0,2.0,834,"Parking, Minimart",Taman Pinggiran Delima Flat,,Freehold,"Jalan Hulu Langat Taman Pinggiran Delima, Hulu Langat, Selangor",,,,Apartment,1,High,Bumi Lot,160000,Selangor,2,191.84652278177458
2.0,1.0,560,Lift,Prima Setapak Flat,,Leasehold,"Jalan Prima Setapak, Setapak, Kuala Lumpur",,,,Flat,,Medium,Non Bumi Lot,149000,Kuala Lumpur,1,266.07142857142856
3.0,2.0,850,"Playground, Parking",Regal Regina Court,,Freehold,"Jalan Wawasan 3/8A, Bandar Baru Ampang, Ampang, Selangor",,5,,Apartment,,,Bumi Lot,280000,Selangor,2,329.4117647058824
3.0,2.0,1000,"Sauna, Security, Parking",Valencia Apartment,,Freehold,"Jalan Harapan 25/29, Taman Sri Muda, Shah Alam, Selangor",,,,Apartment,,,Non Bumi Lot,250000,Selangor,3,250.0
3.0,2.0,1056,"Security, Swimming Pool, Gymnasium, Parking, Minimart, Tennis Court",Amadesa,Salak Park Development,Leasehold,"Jalan 5/125, 57100 Desa Petaling, Desa Petaling, Kuala Lumpur",2007.0,18,715,Condominium,,,Non Bumi Lot,349999,Kuala Lumpur,6,331.438446969697
3.0,2.0,880,,Sri Cassia,,Freehold,"Persiaran Indera, Bandar Puteri, Puchong, Selangor",,5,1,Apartment,,,Non Bumi Lot,380000,Selangor,,431.8181818181818
3.0,2.0,1040,"Security, Playground, Club house, Parking, Minimart, Swimming Pool, Gymnasium",Platinum Lake PV 21,Platinum Victory Development Sdn Bhd,Leasehold,"Jalan Usahawan, Off Jalan Genting Kelang, Setapak, Kuala Lumpur",2016.0,28,700,Service Residence,,,Non Bumi Lot,400000,Kuala Lumpur,7,384.61538461538464
3.0,2.0,840,,Alam Sanjung @ Subang West,CB Land Sdn Bhd (Crest Builder Holdings Berhad),Freehold,"Off Persiaran Jubli Perak, Seksyen 22, Shah Alam, Selangor",2015.0,25,600,Service Residence,,,Non Bumi Lot,360000,Selangor,,428.57142857142856
3.0,3.0,1210,"Parking, Security, Swimming Pool, Lift, Playground, Gymnasium, Barbeque area, Minimart, Multipurpose hall",V-Residensi,Avaland Berhad,Leasehold,"Jalan SH 2, Selayang Heights, Selayang, Selangor",2016.0,21,482,Condominium,2,,Non Bumi Lot,398000,Selangor,9,328.92561983471074
3.0,2.0,1009,"Playground, Security, Swimming Pool, Multipurpose hall, Minimart, Jogging Track",Maxim Citilights,Meridian Maxim Sdn Bhd,Leasehold,"Jalan Sentul Pasar, Sentul Pasar, Sentul, Kuala Lumpur",2017.0,36,1338,Service Residence,2,High,Non Bumi Lot,379000,Kuala Lumpur,6,375.619425173439
3.0,2.0,700,"Parking, Minimart, Security, Gymnasium, Lift, Playground",BL Garden,,Freehold,"Lebuhraya Thean Teik, Ayer Itam, Penang",,30,,Apartment,1,High,Non Bumi Lot,350000,Penang,6,500.0
3.0,2.0,1155,"Security, Parking, Swimming Pool, Playground, Lift",Novus,,Leasehold,"Gerbang Bukit Kecil 2, Bayan Lepas, Penang",,,,Condominium,2,Medium,Non Bumi Lot,680000,Penang,5,588.7445887445888
3.0,2.0,939,"Minimart, Playground, Squash Court, Multipurpose hall, Club house, Swimming Pool, Tennis Court, Lift, Sauna, Barbeque area, Parking, Security, Gymnasium, Jogging Track",Boulevard Condominium (BLVD),Reka Indah Development Sdn Bhd,Freehold,"Lebuhraya Thean Teik, Ayer Itam, Penang",2011.0,38,420,Condominium,3,High,Non Bumi Lot,498000,Penang,14,530.3514376996806
3.0,2.0,850,"Playground, Gymnasium, Squash Court, Jogging Track, Security, Swimming Pool, Parking, Barbeque area, Lift",Asia Heights,Asia Green Group,Freehold,"Lorong Semarak Api 3, Ayer Itam, Penang",2007.0,22,816,Condominium,2,Low,Non Bumi Lot,380000,Penang,9,447.05882352941177
2.0,1.0,700,"Parking, Lift",Wisma Taman Saibe,,Freehold,"Jalan P Ramlee, Georgetown, Penang",,,,Apartment,1,Low,Non Bumi Lot,300000,Penang,2,428.57142857142856
3.0,2.0,700,"Parking, Playground, Gymnasium, Jogging Track, Security, Swimming Pool, Tennis Court, Barbeque area, Minimart",Sinar Bukit Dumbar,,Freehold,"98, Jalan Faraday, Bukit Dumbar,, Jelutong, Penang",1999.0,23,433,Apartment,1,Low,Non Bumi Lot,370000,Penang,9,528.5714285714286
3.0,2.0,1000,"Security, Playground, Gymnasium, Tennis Court, Parking, Minimart, Swimming Pool, Sauna, Lift",The Rise Collection 3,Zubicon Sdn. Bhd.,Freehold,"Jln Dr. Wu Lien Teh, Georgetown, Penang",2020.0,,,Apartment,2,High,Non Bumi Lot,520000,Penang,9,520.0
3.0,2.0,700,"Parking, Security, Lift",Jelutong Park,,Freehold,"Lorong Madrasah, Off Jalan Jelutong, Jelutong, Penang",,28,,Apartment,1,Medium,Non Bumi Lot,313000,Penang,3,447.14285714285717
3.0,2.0,1345,"Gymnasium, Sauna, Security, Minimart, Swimming Pool, Jogging Track, Parking, Playground, Squash Court, Lift",Straits Garden Residence @ Jelutong,Tambun Indah Land Berhad,Freehold,"Jalan Jelutong, Jelutong, Penang",2016.0,17,91,Condominium,3,Medium,Non Bumi Lot,820000,Penang,10,609.6654275092936
3.0,2.0,1254,"Multipurpose hall, Gymnasium, Swimming Pool, Barbeque area, Sauna, Security, Playground, Parking, Lift",Grace Residence,Nova Mulia Development Sdn Bhd,Freehold,"Jalan Jelutong, Off Tun Dr. Lim Chong Eu Hwy, Jelutong, Penang",2018.0,44,378,Condominium,2,High,Non Bumi Lot,760000,Penang,9,606.060606060606
4.0,3.0,1410,"Parking, Security, Lift, Swimming Pool, Playground, Gymnasium, Minimart, Multipurpose hall",La Vista Condominiums,IOI Properties Group,Freehold,"Jalan Tempua 2, Bandar Puchong Jaya, Puchong, Selangor",,15,192,Condominium,,Low,Non Bumi Lot,498000,Selangor,8,353.1914893617021
4.0,2.0,1487,"Barbeque area, Multipurpose hall, Parking, Swimming Pool, Gymnasium, Security",98 Nibong Residence,PLB Land Sdn Bhd,Freehold,"Persiaran Pantai Jerjak 1, Kampung Sungai Nibong, Bayan Lepas, Penang",2015.0,18,107,Condominium,,Medium,Non Bumi Lot,880000,Penang,6,591.7955615332885
3.0,2.0,950,"Security, Swimming Pool, Playground, Parking",OUG Parklane,Akisama Group of companies,Freehold,"Jalan 1/152, Off Jalan Puchong, Taman OUG, OUG, Kuala Lumpur",2015.0,31,4225,Service Residence,,,Non Bumi Lot,380000,Kuala Lumpur,4,400.0
3.0,2.0,818,"Parking, Swimming Pool, Minimart, Barbeque area, Club house, Tennis Court",Menara Jade,,Leasehold,"Lengkungan Bukit Indah 3/14, Taman Bukit Indah, Ampang Hilir, Kuala Lumpur",,12,,Condominium,,,Non Bumi Lot,240000,Kuala Lumpur,6,293.39853300733495
3.0,2.0,850,"Security, Gymnasium, Swimming Pool, Minimart, Multipurpose hall, Parking",Residensi Bistaria,,Freehold,"Jalan Ukay Bistari, Taman Ukay Bistari, Ampang, Selangor",2013.0,15,,Condominium,,,Bumi Lot,280000,Selangor,6,329.4117647058824
3.0,2.0,1210,,V-Residensi,Avaland Berhad,Leasehold,"Jalan SH 2, Selayang Heights, Selayang, Selangor",2016.0,21,482,Condominium,,,Bumi Lot,400000,Selangor,,330.57851239669424
4.0,2.0,1106,"Tennis Court, Barbeque area, Security, Gymnasium, Multipurpose hall, Club house, Swimming Pool, Minimart, Jogging Track, Sauna, Playground, Parking",Villa Park,VILLAMAS GROUP OF COMPANIES,Freehold,"Jalan Cemara, Taman Bukit Serdang, Seri Kembangan, Selangor",,19,392,Condominium,2,,Non Bumi Lot,360000,Selangor,12,325.497287522604
3.0,3.0,1186,"Parking, Security, Lift, Swimming Pool, Playground, Gymnasium, Multipurpose hall, Sauna, Barbeque area, Minimart",THE FENNEL AT SENTUL EAST,YTL Land,Freehold,"Residensi Fennel Sentul,Jalan Amra,Sentul Selatan, Sentul, Kuala Lumpur",2017.0,38,916,Condominium,,Medium,Non Bumi Lot,720000,Kuala Lumpur,10,607.0826306913997
2.0,2.0,872,"Swimming Pool, Multipurpose hall, Security, Gymnasium, Minimart, Lift",Best Western Premier Dua Sentral,Amanahraya Development Sdn. Bhd.,Freehold,"Jalan Tun Sambanthan, Mont Kiara, Kuala Lumpur",2011.0,33,378,Service Residence,,Medium,Non Bumi Lot,560000,Kuala Lumpur,6,642.2018348623853
3.0,2.0,1023,"Parking, Security, Lift, Swimming Pool, Playground, Gymnasium, Barbeque area, Multipurpose hall",Residensi Zamrud,Cheras Hong Soon Development Sdn. Bhd.,Freehold,"Jalan Zamrud Utama, Kajang 2, Kajang, Selangor",2019.0,,1200,Condominium,2,High,Non Bumi Lot,350000,Selangor,8,342.1309872922776
3.0,2.0,650,,Taman Mutiara Rini,Mutiara Rini Sdn Bhd,Leasehold,"Taman Mutiara Rini, Skudai, Johor",,,,Flat,,High,Bumi Lot,125000,Johor,,192.30769230769232
2.0,2.0,867,"Parking, Security, Lift, Swimming Pool, Playground, Gymnasium, Sauna, Barbeque area, Minimart, Multipurpose hall, Jogging Track",Kelana Sentral,,Freehold,"Jalan SS 6/12, Kelana Jaya, Petaling Jaya, Selangor",,20,,Condominium,1,High,Non Bumi Lot,370000,Selangor,11,426.7589388696655
3.0,2.0,1074,"Security, Playground, Sauna, Squash Court, Jogging Track, Barbeque area, Parking, Swimming Pool, Gymnasium",Midfields,YTL Corporation,Leasehold,"Jalan 6/108c, Taman Sungai Besi, Sungai Besi, Kuala Lumpur",2013.0,,,Condominium,2,Low,Non Bumi Lot,485000,Kuala Lumpur,9,451.5828677839851
2.0,2.0,871,"Parking, Security, Lift, Swimming Pool, Playground, Gymnasium, Barbeque area, Multipurpose hall, Jogging Track",Sky View,Setia Promenade Sdn Bhd (SP Setia),Freehold,"Persiaran Indah Utama, Iskandar Puteri, Johor",,,316,Service Residence,1,High,Non Bumi Lot,422888,Johor,9,485.5200918484501
3.0,2.0,710,,Bandar Baru Uda (Johor Bahru),,Leasehold,"Bandar Baru Uda, Johor Bahru, Johor",,,,Flat,,Low,Non Bumi Lot,190000,Johor,,267.6056338028169
3.0,3.0,1598,"Security, Gymnasium, Lift, Swimming Pool, Parking, Playground, Barbeque area, Multipurpose hall",The Clovers,Asia Green Group,Freehold,"Jalan Merbah Off Jalan Dato Ismail Hashim, Sungai Ara, Penang",2017.0,42,670,Condominium,2,Medium,Non Bumi Lot,630000,Penang,8,394.2428035043805
3.0,3.0,1598,"Security, Gymnasium, Lift, Swimming Pool, Parking, Playground, Barbeque area, Multipurpose hall",The Clovers,Asia Green Group,Freehold,"Jalan Merbah Off Jalan Dato Ismail Hashim, Sungai Ara, Penang",2017.0,42,670,Condominium,2,Medium,Non Bumi Lot,650000,Penang,8,406.75844806007507
2.0,2.0,776,"Gymnasium, Swimming Pool, Parking, Security, Lift",The Clovers,Asia Green Group,Freehold,"Jalan Merbah Off Jalan Dato Ismail Hashim, Sungai Ara, Penang",2017.0,42,670,Condominium,2,High,Non Bumi Lot,440000,Penang,5,567.0103092783505
3.0,2.0,955,"Parking, Security, Swimming Pool, Playground, Gymnasium, Barbeque area, Minimart, Multipurpose hall, Club house, Jogging Track",Desa Idaman Residences,Mitrajaya Holdings Berhad,Freehold,"Jalan Prima Utama 1, Puchong, Selangor",,,,Apartment,1,Low,Non Bumi Lot,450000,Selangor,10,471.2041884816754
3.0,2.0,650,,Rebana Flat,,Freehold,"Jalan Gamelan Off Persiaran Sungai Keramat, Kapar, Selangor",,,,Flat,,Medium,Non Bumi Lot,135000,Selangor,,207.69230769230768
3.0,2.0,1041,"Parking, Security, Lift",Menara Asas,,Freehold,"Jalan Tanjung Bungah, Tanjung Bungah, Penang",1995.0,16,,Condominium,2,Medium,Non Bumi Lot,550000,Penang,3,528.3381364073007
3.0,2.0,1150,"Swimming Pool, Parking, Security, Lift, Playground",Flamingo Series,,Freehold,"No. 4 - 6, Solok Gangsa, Jelutong, Penang",1997.0,14,96,Condominium,1,Low,Non Bumi Lot,600000,Penang,5,521.7391304347826
3.0,2.0,1000,"Parking, Security, Swimming Pool, Lift, Playground",ForestVille,Ideal Property Group,Freehold,"Lengkok Kelicap, Bayan Lepas, Penang",,,,Condominium,2,Low,Non Bumi Lot,505000,Penang,5,505.0
4.0,2.0,1349,"Parking, Gymnasium, Security, Playground, Multipurpose hall, Barbeque area, Lift, Swimming Pool",Palm Palladium,Harta Intan Construction Sdn. Bhd.,Freehold,"Gelugor, Gelugor, Penang",2008.0,28,134,Condominium,1,Low,Non Bumi Lot,638000,Penang,8,472.94292068198666
3.0,2.0,850,"Swimming Pool, Security, Parking, Minimart, Lift, Playground",Jay Series,,Freehold,"No. 7 & 8, Jalan Gangsa, Jelutong, Penang",1998.0,24,342,Condominium,1,Medium,Non Bumi Lot,380000,Penang,6,447.05882352941177
3.0,2.0,700,"Jogging Track, Swimming Pool, Security, Parking",saujana apartment,,Leasehold,"Jalan 10/1C, Damansara Damai, Selangor",,,,Apartment,1,Medium,Non Bumi Lot,160000,Selangor,4,228.57142857142858
3.0,2.0,1161,"Playground, Swimming Pool, Jogging Track, Barbeque area, Gymnasium, Club house, Security, Sauna, Parking",Emerald Residence @ Mahkota Cheras,Cheras Hong Soon Development Sdn. Bhd.,Freehold,"Jalan Permaisuri, Bandar Mahkota Cheras, Cheras, Selangor",2017.0,11,336,Condominium,2,Medium,Non Bumi Lot,480000,Selangor,9,413.43669250645996
3.0,3.0,1453,"Swimming Pool, Playground, Barbeque area, Parking, Security, Minimart, Gymnasium",Cypress Condominium,SHL Consolidated Bhd,Freehold,"Persiaran Sungai Long 1, Kajang, Selangor",1998.0,9,208,Condominium,2,Medium,Non Bumi Lot,630000,Selangor,7,433.5856847900895
3.0,2.0,955,"Playground, Parking, Security, Swimming Pool, Lift",Vista Saujana,,Leasehold,"Jalan Wangsa 2/6, Kepong, Kuala Lumpur",,17,595,Apartment,1,Low,Non Bumi Lot,265000,Kuala Lumpur,5,277.4869109947644
3.0,2.0,958,"Security, Playground, Parking, Minimart",Riviera Apartment,,Leasehold,"Jalan Bunga Mawar 5a Taman Muda, Ampang, Selangor",,5,,Apartment,,High,Non Bumi Lot,210000,Selangor,4,219.20668058455115
3.0,2.0,1012,"Parking, Minimart, Tennis Court, Barbeque area, Playground, Gymnasium, Security, Swimming Pool",Green Acre Park,SHL Consolidated Berhad,Freehold,"Bandar Sungai Long, Kajang, Selangor",2001.0,11,704,Condominium,1,Medium,Non Bumi Lot,330000,Selangor,8,326.0869565217391
3.0,2.0,654,"Parking, Security, Playground, Lift",Taman Bukit Erskine,Ivory Properties Group Sdn Bhd,Freehold,"Off Lebuhraya Halia, Mount Erskine, Tanjong Tokong, Penang",2014.0,38,554,Apartment,1,Medium,Non Bumi Lot,349000,Penang,4,533.6391437308869
3.0,2.0,1115,"Gymnasium, Sauna, Security, Swimming Pool, Parking, Minimart, Playground",Solaria Residences,Ideal Property Group,Freehold,"Jalan Tun Dr. Awang, Bayan Lepas, Penang",2017.0,25,419,Condominium,2,High,Non Bumi Lot,565000,Penang,7,506.72645739910314
3.0,2.0,1115,"Swimming Pool, Sauna, Security, Gymnasium, Parking, Minimart, Playground, Lift",Solaria Residences,Ideal Property Group,Freehold,"Jalan Tun Dr. Awang, Bayan Lepas, Penang",2017.0,25,419,Condominium,2,Medium,Non Bumi Lot,600000,Penang,8,538.1165919282511
3.0,2.0,818,"Parking, Security, Lift, Playground, Multipurpose hall",De Palma,SP Setia Berhad,Freehold,"Persiaran Setia Makmur, Setia Alam, Selangor",2018.0,16,730,Apartment,2,Medium,Bumi Lot,290000,Selangor,5,354.52322738386306
3.0,2.0,1100,"Lift, Multipurpose hall, Parking, Security, Swimming Pool, Playground, Gymnasium, Jogging Track, Barbeque area",SummerSkye Residences,Ideal Property Group,Freehold,"Jalan Tun Dr Awang, Bayan Lepas, Penang",,,,Condominium,2,Medium,Non Bumi Lot,700000,Penang,9,636.3636363636364
3.0,2.0,800,"Security, Swimming Pool, Parking, Minimart, Multipurpose hall, Playground, Gymnasium, Jogging Track, Lift",J.Satine,Gandingan Jakel,Leasehold,"Jalan 3/23a, Setapak, Kuala Lumpur",2026.0,,3600,Apartment,1,Medium,Bumi Lot,300000,Kuala Lumpur,9,375.0
3.0,2.0,1250,"Parking, Security, Lift, Swimming Pool, Playground, Gymnasium, Barbeque area, Multipurpose hall, Jogging Track",Skycube Residence,GSD Land (M) Sdn Bhd,Freehold,"Off Jalan Paya Terubong, Sungai Ara, Penang",2017.0,30,410,Condominium,2,Medium,Non Bumi Lot,665000,Penang,9,532.0
3.0,2.0,1250,"Parking, Security, Lift, Swimming Pool, Playground, Gymnasium, Sauna, Multipurpose hall, Jogging Track",Skycube Residence,GSD Land (M) Sdn Bhd,Freehold,"Off Jalan Paya Terubong, Sungai Ara, Penang",2017.0,30,410,Condominium,2,High,Non Bumi Lot,600000,Penang,9,480.0
2.0,2.0,950,"Gymnasium, Club house, Swimming Pool, Squash Court, Sauna, Parking, Security, Playground, Barbeque area, Lift, Minimart, Multipurpose hall, Jogging Track, Tennis Court",Villa Ampang,,Freehold,"No. 3 Jalan Ampang Tengah, Ampang Hilir, Kuala Lumpur",,4,,Condominium,1,High,Non Bumi Lot,508000,Kuala Lumpur,14,534.7368421052631
3.0,2.0,982,"Parking, Security, Playground, Swimming Pool, Tennis Court",Menara Menjalara,,Freehold,"Jalan 1/62D, Bandar Menjalara, Kuala Lumpur",,16,,Condominium,,,Non Bumi Lot,375000,Kuala Lumpur,5,381.87372708757636
3.0,2.0,956,"Playground, Tennis Court, Jogging Track, Barbeque area, Multipurpose hall, Parking, Swimming Pool, Security, Minimart, Club house, Sauna, Gymnasium",Villa Park,VILLAMAS GROUP OF COMPANIES,Freehold,"Jalan Cemara, Taman Bukit Serdang, Seri Kembangan, Selangor",,19,392,Condominium,,,Non Bumi Lot,320000,Selangor,12,334.72803347280336
3.0,2.0,1100,"Lift, Playground, Squash Court, Tennis Court, Parking, Swimming Pool, Gymnasium, Jogging Track, Barbeque area, Sauna, Multipurpose hall, Club house, Security, Minimart",The Henge Kepong,Aset Kayamas Sdn Bhd,Leasehold,"Jalan Metro Perdana Barat, Taman Usahawan Kepong, Kepong, Kuala Lumpur",2019.0,43,1472,Condominium,,,Non Bumi Lot,450000,Kuala Lumpur,14,409.09090909090907
3.0,2.0,850,"Playground, Gymnasium, Squash Court, Jogging Track, Security, Swimming Pool, Parking, Barbeque area, Lift",Asia Heights,Asia Green Group,Freehold,"Lorong Semarak Api 3, Ayer Itam, Penang",2007.0,22,816,Condominium,1,Medium,Non Bumi Lot,420000,Penang,9,494.11764705882354
3.0,3.0,1300,"Swimming Pool, Gymnasium, Multipurpose hall, Jogging Track, Parking, Tennis Court, Squash Court, Club house, Sauna, Security, Minimart, Playground, Lift, Barbeque area",Tree Sparina @ Ideal Vision Park,Ideal Property Group,Freehold,"Off Jalan Tun Dr. Awang, Bayan Lepas, Penang",2016.0,26,548,Condominium,2,Low,Non Bumi Lot,660000,Penang,14,507.6923076923077
6.0,5.0,3350,Parking,Shineville Park,Zantalite Enterprise (M) Sdn Bhd,Freehold,"Off Jalan Taman Thean Teik 2, Ayer Itam, Penang",,24,234,Condominium,4,High,Non Bumi Lot,800000,Penang,1,238.80597014925374
4.0,2.0,1087,"Playground, Security, Swimming Pool, Parking, Lift",Leader Garden,,Freehold,"No 1, Jalan Chee Seng 13, Tanjung Bungah, Penang",1998.0,,428,Condominium,1,Low,Non Bumi Lot,485000,Penang,5,446.18215271389147
5.0,4.0,2330,"Swimming Pool, Gymnasium, Security, Playground, Jogging Track, Barbeque area, Parking, Lift",The Golden Triangle,GSV Development Sdn Bhd,Freehold,"Jalan Paya Terubong, Off Jalan Dato Ismail Hashim, Relau, Penang",2021.0,,406,Condominium,3,Low,Non Bumi Lot,1100000,Penang,8,472.1030042918455
3.0,2.0,1275,"Parking, Security, Playground, Lift, Swimming Pool",Skycube Residence,GSD Land (M) Sdn Bhd,Freehold,"Off Jalan Paya Terubong, Sungai Ara, Penang",2017.0,30,410,Condominium,2,Low,Non Bumi Lot,620000,Penang,5,486.27450980392155
3.0,2.0,800,"Gymnasium, Jogging Track, Barbeque area, Parking, Security, Playground, Swimming Pool, Minimart, Tennis Court, Lift",Sinar Bukit Dumbar,,Freehold,"98, Jalan Faraday, Bukit Dumbar,, Jelutong, Penang",1999.0,23,433,Apartment,1,Medium,Non Bumi Lot,350000,Penang,10,437.5
3.0,2.0,856,"Security, Parking, Lift",Casa Pinang,,Freehold,"No. 1, Gerbang Batu Lanchang, Jelutong, Penang",,10,48,Apartment,2,Medium,Non Bumi Lot,430000,Penang,3,502.33644859813086
3.0,2.0,721,"Security, Lift, Swimming Pool, Parking, Playground",Ferringhi Delima Condominium,,Freehold,"Persiaran Sungai Emas, Batu Ferringhi, Penang",1999.0,16,256,Condominium,1,Medium,Non Bumi Lot,320000,Penang,5,443.8280166435506
3.0,2.0,700,"Tennis Court, Security, Playground, Swimming Pool, Gymnasium, Parking, Lift",N-Park Condominium,,Freehold,"Jalan Batu Uban, Gelugor, Penang",1997.0,32,988,Condominium,1,Medium,Non Bumi Lot,350000,Penang,7,500.0
3.0,2.0,1750,"Jogging Track, Barbeque area, Playground, Multipurpose hall, Swimming Pool, Sauna, Security, Gymnasium, Club house, Lift, Parking",Setia Sky Ville,Kay Pride Sdn Bhd (S P Setia Bhd Group),Freehold,"Lorong Slim, Jelutong, Penang",2021.0,33,550,Condominium,4,High,Non Bumi Lot,1300000,Penang,11,742.8571428571429
3.0,2.0,1424,"Jogging Track, Multipurpose hall, Club house, Barbeque area, Security, Swimming Pool, Gymnasium, Sauna, Playground, Lift, Parking",Setia Sky Ville,Kay Pride Sdn Bhd (S P Setia Bhd Group),Freehold,"Lorong Slim, Jelutong, Penang",2021.0,33,550,Condominium,3,High,Non Bumi Lot,1100000,Penang,11,772.4719101123595
3.0,2.0,700,"Parking, Security, Lift",Taman Seri Hijau,,Freehold,"Jalan Van Praagh , Taman Desa Green , Georgetown, Jelutong, Penang",1997.0,8,68,Apartment,1,Low,Non Bumi Lot,360000,Penang,3,514.2857142857143
5.0,5.0,2000,"Parking, Security, Lift, Playground, Swimming Pool",Artis 3,Airmas Group,Freehold,"Jalan Tengku,, Jelutong, Penang",,,,Condominium,4,High,Non Bumi Lot,1400000,Penang,5,700.0
3.0,2.0,811,"Security, Parking, Lift",Pangsapuri Akasia Berjaya Park,BERJAYA GROUP,Freehold,"Jalan Sg Renggam 32/2, Shah Alam, Selangor",,11,220,Apartment,1,Medium,Bumi Lot,275000,Selangor,3,339.08754623921084
3.0,2.0,1323,"Minimart, Parking, Multipurpose hall, Security, Gymnasium, Tennis Court, Playground, Swimming Pool, Barbeque area",Villa Angsana,Mudajaya Group,Freehold,"No. 56 Jalan Krian, Off Jalan Ipoh,, Jalan Ipoh, Kuala Lumpur",1999.0,18,,Condominium,,,Non Bumi Lot,355000,Kuala Lumpur,9,268.3295540438398
3.0,2.0,1001,,Urban 360,Radiant Symphony Sdn Bhd,Leasehold,"Jalan Makmur Off Lebuh Utama Sri Gombak, Gombak, Selangor",2014.0,21,391,Service Residence,,,Non Bumi Lot,445000,Selangor,,444.5554445554446
3.0,2.0,916,"Security, Playground, Parking, Swimming Pool, Gymnasium, Barbeque area, Multipurpose hall",Radius Residence,Dergahayu Sdn Bhd,Leasehold,"Jalan SH2, Selayang Heights, Batu Caves, Selangor",2013.0,12,352,Condominium,,,Bumi Lot,293000,Selangor,7,319.86899563318775
3.0,2.0,1022,"Jogging Track, Minimart, Playground, Swimming Pool, Gymnasium, Security, Parking, Lift, Barbeque area, Tennis Court",Mutiara Ville @ Cyberjaya,Seri Mutiara Development Sdn Bhd,Freehold,"Persiaran Sepang Off Persiaran Multimedia, Cyberjaya, Selangor",2013.0,29,372,Condominium,2,Medium,Non Bumi Lot,378000,Selangor,10,369.86301369863014
3.0,2.0,1272,,Rivercity Condominium,Sem Siong Industries,Freehold,"Jalan Ipoh, Jalan Ipoh, Kuala Lumpur",,,572,Condominium,,,Non Bumi Lot,423000,Kuala Lumpur,,332.54716981132077
3.0,2.0,1010,"Security, Playground, Barbeque area, Minimart, Parking, Swimming Pool, Gymnasium",Selayang Point,Domain Point Sdn Bhd,Freehold,"Jalan SP1, Taman Selayang Jaya, Selayang, Selangor",2008.0,23,375,Condominium,,,Bumi Lot,335000,Selangor,7,331.6831683168317
3.0,2.0,657,,Angsana,,Leasehold,"Persiaran Subang Mewah, USJ 1, Subang Jaya, Selangor",,,,Flat,,Medium,Non Bumi Lot,175000,Selangor,,266.36225266362254
3.0,2.0,893,"Parking, Barbeque area, Security, Gymnasium, Minimart, Playground, Swimming Pool",Sri Damansara Court,,Freehold,"Persiaran Kenangan,, Bandar Sri Damansara, Selangor",,10,,Condominium,1,,Non Bumi Lot,358000,Selangor,7,400.8958566629339
2.0,1.0,572,Playground,Taman Alam Indah,Mahajaya Berhad,Leasehold,"Jalan Sampoton 33/11, Shah Alam, Selangor",2009.0,,376,Flat,,High,Bumi Lot,145000,Selangor,1,253.4965034965035
3.0,2.0,1196,,Kaleidoscope,Kerjaya Prospek Group,Leasehold,"Jalan 1/56, Setiawangsa, Kuala Lumpur",,,,Condominium,2,Medium,Bumi Lot,690000,Kuala Lumpur,,576.9230769230769
3.0,2.0,1020,"Multipurpose hall, Parking, Swimming Pool, Tennis Court, Lift, Sauna, Minimart, Playground, Club house, Jogging Track, Security, Gymnasium, Squash Court",Tropicana Bay Residences @ PWC,Tropicana Ivory Sdn. Bhd.,Freehold,"Penang WorldCity Sales Gallery, Bayan Lepas, Penang",2017.0,22,1343,Condominium,1,Medium,Non Bumi Lot,698000,Penang,13,684.3137254901961
4.0,3.0,1590,"Gymnasium, Security, Swimming Pool, Playground",D'Zone Condominium,Palmex Industries Sdn Bhd (IOI Group),Freehold,"Changkat Bukit Belah, Bayan Lepas, Penang",2014.0,18,96,Condominium,3,,Non Bumi Lot,600000,Penang,4,377.35849056603774
3.0,2.0,916,"Minimart, Swimming Pool, Gymnasium, Security, Parking, Playground, Lift",Larkin Heights Apartment,Mahabuilders Berhad,Leasehold,"Jalan Dato Jaafar, Larkin, Johor Bahru, Johor",2016.0,22,328,Apartment,1,High,Non Bumi Lot,380000,Johor,7,414.8471615720524
4.0,3.0,1050,"Parking, Gymnasium, Club house, Jogging Track, Sauna, Security, Lift, Barbeque area, Swimming Pool, Minimart, Playground, Multipurpose hall, Squash Court",Radium Adesa @ Sungai Besi / Taman Desa / Maluri Sunway Velocity,,Leasehold,"taman desa, Kuala Lumpur, Taman Desa",,,,Condominium,2,,Non Bumi Lot,470000,Taman Desa,13,447.6190476190476
3.0,2.0,811,"Barbeque area, Playground, Security, Parking, Minimart",SD Apartments,Land & General Berhad,Freehold,"Persiaran Meranti, PJU 9, Bandar Sri Damansara, Selangor",1996.0,4,368,Condominium,,Low,Non Bumi Lot,350000,Selangor,5,431.56596794081383
3.0,2.0,1616,"Parking, Jogging Track, Security, Swimming Pool, Gymnasium, Club house, Playground, Barbeque area, Sauna",Datin Halimah,Southcon Development,Leasehold,"Jalan Datin Halimah, Johor Bahru, Johor",1999.0,19,216,Condominium,,Medium,Non Bumi Lot,400000,Johor,9,247.52475247524754
3.0,2.0,950,"Parking, Security, Lift, Playground, Minimart, Barbeque area, Sauna, Gymnasium, Jogging Track",Akasia Residence,,Freehold,"Bukit Sungai Long, Bandar Sungai Long, Selangor",,,,Condominium,2,,Non Bumi Lot,342000,Selangor,9,360.0
3.0,3.0,1598,"Parking, Security, Swimming Pool, Lift, Gymnasium",The Clovers,Asia Green Group,Freehold,"Jalan Merbah Off Jalan Dato Ismail Hashim, Sungai Ara, Penang",2017.0,42,670,Condominium,2,Medium,Non Bumi Lot,650000,Penang,5,406.75844806007507
1.0,1.0,620,"Playground, Swimming Pool, Gymnasium, Parking, Squash Court",Regalia Residence,Mayland Group,Freehold,"Jalan Sultan Ismail, Jalan Sultan Ismail, Kuala Lumpur",2012.0,38,1033,Service Residence,,Medium,Non Bumi Lot,368000,Kuala Lumpur,5,593.5483870967741
3.0,2.0,974,"Playground, Parking, Security",Putra Intan Kondominium,Lembah Kerjaya Sdn. Bhd.,Leasehold,"Off Kampung N S Maniam, Dengkil, Dengkil, Selangor",2010.0,10,243,Condominium,,Medium,Bumi Lot,245000,Selangor,3,251.54004106776182
2.0,1.0,570,"Parking, Playground",Bandar Baru Sentul,,Leasehold,"Jln 2/48a,, Sentul, Kuala Lumpur",,,,Apartment,1,Medium,Bumi Lot,240000,Kuala Lumpur,2,421.05263157894734
3.0,2.0,1270,"Swimming Pool, Security, Parking, Playground, Lift, Multipurpose hall, Club house, Jogging Track",The Chancellor Condominium,,Freehold,"Jalan Kosas 2, Ampang, Kuala Lumpur",2017.0,15,368,Condominium,1,Medium,Bumi Lot,360000,Kuala Lumpur,8,283.46456692913387
1.0,1.0,618,"Multipurpose hall, Gymnasium, Jogging Track, Parking, Security, Sauna, Barbeque area, Club house, Playground, Swimming Pool, Minimart, Lift",The Mark,BHL Group of Companies,Leasehold,"Jalan Cemara 1, Taman Bukit Segar, Cheras, Kuala Lumpur",2015.0,28,467,Condominium,2,Medium,Non Bumi Lot,318000,Kuala Lumpur,12,514.5631067961165
3.0,2.0,1100,"Squash Court, Minimart, Swimming Pool, Jogging Track, Barbeque area, Parking, Security, Playground, Gymnasium, Club house, Lift",Renjana Ampang,Wangsa Eramoden Sdn Bhd,Freehold,"Jalan Taman Putra, Taman Dagang Jaya, Ampang, Selangor",2008.0,14,480,Condominium,1,Medium,Non Bumi Lot,390000,Selangor,11,354.54545454545456
3.0,2.0,1087,"Parking, Security, Swimming Pool, Playground, Gymnasium, Sauna, Barbeque area, Club house",The Signature (Perai),Excel Focus Properties Sdn Bhd,Freehold,"Jalan Baru, Perai, Penang",,,148,Condominium,2,High,Non Bumi Lot,445000,Penang,8,409.3836246550138
3.0,2.0,1470,"Minimart, Playground, Swimming Pool, Sauna, Parking, Gymnasium, Security",Venice Hill,Li Foong Group,Freehold,"Jalan Kemacahaya, Cheras, Selangor",2000.0,14,1339,Condominium,1,Low,Non Bumi Lot,229000,Selangor,7,155.78231292517006
3.0,2.0,891,"Parking, Security, Lift, Swimming Pool, Playground, Gymnasium, Multipurpose hall, Club house",Sentul Utama Condominium,Melati Ehsan Group,Leasehold,"Jalan Dato Senu 26, Taman Sentul Utama, Sentul, Kuala Lumpur",2009.0,13,,Condominium,1,High,Bumi Lot,390000,Kuala Lumpur,8,437.7104377104377
3.0,2.0,820,Parking,Waja Apartment,,Freehold,"Jalan Tun Perak 5, Taman Tun Perak, Cheras, Selangor",,,,Apartment,1,High,Bumi Lot,225000,Selangor,1,274.390243902439
3.0,2.0,1200,"Playground, Parking, Gymnasium, Multipurpose hall, Security, Swimming Pool, Jogging Track, Barbeque area, Lift",Imperial Residences,Ideal Property Group,Freehold,"Lilitan Sungai Ara, Off Jalan Dato Ismail Hashim, Sungai Ara, Penang",2016.0,30,816,Condominium,2,Medium,Non Bumi Lot,600000,Penang,9,500.0
3.0,2.0,626,"Parking, Security, Lift",Desa Intan,,Leasehold,"Lebuhraya Thean Teik, Ayer Itam, Penang",,13,1020,Apartment,,High,Non Bumi Lot,170000,Penang,3,271.5654952076677
3.0,2.0,1100,"Parking, Barbeque area, Swimming Pool, Gymnasium, Playground, Multipurpose hall, Security, Jogging Track, Lift",Imperial Residences,Ideal Property Group,Freehold,"Lilitan Sungai Ara, Off Jalan Dato Ismail Hashim, Sungai Ara, Penang",2016.0,30,816,Condominium,2,High,Non Bumi Lot,600000,Penang,9,545.4545454545455
3.0,2.0,1200,"Multipurpose hall, Parking, Gymnasium, Barbeque area, Security, Swimming Pool, Jogging Track, Playground, Lift",Imperial Residences,Ideal Property Group,Freehold,"Lilitan Sungai Ara, Off Jalan Dato Ismail Hashim, Sungai Ara, Penang",2016.0,30,816,Condominium,4,Medium,Non Bumi Lot,615000,Penang,9,512.5
3.0,2.0,950,"Parking, Security, Lift, Swimming Pool, Playground",Kiara Indah Condominium,,Freehold,"Tingkat Paya Terubong, Ayer Itam, Penang",1997.0,13,72,Condominium,1,Medium,Non Bumi Lot,369000,Penang,5,388.42105263157896
3.0,1.0,625,"Parking, Security, Lift, Playground, Minimart",Sri Bayu (Bayan Lepas),,Freehold,"Jalan Kampung Bukit, Bayan Lepas, Penang",,,,Flat,,High,Non Bumi Lot,230000,Penang,5,368.0
3.0,2.0,1041,"Parking, Security, Lift, Playground, Gymnasium, Minimart, Multipurpose hall, Jogging Track",Pangsapuri Damai,Ikram Ikhlas,Leasehold,"Jalan Tokoh 25/28, Shah Alam, Selangor",,,,Apartment,2,Low,Non Bumi Lot,387000,Selangor,8,371.75792507204613
3.0,2.0,1100,"Multipurpose hall, Lift, Parking, Security, Swimming Pool, Playground, Gymnasium, Sauna, Barbeque area, Jogging Track",SummerSkye Residences,Ideal Property Group,Freehold,"Jalan Tun Dr Awang, Bayan Lepas, Penang",,,,Condominium,2,High,Non Bumi Lot,660000,Penang,10,600.0
3.0,2.0,1130,"Gymnasium, Jogging Track, Barbeque area, Sauna, Club house, Security, Minimart, Playground, Lift, Tennis Court, Squash Court, Multipurpose hall, Parking, Swimming Pool",Tree Sparina @ Ideal Vision Park,Ideal Property Group,Freehold,"Off Jalan Tun Dr. Awang, Bayan Lepas, Penang",2016.0,26,548,Condominium,2,Medium,Non Bumi Lot,600000,Penang,14,530.9734513274336
3.0,2.0,700,,Desa Delima,,Leasehold,"Lorong Semarak Api Dua, Bandar Baru Farlim, Ayer Itam, Penang",1992.0,17,3,Apartment,1,Medium,Non Bumi Lot,280000,Penang,,400.0
3.0,3.0,1300,"Gymnasium, Squash Court, Club house, Playground, Lift, Barbeque area, Multipurpose hall, Parking, Security, Minimart, Tennis Court, Jogging Track, Sauna, Swimming Pool",Tree Sparina @ Ideal Vision Park,Ideal Property Group,Freehold,"Off Jalan Tun Dr. Awang, Bayan Lepas, Penang",2016.0,26,548,Condominium,2,Medium,Non Bumi Lot,740000,Penang,14,569.2307692307693
3.0,2.0,1200,"Gymnasium, Jogging Track, Security, Playground, Swimming Pool, Parking, Lift, Barbeque area, Multipurpose hall",One Imperial,Ideal Property Group,Freehold,"Off Jalan Dato Ismail Hashim, Sungai Ara, Penang",2016.0,20,771,Condominium,2,Low,Non Bumi Lot,570000,Penang,9,475.0
3.0,2.0,1200,"Gymnasium, Jogging Track, Security, Playground, Swimming Pool, Parking, Lift",One Imperial,Ideal Property Group,Freehold,"Off Jalan Dato Ismail Hashim, Sungai Ara, Penang",2016.0,20,771,Condominium,2,High,Non Bumi Lot,660000,Penang,7,550.0
3.0,2.0,670,"Minimart, Jogging Track, Playground, Swimming Pool, Gymnasium, Club house, Parking, Security, Barbeque area",Sri Dahlia Apartment,TLS Group,Freehold,"Jalan Laman Puteri 3, Bandar Puteri, Puchong, Selangor",2004.0,18,332,Apartment,,,Non Bumi Lot,150000,Selangor,9,223.88059701492537
3.0,2.0,810,,Pangsapuri Sri Abadi,,Freehold,"Lintang Sungai Ara 2, Sungai Ara, Penang",1999.0,,252,Apartment,1,Medium,Non Bumi Lot,280000,Penang,,345.679012345679
3.0,2.0,1195,"Swimming Pool, Minimart, Gymnasium, Jogging Track, Lift, Sauna, Security, Playground, Club house, Squash Court, Barbeque area, Multipurpose hall, Parking, Tennis Court",Boulevard Condominium (BLVD),Reka Indah Development Sdn Bhd,Freehold,"Lebuhraya Thean Teik, Ayer Itam, Penang",2011.0,38,420,Condominium,2,Medium,Non Bumi Lot,620000,Penang,14,518.8284518828452
3.0,2.0,1566,"Multipurpose hall, Gymnasium, Security, Playground, Swimming Pool, Sauna, Parking, Lift",Summerton Condominium,GSD Land (M) Sdn Bhd,Leasehold,"Persiaran Bayan Indah, Bayan Lepas, Penang",,,17,Condominium,2,Medium,Non Bumi Lot,800000,Penang,8,510.8556832694764
3.0,2.0,700,"Gymnasium, Jogging Track, Barbeque area, Parking, Security, Playground, Swimming Pool, Minimart, Tennis Court, Lift",Sinar Bukit Dumbar,,Freehold,"98, Jalan Faraday, Bukit Dumbar,, Jelutong, Penang",1999.0,23,433,Apartment,1,Medium,Non Bumi Lot,320000,Penang,10,457.14285714285717
3.0,2.0,1000,"Security, Playground, Gymnasium, Tennis Court, Parking, Minimart, Swimming Pool, Sauna, Lift",The Rise Collection 3,Zubicon Sdn. Bhd.,Leasehold,"Jln Dr. Wu Lien Teh, Georgetown, Penang",2020.0,,,Apartment,2,High,Non Bumi Lot,495000,Penang,9,495.0
3.0,2.0,800,"Parking, Security, Lift",The Rise Collection 2,Zubicon Sdn. Bhd.,Leasehold,"The Rise Collection 2, Georgetown, Penang",2016.0,,1900,Apartment,2,High,Non Bumi Lot,420000,Penang,3,525.0
1.0,1.0,640,"Barbeque area, Multipurpose hall, Tennis Court, Playground, Gymnasium, Swimming Pool, Jogging Track, Sauna, Squash Court, Parking, Security, Lift, Minimart",Molek Regency,ALPHA ASTRAL REALTY SDN BHD,Freehold,"Jalan Molek 3/20, Taman Molek, Johor Bahru, Johor",2018.0,,1050,Condominium,1,High,Non Bumi Lot,418000,Johor,13,653.125
3.0,3.0,1690,"Parking, Security, Lift, Swimming Pool, Playground, Multipurpose hall, Minimart, Barbeque area, Gymnasium, Club house",8 Petaling,Petaling Garden Sdn Bhd (I & P Group),Leasehold,"Jalan Radin, Zone K, Bandar Baru Sri Petaling, Sri Petaling, Kuala Lumpur",2014.0,18,156,Condominium,3,Medium,Non Bumi Lot,759000,Kuala Lumpur,10,449.11242603550295
3.0,2.0,1050,,Residensi Zamrud,Cheras Hong Soon Development Sdn. Bhd.,Freehold,"Jalan Zamrud Utama, Kajang 2, Kajang, Selangor",2019.0,,1200,Condominium,,,Non Bumi Lot,290000,Selangor,,276.1904761904762
4.0,3.0,1300,"Gymnasium, Jogging Track, Minimart, Swimming Pool, Barbeque area, Playground, Parking, Security",Casa Suria,,Freehold,"Jalan Kemacahaya 11, Taman Kemacahaya, Cheras, Selangor",2010.0,20,300,Condominium,,High,Non Bumi Lot,275000,Selangor,8,211.53846153846155
2.0,1.0,732,"Parking, Security, Lift, Playground, Swimming Pool, Multipurpose hall, Minimart, Barbeque area, Sauna, Gymnasium, Club house, Jogging Track, Tennis Court, Squash Court",Midori Green @ Austin Heights,Austin Heights Sdn. Bhd.,Freehold,"Jalan Mutiara Emas 8, Austin Heights 2, Johor Bahru, Johor",2016.0,,418,Service Residence,1,Medium,Non Bumi Lot,365000,Johor,14,498.6338797814208
3.0,2.0,911,"Tennis Court, Sauna, Parking, Minimart, Playground, Barbeque area, Swimming Pool, Gymnasium, Squash Court, Security",Setapak Ria Condominium,AM-EL Group,Freehold,"Jalan Mata Air 2, Taman Ayer Panas, Setapak, Kuala Lumpur",1994.0,24,576,Condominium,,,Non Bumi Lot,295000,Kuala Lumpur,10,323.8199780461032
3.0,2.0,1080,,Putra Villa,Haluan Mulia Sdn Bhd,Freehold,"Jalan Terminal Putra, Taman Melati, Setapak, Kuala Lumpur",2007.0,16,416,Condominium,,,Bumi Lot,395000,Kuala Lumpur,,365.74074074074076
3.0,2.0,753,"Parking, Playground",Sri Ehsan Apartment,,Freehold,"Jalan Sri Ehsan 9, Taman Sri Ehsan, Kepong, Kuala Lumpur",,,,Apartment,,,Non Bumi Lot,233000,Kuala Lumpur,2,309.4289508632138
2.0,2.0,733,"Security, Minimart, Playground, Parking, Swimming Pool, Jogging Track, Lift, Multipurpose hall",Brunsfield Riverview,Brunsfield International Group,Leasehold,"Jalan Yoga 13/42, Seksyen 13, Shah Alam, Selangor",,12,,Condominium,1,Medium,Bumi Lot,260000,Selangor,8,354.70668485675304
3.0,2.0,750,"Parking, Lift, Swimming Pool, Gymnasium",Desamas Melur,,Freehold,"Lintang Relau 1, Sungai Ara, Penang",1999.0,,224,Apartment,1,Medium,Non Bumi Lot,318000,Penang,4,424.0
3.0,2.0,920,"Swimming Pool, Barbeque area, Parking, Security, Minimart, Playground, Gymnasium",Bayu Tasik 1,PPC Glomac Sdn. Bhd.,Leasehold,"Jalan Sri Permaisuri 5, Bandar Sri Permaisuri, Cheras, Kuala Lumpur",1999.0,15,690,Condominium,1,,Non Bumi Lot,345000,Kuala Lumpur,7,375.0
4.0,2.0,1207,"Playground, Swimming Pool, Minimart, Club house, Security, Multipurpose hall",Astana Lumayan,Danau Lumayan Sdn Bhd,Leasehold,"Jalan Tasik Permaisuri 3, Bandar Sri Permaisuri, Cheras, Kuala Lumpur",2013.0,18,250,Service Residence,1,Low,Non Bumi Lot,535000,Kuala Lumpur,6,443.2477216238608
3.0,2.0,778,"Parking, Lift, Playground, Security, Minimart",Pangsapuri Subang Suria,Agmal Development Sdn Bhd,Leasehold,"Jalan Bintang U5/33, Shah Alam, Selangor",2005.0,7,1274,Apartment,1,Low,Bumi Lot,250000,Selangor,5,321.3367609254499
3.0,2.0,1055,"Security, Minimart",Pangsapuri Ruby,,Leasehold,"Seksyen U5, Bandar Pinggiran Subang, Taman Subang Damai, Shah Alam, Selangor",2011.0,,,Apartment,,High,Bumi Lot,215000,Selangor,2,203.79146919431278
3.0,2.0,900,,Serina Bay,PLB Land Sdn Bhd,Leasehold,"Hilir Sungai Pinang, Jelutong, Penang",2008.0,22,754,Condominium,2,,Non Bumi Lot,360000,Penang,,400.0
3.0,2.0,1005,"Security, Parking, Minimart",Pangsapuri Mawar (Sentul),,Leasehold,"Jalan 7/48A, Bandar Baru Sentul, Sentul, Kuala Lumpur",,23,,Condominium,,,Bumi Lot,285000,Kuala Lumpur,3,283.5820895522388
3.0,2.0,1076,"Playground, Minimart, Gymnasium, Tennis Court, Parking, Security, Swimming Pool",Casa Puteri,IOI Properties Group Berhad,Freehold,"Persiaran Indera, Bandar Puteri Puchong, Puchong, Selangor",,15,,Condominium,1,Medium,Non Bumi Lot,418000,Selangor,7,388.47583643122675
2.0,1.0,570,,Taman Daya - Jalan Nibong 28,,Freehold,"Jalan Nibong 28, Tebrau, Johor",,,,Flat,,Low,Non Bumi Lot,175000,Johor,,307.0175438596491
4.0,3.0,1250,"Multipurpose hall, Parking, Jogging Track, Playground, Swimming Pool, Gymnasium, Barbeque area, Security, Lift",Scenaria @ North Kiara Hills,UOA Group,Freehold,"Off Jalan Segambut, Taman Sri Sinar, Segambut, Kuala Lumpur",2015.0,36,981,Condominium,2,Medium,Bumi Lot,650000,Kuala Lumpur,9,520.0
3.0,1.0,646,"Parking, Security, Lift",Pinang Court 1,IJM LAND BERHAD,Leasehold,"Jelutong, Jelutong, Penang",,12,556,Condominium,,Medium,Non Bumi Lot,280001,Penang,3,433.438080495356
3.0,2.0,925,"Gymnasium, Parking, Security, Sauna, Club house, Playground, Jogging Track, Tennis Court, Barbeque area, Lift",The Spring,IJM LAND BERHAD,Leasehold,"Lebuh Sungai Pinang 2, Jelutong, Penang",2017.0,22,396,Condominium,2,Medium,Non Bumi Lot,565000,Penang,10,610.8108108108108
3.0,2.0,890,"Parking, Barbeque area, Swimming Pool, Multipurpose hall, Playground, Jogging Track, Security",Utropolis Serviced Apartment 1,Paramount Property,Freehold,"Persiaran Kerjaya Off Jalan Kontraktor U1/14, Glenmarie, Selangor",,,414,Apartment,1,High,Non Bumi Lot,510000,Selangor,7,573.0337078651686
3.0,2.0,774,"Gymnasium, Jogging Track, Parking, Security, Tennis Court, Squash Court, Minimart, Playground, Swimming Pool, Lift, Sauna, Barbeque area, Multipurpose hall, Club house",Shamelin Star,Landmark Zone Sdn. Bhd.,Leasehold,"Jalan 4/91, Taman Shamelin Perkasa, Cheras, Kuala Lumpur",2016.0,36,630,Service Residence,1,Medium,Non Bumi Lot,530000,Kuala Lumpur,14,684.7545219638243
3.0,2.0,1069,"Lift, Security, Minimart, Parking, Playground",Pangsapuri Saujana Permai 2,Majlis Perbandaran Kajang,Freehold,"Jalan Bukit Mutiara 1, Sentosa Heights, Kajang, Selangor",2006.0,22,246,Apartment,,,Non Bumi Lot,252000,Selangor,5,235.73433115060806
3.0,2.0,700,,Desa Baiduri,,Leasehold,"Jalan RU 1, Ayer Itam, Penang",,,,Apartment,2,Low,Non Bumi Lot,258000,Penang,,368.57142857142856
3.0,2.0,721,"Parking, Security, Lift, Swimming Pool, Playground",Taman Jade View,,Freehold,"Jalan Bukit Gambier, Gelugor, Penang",1998.0,13,496,Condominium,1,Medium,Non Bumi Lot,270000,Penang,5,374.47988904299586
3.0,2.0,700,"Security, Parking, Lift",Desa Bistari (Gelugor),,Freehold,"Lintang Pantai Jerjak, 11700 Gelugor, Penang, Gelugor, Penang",2000.0,22,403,Condominium,1,High,Non Bumi Lot,338000,Penang,3,482.85714285714283
2.0,1.0,570,,Taman Daya - Jalan Nibong 14,,Freehold,"Jalan Nibong 14, Taman Daya, Tebrau, Johor",,,,Flat,,Low,Non Bumi Lot,175000,Johor,,307.0175438596491
2.0,2.0,1188,"Barbeque area, Security, Sauna, Multipurpose hall, Gymnasium, Tennis Court, Jogging Track, Playground, Swimming Pool",Casa Tropicana,Dijaya Group Corporation,Leasehold,"Jalan Tropicana Utara, Tropicana, Petaling Jaya, Selangor",2008.0,24,296,Condominium,2,Medium,Bumi Lot,550000,Selangor,9,462.962962962963
3.0,2.0,650,"Parking, Playground",Taman Sri Tanjung (Semenyih) Flat,,Leasehold,"Off Jalan Sungai Lalang,Taman Sri Tanjung, Semenyih, Selangor",,5,,Flat,,Medium,Bumi Lot,100000,Selangor,2,153.84615384615384
3.0,1.0,603,"Parking, Lift",Pangsapuri Pandan Cahaya,,Leasehold,"Jalan Pandan Cahaya 2/3A, Pandan Cahaya, Selangor, Ampang",,,,Apartment,,Medium,Bumi Lot,200000,Ampang,2,331.6749585406302
3.0,2.0,852,"Parking, Swimming Pool, Barbeque area, Security, Minimart, Gymnasium, Playground, Multipurpose hall, Jogging Track, Club house",Vista Lavender,Talam Transform Berhad,Leasehold,"Persiaran Kinrara Seksyen 3, Bandar Kinrara, Puchong, Selangor",2000.0,12,,Apartment,1,High,Non Bumi Lot,299000,Selangor,10,350.9389671361502
2.0,2.0,765,"Swimming Pool, Gymnasium, Parking, Security, Lift",The Clovers,Asia Green Group,Freehold,"Jalan Merbah Off Jalan Dato Ismail Hashim, Sungai Ara, Penang",2017.0,42,670,Condominium,2,High,Non Bumi Lot,400000,Penang,5,522.875816993464
2.0,2.0,565,"Security, Gymnasium, Swimming Pool, Barbeque area, Sauna, Multipurpose hall, Playground",Central Residence @ Sg Besi,Yuk Tung Group,Freehold,"Jalan Sungai Besi, Sungai Besi, Kuala Lumpur",2015.0,27,526,Apartment,2,High,Non Bumi Lot,320000,Kuala Lumpur,7,566.3716814159292
3.0,2.0,800,"Gymnasium, Parking, Security, Minimart, Playground, Swimming Pool, Lift, Jogging Track, Sauna",D'Cassia Apartment,SP Setia Berhad,Freehold,"Jalan Ecohill 1/2, Semenyih, Selangor",2019.0,,635,Apartment,,,Non Bumi Lot,250000,Selangor,9,312.5
3.0,2.0,1019,"Playground, Barbeque area, Gymnasium, Swimming Pool, Parking, Security, Jogging Track, Multipurpose hall",Scenaria @ North Kiara Hills,UOA Group,Freehold,"Off Jalan Segambut, Taman Sri Sinar, Segambut, Kuala Lumpur",2015.0,36,981,Condominium,,,Non Bumi Lot,599999,Kuala Lumpur,8,588.8115799803729
3.0,2.0,1363,,Bayu Sentul Condominium,Arus Embun Sdn Bhd (Melati Ehsan Group),Leasehold,"Jalan Dato Senu 3, Taman Dato Senu, Sentul, Kuala Lumpur",2015.0,26,360,Condominium,,,Non Bumi Lot,499999,Kuala Lumpur,,366.8371239911959
3.0,2.0,833,"Security, Minimart, Swimming Pool, Barbeque area, Club house, Parking, Playground",Villa Krystal,Orando Holdings Sdn Bhd,Freehold,"Jalan Silat Lincah, Bandar Selesa Jaya, Johor Bahru, Johor",2017.0,20,,Apartment,,Medium,Non Bumi Lot,238000,Johor,7,285.7142857142857
3.0,2.0,830,"Parking, Security, Lift, Swimming Pool, Playground, Gymnasium, Sauna, Minimart, Multipurpose hall",Genting Court Condominium,Immetec Sdn Bhd,Leasehold,"Jalan Teratai, Taman P Ramlee, Setapak, Kuala Lumpur",1995.0,14,1008,Condominium,1,Medium,Non Bumi Lot,250000,Kuala Lumpur,9,301.2048192771084
3.0,2.0,800,"Parking, Security, Lift, Swimming Pool, Playground, Gymnasium, Sauna, Barbeque area, Minimart, Multipurpose hall, Jogging Track",Seasons Garden Residences @ Wangsa Maju,SCP Group,Leasehold,"Jalan 26/26, Taman Setapak Jaya, Wangsa Maju, Kuala Lumpur",2017.0,34,1502,Apartment,1,Medium,Non Bumi Lot,400000,Kuala Lumpur,11,500.0
3.0,2.0,730,"Parking, Security, Lift",Taman Harbour View,,Leasehold,"123 Weld Quay, Georgetown, Penang",,10,184,Apartment,1,Low,Non Bumi Lot,278000,Penang,3,380.82191780821915
3.0,2.0,1036,"Gymnasium, Playground, Swimming Pool, Jogging Track, Sauna, Club house, Security, Barbeque area, Multipurpose hall, Lift, Parking",Setia Sky Ville,Kay Pride Sdn Bhd (S P Setia Bhd Group),Freehold,"Lorong Slim, Jelutong, Penang",2021.0,33,550,Condominium,2,Medium,Non Bumi Lot,750000,Penang,11,723.9382239382239
3.0,2.0,700,"Parking, Security, Multipurpose hall, Jogging Track, Barbeque area, Playground, Gymnasium, Lift",Harmony View,Belleview Group,Freehold,"Lintang Slim, Off Perak Road, Jelutong, Penang",2009.0,23,,Apartment,1,Medium,Non Bumi Lot,385000,Penang,8,550.0
3.0,2.0,800,"Parking, Security, Lift",The Rise Collection 2,Zubicon Sdn. Bhd.,Leasehold,"The Rise Collection 2, Georgetown, Penang",2016.0,,1900,Apartment,1,Medium,Non Bumi Lot,420000,Penang,3,525.0
3.0,2.0,800,"Parking, Security, Lift",The Rise Collection 2,Zubicon Sdn. Bhd.,Leasehold,"The Rise Collection 2, Georgetown, Penang",2016.0,,1900,Apartment,2,Medium,Non Bumi Lot,420000,Penang,3,525.0
3.0,2.0,700,"Parking, Security, Gymnasium, Jogging Track, Playground, Barbeque area, Lift",Taman Kheng Tian,Belleview Group,Freehold,"Jalan Van Praagh, Jelutong, Penang",2006.0,20,,Apartment,1,Low,Non Bumi Lot,399000,Penang,7,570.0
2.0,1.0,624,,Seksyen 2 Wangsa Maju Flat Block D,,Leasehold,"Jalan 4/27A Seksyen 2, Wangsa Maju, Kuala Lumpur",,,,Flat,,,Non Bumi Lot,175000,Kuala Lumpur,,280.44871794871796
3.0,2.0,628,"Parking, Minimart, Security, Playground",Seri Nilam Apartment,Sri Tunas Sdn Bhd,Leasehold,"Selangor, Ampang, Ampang, Selangor",,14,90,Apartment,,Medium,Bumi Lot,140000,Selangor,4,222.9299363057325
3.0,2.0,1049,"Security, Minimart, Jogging Track, Parking, Swimming Pool, Lift, Playground, Gymnasium",Kondominium Kristal,Worldwide Holdings,Leasehold,"Jalan Pualam 7/32, Seksyen 7, Shah Alam, Selangor",2006.0,12,260,Condominium,1,Medium,Bumi Lot,360000,Selangor,8,343.1839847473785
4.0,2.0,1050,"Playground, Security, Swimming Pool, Barbeque area, Parking, Minimart",Sri Kenangan,,Leasehold,"Jalan 1/27D, Wangsa Maju, Kuala Lumpur",,5,,Condominium,,,Bumi Lot,420000,Kuala Lumpur,6,400.0
3.0,2.0,999,"Parking, Swimming Pool, Playground, Security",Villaria (Petaling Jaya),,Leasehold,"Jalan PJS 5/32, Petaling Jaya, Selangor",,8,,Condominium,1,Low,Bumi Lot,375000,Selangor,4,375.37537537537537
4.0,2.0,1328,"Parking, Security, Lift, Swimming Pool, Playground, Gymnasium, Barbeque area, Minimart, Multipurpose hall, Jogging Track",Platinum Lake PV 20,Platinum Victory Group Sdn. Bhd.,Leasehold,"No. 5 Jalan Usahawan 2, Jalan Genting Kelang, Setapak, Kuala Lumpur",2014.0,25,800,Condominium,2,High,Non Bumi Lot,529000,Kuala Lumpur,10,398.3433734939759
4.0,3.0,1399,"Gymnasium, Swimming Pool, Parking, Jogging Track, Security",Flora Rosa,Putrajaya Holdings Sdn Bhd,Freehold,"Residence Flora Rosa Presint 11 Putrajaya, Putrajaya, Putrajaya",2020.0,17,676,Condominium,2,Medium,Non Bumi Lot,433094,Putrajaya,5,309.57398141529666
3.0,2.0,775,,Pangsapuri Kajang Perdana,,Leasehold,"Taman Kajang Perdana, Kajang, Selangor",,,,Apartment,1,,Bumi Lot,120000,Selangor,,154.83870967741936
3.0,2.0,1035,,8scape Residences @ Sutera,,Freehold,"Jalan Sutera Kuning, Taman Perling, Johor Bahru, Johor",2018.0,25,1255,Apartment,1,Medium,Non Bumi Lot,485000,Johor,,468.5990338164251
3.0,2.0,1090,,Sentral Residences @ Kajang,TKS Projects Sdn Bhd,Freehold,"Taman Kajang Sentral, Kajang, Selangor",2015.0,14,270,Service Residence,,,Non Bumi Lot,350000,Selangor,,321.10091743119267
3.0,2.0,815,Parking,Taman Miharja Apartment (LRT Miharja),,Leasehold,"Jalan 1/93, Taman Miharja 55200, Cheras, Kuala Lumpur",,14,,Apartment,1,,Bumi Lot,250000,Kuala Lumpur,1,306.7484662576687
3.0,2.0,856,"Gymnasium, Parking, Swimming Pool, Security, Lift","Spring & Summer Tower, All Seasons Park",Belleview Group,Freehold,"Thean Teik Hwy, Ayer Itam, Penang",,,808,Condominium,2,Medium,Non Bumi Lot,510000,Penang,5,595.7943925233645
4.0,3.0,1600,"Playground, Gymnasium, Squash Court, Jogging Track, Security, Swimming Pool, Parking, Barbeque area, Lift",Asia Heights,Asia Green Group,Freehold,"Lorong Semarak Api 3, Ayer Itam, Penang",2007.0,22,816,Condominium,2,Medium,Non Bumi Lot,660000,Penang,9,412.5
3.0,2.0,700,"Playground, Security, Barbeque area, Parking, Jogging Track",Suria Vista,OHM Group,Freehold,"Tingkat Paya Terubong 4, Jalan Paya Terubong, Paya Terubong, Penang",,16,256,Apartment,1,Medium,Non Bumi Lot,330000,Penang,5,471.42857142857144
3.0,2.0,750,"Security, Jogging Track, Playground, Multipurpose hall, Parking, Lift",Idaman Lavender 3,Sri Tunas Sdn Bhd,Freehold,"Lilitan Sungai Ara Off Jalan Dato Ismail Hashim, Bayan Lepas, Penang",,20,608,Apartment,1,Low,Non Bumi Lot,340000,Penang,6,453.3333333333333
3.0,2.0,1353,"Security, Lift, Swimming Pool, Playground, Parking",Arte S,Arte Corp,Freehold,"Off Persiaran Bukit Gambier, Gelugor, Penang",2018.0,49,480,Service Residence,2,Medium,Non Bumi Lot,690000,Penang,5,509.9778270509978
1.0,1.0,465,"Parking, Minimart, Sauna, Swimming Pool, Gymnasium, Security, Playground, Lift",Vista Impiana,LBS Bina Group Berhad,Leasehold,"Jalan Bukit Serdang 10/2, Taman Bukit Serdang, Seri Kembangan, Selangor",2004.0,21,,Apartment,1,High,Non Bumi Lot,168000,Selangor,8,361.2903225806452
3.0,2.0,1007,"Parking, Security, Playground, Gymnasium, Multipurpose hall",Taman Wangsa Apartments (Telipok),,Leasehold,"Pekan Telipok, Tuaran, Tuaran, Sabah",,,,Apartment,1,Low,Bumi Lot,250000,Sabah,5,248.26216484607747
3.0,2.0,750,,Simfoni @ Eco Majestic,,Freehold,"Jalan Eco Majestic 3A/5, Semenyih, Selangor",,,,Apartment,,Medium,Non Bumi Lot,230000,Selangor,,306.6666666666667
3.0,2.0,650,"Parking, Minimart, Security, Playground",Sri Tanjung Apartment (Subang Jaya),,Freehold,"Jalan USJ 16/6, Subang Jaya, Selangor",2007.0,10,,Apartment,,,Non Bumi Lot,195000,Selangor,4,300.0
3.0,2.0,835,,Dataran Otomobil Apartment,Muafakat Sdn Bhd / PKNS,Leasehold,"Kompleks Otomobil, Seksyen 15, Shah Alam, Shah Alam, Selangor",,,,Apartment,,Low,Bumi Lot,230000,Selangor,,275.4491017964072
4.0,3.0,1302,"Parking, Security, Lift, Swimming Pool, Playground, Gymnasium, Sauna, Barbeque area, Minimart, Multipurpose hall, Club house, Jogging Track, Tennis Court, Squash Court",BaysWater,IJM Land Berhad,Freehold,"2A - 2B, Lebuh Tunku Kudin 2, Gelugor, Penang",2007.0,,396,Condominium,2,High,Non Bumi Lot,920000,Penang,14,706.605222734255
3.0,2.0,868,"Jogging Track, Parking, Minimart, Playground, Swimming Pool, Tennis Court",Cahaya Permai,Tujuan Ehsan Sdn Bhd,Leasehold,"Persiaran Permai Sentosa, Taman Prima Tropika, Seri Kembangan, Selangor",2010.0,,300,Apartment,1,,Bumi Lot,340000,Selangor,6,391.70506912442397
3.0,2.0,1016,"Parking, Minimart, Security",Melur Apartment (Sentul),Bintai Kinden Corporation,Leasehold,"No. 72A, Jalan 2/48A, Sentul, Kuala Lumpur",2006.0,21,800,Apartment,,,Non Bumi Lot,325000,Kuala Lumpur,3,319.88188976377955
4.0,2.0,912,"Security, Parking, Swimming Pool, Playground",Vista Seri Alam,,Freehold,"Persiaran Seri Alam, Bandar Seri Alam, Pasir Gudang, Johor",2004.0,38,1112,Apartment,1,Low,Non Bumi Lot,258000,Johor,4,282.89473684210526
3.0,2.0,883,,Menara Rajawali,,Leasehold,"Jalan 6/56, Setiawangsa, Kuala Lumpur",,,,Apartment,,,Bumi Lot,260000,Kuala Lumpur,,294.4507361268403
3.0,2.0,950,"Playground, Security, Minimart, Swimming Pool, Barbeque area, Parking, Sauna",Merdeka Villa,Perbadanan Kemajuan Negeri Selangor (PKNS),Leasehold,"Jalan Merdeka Permai 2, Kampung Baru Ampang, Ampang, Kuala Lumpur",2006.0,15,,Apartment,,,Non Bumi Lot,305000,Kuala Lumpur,7,321.05263157894734
3.0,2.0,1018,,MH Platinum Residency,Platinum Victory Group Sdn. Bhd.,Leasehold,"Jalan Gombak, Setapak, Kuala Lumpur",,,,Apartment,,,Non Bumi Lot,405000,Kuala Lumpur,,397.8388998035363
3.0,2.0,915,"Swimming Pool, Sauna, Parking, Gymnasium, Lift, Multipurpose hall, Security, Playground, Jogging Track, Barbeque area",ANYA at Shorea Park,OSK Property,Freehold,"Shorea Park Jalan Meranti Puchong, Taman Meranti Permai, Puchong, Selangor",,,750,Service Residence,2,,Non Bumi Lot,443000,Selangor,10,484.1530054644809
3.0,2.0,1270,,Skycube Residence,GSD Land (M) Sdn Bhd,Freehold,"Off Jalan Paya Terubong, Sungai Ara, Penang",2017.0,30,410,Condominium,2,,Bumi Lot,660000,Penang,,519.6850393700787
3.0,1.0,614,,Apartment Permata (Bandar Perda),,Freehold,"Jalan Perda Utama, Bandar Perda, Bukit Mertajam, Penang",,5,,Apartment,,Low,Non Bumi Lot,190000,Penang,,309.44625407166126
2.0,2.0,818,"Security, Swimming Pool, Gymnasium, Parking, Multipurpose hall, Playground, Jogging Track",Desaru Utama Residence,SKS Group,Leasehold,"Jalan Kempas 5, Kota Tinggi, Johor",,,711,Apartment,1,Medium,Non Bumi Lot,288888,Johor,7,353.1638141809291
3.0,2.0,1346,,The Suritz,Casa Sara (SCland),Leasehold,"Taman Kelombong, Kota Kinabalu, Sabah",2015.0,,128,Condominium,2,Medium,Non Bumi Lot,576000,Sabah,,427.93462109955425
2.0,1.0,650,"Parking, Playground, Minimart, Jogging Track",MJC SOHO,,Leasehold,"Jalan Batu Kawa, Kuching, Sarawak",,,,Apartment,1,High,Non Bumi Lot,140000,Sarawak,4,215.3846153846154
3.0,2.0,945,"Security, Parking, Barbeque area",Bukit Mas Apartment,,Leasehold,"Jalan Kolam Air, Taman Desa Melawati, Taman Melawati, Kuala Lumpur",,5,,Apartment,,Low,Non Bumi Lot,200000,Kuala Lumpur,3,211.64021164021165
3.0,2.0,756,,Taman Kajang Sentral,,Freehold,"Jalan tks 5, Kajang, Selangor",,,,Apartment,,Medium,Bumi Lot,170000,Selangor,,224.86772486772486
5.0,5.0,6000,"Multipurpose hall, Lift, Parking",Lido Avenue,Mega City Avenue Sdn. Bhd.,Leasehold,"Lorong Dalapan, Kota Kinabalu, Sabah",,,,Condominium,3,High,Non Bumi Lot,2700000,Sabah,3,450.0
3.0,2.0,768,"Parking, Security, Lift, Swimming Pool, Playground",Apartment Bayu,,Leasehold,"Jalan PJU 10/4, Damansara Damai, Petaling Jaya, Selangor",,5,40,Apartment,1,Medium,Non Bumi Lot,199999,Selangor,5,260.4153645833333
3.0,2.0,753,"Parking, Security, Lift, Swimming Pool, Minimart, Playground",Ketumbar Heights,Mahajaya Berhad,Freehold,"Jalan 6/95B, Taman Cheras, Cheras, Kuala Lumpur",2010.0,14,336,Condominium,1,Low,Non Bumi Lot,280000,Kuala Lumpur,6,371.8459495351926
3.0,2.0,650,"Minimart, Lift",Angsana,,Leasehold,"Persiaran Subang Mewah, USJ 1, Subang Jaya, Selangor",,,,Apartment,,Medium,Non Bumi Lot,155000,Selangor,2,238.46153846153845
3.0,2.0,855,"Security, Swimming Pool, Gymnasium, Parking, Jogging Track",Saville @ Kajang,MKH Berhad,Freehold,"Jalan Reko, Kajang, Selangor",,,576,Service Residence,,,Non Bumi Lot,330000,Selangor,5,385.96491228070175
3.0,2.0,861,"Parking, Playground, Security",Kenari Court,,Leasehold,"Jalan Pandan Indah 6/1, Ampang, Kuala Lumpur",,5,,Apartment,,,Non Bumi Lot,279999,Kuala Lumpur,3,325.2020905923345
3.0,2.0,1600,"Squash Court, Gymnasium, Parking, Security, Swimming Pool",Puncak Athenaeum,,Freehold,"Lorong Wangsa 5A, Ulu Kelang, Ampang, Selangor",,22,320,Condominium,,,Bumi Lot,299999,Selangor,5,187.499375
3.0,2.0,833,,Permai Puteri,Permai Syukur Sdn. Bhd.,Leasehold,"Jalan 13D, Taman Dato Ahmad Razali, Ampang, Selangor",2007.0,24,299,Apartment,,,Non Bumi Lot,275000,Selangor,,330.13205282112847
3.0,2.0,927,"Parking, Security, Playground",Cengal Condominium,PPC Glomac Sdn. Bhd,Leasehold,"Jalan Sri Permaisuri 3, Bandar Sri Permaisuri, Cheras, Kuala Lumpur",2001.0,5,208,Condominium,,,Bumi Lot,350000,Kuala Lumpur,3,377.56202804746493
2.0,1.0,600,"Parking, Playground",Seksyen 2 Wangsa Maju Flat,,Leasehold,"Seksyen 2, Wangsa Maju, Wangsa Maju, Kuala Lumpur",,,,Flat,2,Low,Non Bumi Lot,215000,Kuala Lumpur,2,358.3333333333333
3.0,2.0,860,"Playground, Gymnasium, Barbeque area, Parking, Swimming Pool, Security, Lift",Greenlane Park,,Freehold,"Solok Tembaga, Island Park, Greenlane, Penang",2005.0,27,,Condominium,2,,Non Bumi Lot,460000,Penang,7,534.8837209302326
3.0,2.0,860,"Security, Playground, Barbeque area, Parking, Swimming Pool, Gymnasium, Lift",Greenlane Park,,Freehold,"Solok Tembaga, Island Park, Greenlane, Penang",2005.0,27,,Condominium,1,,Non Bumi Lot,450000,Penang,7,523.2558139534884
3.0,2.0,860,"Security, Playground, Barbeque area, Parking, Swimming Pool, Gymnasium, Lift",Greenlane Park,,Freehold,"Solok Tembaga, Island Park, Greenlane, Penang",2005.0,27,,Condominium,2,,Non Bumi Lot,450000,Penang,7,523.2558139534884
3.0,2.0,860,"Parking, Playground, Swimming Pool, Security, Gymnasium, Barbeque area, Lift",Greenlane Park,,Freehold,"Solok Tembaga, Island Park, Greenlane, Penang",2005.0,27,,Condominium,1,,Non Bumi Lot,420000,Penang,7,488.3720930232558
3.0,2.0,700,"Parking, Playground, Gymnasium, Multipurpose hall, Jogging Track, Barbeque area, Security, Lift",Harmony View,Belleview Group,Freehold,"Lintang Slim, Off Perak Road, Jelutong, Penang",2009.0,23,,Apartment,1,Medium,Non Bumi Lot,380000,Penang,8,542.8571428571429
3.0,2.0,700,"Parking, Security, Lift",Taman Kang Har Tong,OHM Group,Freehold,"Lorong Gemilang Off Jalan Perak, Jelutong, Penang",,16,,Apartment,1,Low,Non Bumi Lot,380000,Penang,3,542.8571428571429
3.0,2.0,1000,"Security, Playground, Gymnasium, Tennis Court, Parking, Minimart, Swimming Pool, Sauna, Lift",The Rise Collection 3,Zubicon Sdn. Bhd.,Freehold,"Jln Dr. Wu Lien Teh, Georgetown, Penang",2020.0,,,Apartment,2,High,Non Bumi Lot,530000,Penang,9,530.0
3.0,2.0,1270,"Security, Parking, Lift, Swimming Pool, Playground",Aspen Residences,Rimbaco Sdn Bhd,Freehold,"Jalan Perak, Jelutong,, Jelutong, Penang",,,,Condominium,2,Medium,Non Bumi Lot,740000,Penang,5,582.6771653543307
3.0,3.0,1313,"Parking, Security, Lift, Swimming Pool, Playground",BaysWater,IJM Land Berhad,Freehold,"2A - 2B, Lebuh Tunku Kudin 2, Gelugor, Penang",2007.0,,396,Condominium,3,Medium,Non Bumi Lot,910000,Penang,5,693.0693069306931
3.0,2.0,947,"Parking, Security, Club house, Sauna, Playground, Gymnasium, Barbeque area, Tennis Court, Jogging Track, Lift",The Spring,IJM LAND BERHAD,Leasehold,"Lebuh Sungai Pinang 2, Jelutong, Penang",2017.0,22,396,Condominium,2,High,Non Bumi Lot,518000,Penang,10,546.9904963041183
2.0,2.0,697,Playground,Flat Taman Bukit Angkasa,,Leasehold,"Off Jalan Pantai Dalam, Bangsar South, Kuala Lumpur",,,,Flat,,,Bumi Lot,246000,Kuala Lumpur,1,352.94117647058823
3.0,2.0,954,"Gymnasium, Swimming Pool, Barbeque area, Jogging Track, Parking, Security, Lift, Playground, Minimart",Jentayu Residensi @ Tampoi,,Freehold,"Jalan Tampoi, Johor Bahru, Johor",2013.0,,512,Service Residence,1,Medium,Non Bumi Lot,368000,Johor,9,385.74423480083857
3.0,2.0,750,"Security, Playground, Minimart",Seri Saujana Apartment,PLB Land Sdn Bhd,Leasehold,"Jalan SP 4/4, Bandar Saujana Putra, Jenjarom, Selangor",,,,Apartment,,Low,Bumi Lot,210000,Selangor,3,280.0
1.0,1.0,454,"Parking, Lift, Security",PD Tiara Bay,,Freehold,"Jalan Pasir Panjang, Pasir Panjang, Negeri Sembilan",,,,Apartment,,Medium,Bumi Lot,60000,Negeri Sembilan,3,132.15859030837004
4.0,5.0,2872,"Parking, Security, Lift, Swimming Pool, Playground, Club house",Serene Mont Kiara Sri Hartamas,,Freehold,"Jalan Laman Kiara, Kuala Lumpur, Sri Hartamas",,,,Duplex,3,Low,Malay Reserved,2250000,Sri Hartamas,6,783.4261838440111
3.0,2.0,800,"Playground, Parking",Pangsapuri Carlina,,Leasehold,"Jalan Sepah Puteri 5/1, PJU5, Kota Damansara, Selangor",,6,,Apartment,1,,Bumi Lot,315000,Selangor,2,393.75
3.0,2.0,1244,"Barbeque area, Security, Playground, Swimming Pool, Jogging Track, Parking, Sauna, Gymnasium, Minimart, Lift",Havona,Sunray Development,Freehold,"Off Jalan Mutiara Emas Utama, Taman Mount Austin, Johor Bahru, Johor",2019.0,36,1148,Apartment,2,Medium,Non Bumi Lot,600000,Johor,10,482.3151125401929
3.0,2.0,1041,"Parking, Security, Lift, Swimming Pool",Menara Asas,,Freehold,"Jalan Tanjung Bungah, Tanjung Bungah, Penang",1995.0,16,,Condominium,2,Medium,Non Bumi Lot,550000,Penang,4,528.3381364073007
4.0,2.0,1650,"Parking, Security, Lift, Swimming Pool, Playground",Shineville Park,Zantalite Enterprise (M) Sdn Bhd,Freehold,"Off Jalan Taman Thean Teik 2, Ayer Itam, Penang",,24,234,Condominium,2,High,Non Bumi Lot,550000,Penang,5,333.3333333333333
3.0,2.0,1036,"Playground, Multipurpose hall, Security, Swimming Pool, Jogging Track, Barbeque area, Sauna, Club house, Gymnasium, Lift, Parking",Setia Sky Ville,Kay Pride Sdn Bhd (S P Setia Bhd Group),Freehold,"Lorong Slim, Jelutong, Penang",2021.0,33,550,Condominium,2,High,Non Bumi Lot,780000,Penang,11,752.8957528957529
2.0,2.0,550,,Medan Angsana (Farlim 2),,Freehold,"Medan Angsana, Ayer Itam, Penang",,,,Flat,,Medium,Non Bumi Lot,165000,Penang,,300.0
3.0,2.0,1050,"Swimming Pool, Parking, Playground, Security, Jogging Track, Gymnasium",One Imperial,Ideal Property Group,Freehold,"Off Jalan Dato Ismail Hashim, Sungai Ara, Penang",2016.0,20,771,Condominium,2,High,Non Bumi Lot,543000,Penang,6,517.1428571428571
4.0,3.0,1788,"Security, Squash Court, Parking, Playground, Gymnasium, Jogging Track, Sauna, Swimming Pool, Barbeque area, Multipurpose hall, Club house",Anjali @ North Kiara,Tago (Malaysia) Sdn. Bhd.,Freehold,"Jalan 3/61, Bukit Segambut, Segambut, Kuala Lumpur",2017.0,29,369,Condominium,2,,Non Bumi Lot,1250000,Kuala Lumpur,11,699.1051454138702
4.0,2.0,1590,"Swimming Pool, Gymnasium, Sauna, Playground, Minimart, Tennis Court, Parking, Security, Lift, Barbeque area, Jogging Track, Club house, Multipurpose hall",Royal Regent (Sri Putramas 3),Malaysia Land Properties Sdn Bhd (Mayland),Freehold,"Jalan Dutamas 2, Jalan Kuching, Kuala Lumpur",2013.0,,654,Condominium,2,High,Non Bumi Lot,729000,Kuala Lumpur,13,458.49056603773585
3.0,2.0,450,"Gymnasium, Swimming Pool, Multipurpose hall, Security, Lift, Barbeque area, Sauna, Parking, Minimart, Playground, Jogging Track",Garden Plaza @ Garden Residence,Myvilla Development Sdn Bhd,Freehold,"Persiaran Harmoni, Cyber 9, Cyberjaya, Selangor",2015.0,,1149,Service Residence,2,,Non Bumi Lot,193000,Selangor,11,428.8888888888889
2.0,2.0,1240,"Parking, Gymnasium, Minimart, Lift, Sauna, Security, Playground, Swimming Pool, Jogging Track, Barbeque area",Vista Komanwel C,,Freehold,"Off Jalan Barat, Bandar Bukit Jalil, Bukit Jalil, Kuala Lumpur",,24,,Apartment,2,Low,Non Bumi Lot,470000,Kuala Lumpur,10,379.03225806451616
3.0,2.0,940,,KL Traders Square Residences,SCP Group,Freehold,"Jalan Gombak Batu 4, Gombak, Kuala Lumpur",2019.0,38,2647,Service Residence,,,Bumi Lot,445000,Kuala Lumpur,,473.40425531914894
3.0,2.0,982,"Security, Swimming Pool, Tennis Court, Parking, Playground",Menara Menjalara,,Freehold,"Jalan 1/62D, Bandar Menjalara, Kuala Lumpur",,16,,Condominium,,,Non Bumi Lot,388000,Kuala Lumpur,5,395.112016293279
3.0,2.0,870,"Squash Court, Playground, Swimming Pool, Minimart, Security, Lift, Gymnasium, Parking",Lakeview Apartments,,Leasehold,"Jalan Sungai Tua, Taman Jasa Pewira, Gombak, Selangor",,18,,Apartment,,,Bumi Lot,250000,Selangor,8,287.35632183908046
2.0,1.0,560,,Taman Muhibbah (Seri Kembangan),,Freehold,"Jalan Muhibbah 19, Seri Kembangan, Selangor",,,,Flat,,High,Non Bumi Lot,120000,Selangor,,214.28571428571428
3.0,2.0,1040,"Swimming Pool, Gymnasium, Squash Court, Parking, Security, Minimart, Playground",Jalil Damai,Bukit Jalil Development,Freehold,"Jalan 14/155C, Bukit Jalil, Kuala Lumpur",1998.0,15,900,Apartment,,,Non Bumi Lot,410000,Kuala Lumpur,7,394.2307692307692
3.0,2.0,650,"Parking, Playground, Minimart",Sri Indah,,Leasehold,"Persiaran Lestari Perdana, Seri Kembangan, Selangor",,5,720,Flat,,Medium,Bumi Lot,109000,Selangor,3,167.69230769230768
2.0,2.0,975,"Tennis Court, Swimming Pool, Sauna, Minimart, Playground, Gymnasium, Parking, Security, Lift, Club house, Barbeque area, Jogging Track, Multipurpose hall",Royal Regent (Sri Putramas 3),Malaysia Land Properties Sdn Bhd (Mayland),Freehold,"Jalan Dutamas 2, Jalan Kuching, Kuala Lumpur",2013.0,,654,Condominium,1,Medium,Non Bumi Lot,490000,Kuala Lumpur,13,502.56410256410254
3.0,2.0,1520,,McKenzie Avenue,,Freehold,"4380, Taman Stapok Lorong 5, Kuching, Sarawak",,,,Apartment,2,Medium,Non Bumi Lot,595000,Sarawak,,391.44736842105266
2.0,1.0,542,,Taman Taming Jaya,Tanming Berhad,Freehold,"Taman Taming Jaya, Balakong, Selangor",,,,Apartment,,Medium,Non Bumi Lot,120000,Selangor,,221.4022140221402
3.0,2.0,450,"Swimming Pool, Multipurpose hall, Gymnasium, Parking, Security, Lift, Sauna, Barbeque area, Minimart, Playground, Jogging Track",Garden Plaza @ Garden Residence,Myvilla Development Sdn Bhd,Freehold,"Persiaran Harmoni, Cyber 9, Cyberjaya, Selangor",2015.0,,1149,Service Residence,2,,Non Bumi Lot,188000,Selangor,11,417.77777777777777
3.0,2.0,818,"Club house, Parking, Security, Minimart, Barbeque area, Playground, Swimming Pool",Villa Krystal,Orando Holdings Sdn Bhd,Freehold,"Jalan Silat Lincah, Bandar Selesa Jaya, Johor Bahru, Johor",2017.0,20,,Apartment,,Medium,Non Bumi Lot,218000,Johor,7,266.5036674816626
3.0,2.0,1417,,Endah Ria,Soon Tiek Development & PJ Development,Leasehold,"Taman Sri Endah, Sri Petaling, Kuala Lumpur",2000.0,18,752,Condominium,,,Non Bumi Lot,425000,Kuala Lumpur,,299.92942836979535
3.0,2.0,850,"Swimming Pool, Security, Playground, Barbeque area, Parking",Sri Intan (Bandar Seri Alam),S P Setia Berhad,Freehold,"Jalan Tasek, Bandar Seri Alam, Pasir Gudang, Johor",2014.0,4,348,Flat,1,High,Non Bumi Lot,155000,Johor,5,182.35294117647058
3.0,2.0,1023,"Swimming Pool, Gymnasium, Jogging Track, Security, Parking, Lift, Playground, Minimart, Club house",Magna Ville Condominium,Magna Park Sdn Bhd,Leasehold,"Off Lebuhraya Selayang - Kepong, Taman Selayang Jaya, Selayang, Selangor",2010.0,22,1074,Condominium,1,,Non Bumi Lot,270000,Selangor,9,263.92961876832845
3.0,2.0,1050,"Parking, Security, Lift, Swimming Pool, Playground, Gymnasium, Multipurpose hall, Barbeque area, Jogging Track",Condo Pasir Mutiara,,Freehold,"Ujong Pasir, Melaka, Ujong Pasir",,,,Condominium,,Low,Non Bumi Lot,310000,Ujong Pasir,9,295.23809523809524
1.0,1.0,618,"Barbeque area, Multipurpose hall, Playground, Gymnasium, Club house, Parking, Jogging Track, Security, Sauna",The Mark,BHL Group of Companies,Leasehold,"Jalan Cemara 1, Taman Bukit Segar, Cheras, Kuala Lumpur",2015.0,28,467,Service Residence,,,Non Bumi Lot,330000,Kuala Lumpur,9,533.9805825242719
2.0,1.0,650,"Minimart, Playground",Bandar Baru Sentul Flat,,Leasehold,"Bandar Baru Sentul, Sentul, Kuala Lumpur",,,,Flat,,Medium,Non Bumi Lot,240000,Kuala Lumpur,2,369.2307692307692
3.0,2.0,850,"Parking, Security, Playground",Pangsapuri Perdana (Seksyen 13),,Leasehold,"Jalan Lompat Pagar 13/37, Shah Alam, Selangor",2000.0,10,20,Apartment,,Low,Non Bumi Lot,225000,Selangor,3,264.70588235294116
4.0,2.0,1262,"Parking, Security, Lift, Swimming Pool, Playground, Gymnasium",Pangsapuri Miro,,Freehold,"Jalan Taman Putra Kajang, Taman Kajang Putra, Kajang, Selangor",,5,,Apartment,2,Medium,Non Bumi Lot,410000,Selangor,6,324.88114104595877
3.0,2.0,893,"Swimming Pool, Parking, Jogging Track, Multipurpose hall, Security, Playground, Gymnasium, Barbeque area",Kiara Plaza,SYF Development,Freehold,"Jalan Semenyih, Semenyih, Selangor",2017.0,23,763,Condominium,,High,Non Bumi Lot,420000,Selangor,8,470.3247480403135
3.0,3.0,890,"Parking, Security, Lift, Swimming Pool, Playground, Gymnasium, Sauna, Barbeque area, Minimart, Multipurpose hall, Club house, Jogging Track, Tennis Court, Squash Court",putrajaya,,Freehold,"putrajaya, Putrajaya, Putrajaya",,,,Condominium,2,Medium,Non Bumi Lot,470000,Putrajaya,14,528.0898876404494
3.0,2.0,1130,"Parking, Security, Lift, Swimming Pool, Playground, Gymnasium, Sauna, Barbeque area, Minimart, Multipurpose hall, Club house, Jogging Track, Tennis Court","Pangsapuri Seri Tecoma, Ipoh",,Leasehold,"Jalan Palma A/7, Bandar Seri Botani, Ipoh, Perak",2017.0,15,210,Apartment,2,Medium,Non Bumi Lot,360000,Perak,13,318.5840707964602
3.0,2.0,1130,,Vantage @ Tamu,,Freehold,"Jalan Stampin Tengah, Kuching, Sarawak",,,,Service Residence,,,Non Bumi Lot,620000,Sarawak,,548.6725663716815
3.0,2.0,650,,Sun Moon City,,Freehold,"Tingkat Paya Terubong 4, Ayer Itam, Penang",,,,Flat,,Low,Non Bumi Lot,120000,Penang,,184.6153846153846
3.0,2.0,926,"Parking, Gymnasium, Jogging Track, Minimart, Playground, Swimming Pool, Squash Court, Security",Taman Bukit Pelangi (Shah Alam),Asia Kreatif Sdn. Bhd.,Leasehold,"Taman Bukit Pelangi, Shah Alam, Selangor",,14,340,Apartment,,,Non Bumi Lot,250000,Selangor,8,269.97840172786175
3.0,2.0,1200,"Parking, Security, Lift, Swimming Pool, Playground, Gymnasium, Sauna, Barbeque area, Minimart, Multipurpose hall, Club house, Jogging Track, Tennis Court, Squash Court",Putrajay,,Freehold,"Putrajaya, Putrajaya, Putrajaya",,,,Condominium,2,Medium,Non Bumi Lot,590000,Putrajaya,14,491.6666666666667
3.0,2.0,650,"Parking, Swimming Pool, Jogging Track, Sauna",Pangsapuri Segar Ria,,Freehold,"Off Jalan Manis, Taman Segar, Cheras, Kuala Lumpur",,16,,Apartment,,,Non Bumi Lot,130000,Kuala Lumpur,4,200.0
3.0,2.0,1365,,Metia Residence,Hua Yang Berhad,Leasehold,"Seksyen 13, Shah Alam, Selangor",,19,306,Service Residence,,,Bumi Lot,489999,Selangor,,358.97362637362636
3.0,2.0,1100,"Security, Playground, Swimming Pool, Gymnasium, Barbeque area, Parking, Sauna",Bam Villa,,Leasehold,"Jalan Pria, Taman Maluri, Cheras, Kuala Lumpur",1996.0,19,,Condominium,,,Non Bumi Lot,400000,Kuala Lumpur,7,363.6363636363636
3.0,2.0,900,"Parking, Swimming Pool, Tennis Court, Playground, Security",The Astaria,,Leasehold,"Jalan Kosas Utama 1, Ampang Indah, Ampang, Selangor",,12,,Apartment,,,Non Bumi Lot,300000,Selangor,5,333.3333333333333
3.0,3.0,840,"Parking, Playground",Pangsapuri Mewah Cheras,,Freehold,"Jalan Cuepacs 5, Taman Mewah Cheras, Batu 12, Cheras, Selangor",,5,180,Apartment,,,Non Bumi Lot,200000,Selangor,2,238.0952380952381
3.0,2.0,1299,"Playground, Security, Swimming Pool, Tennis Court, Parking",Greenpark,Maxrise (M),Freehold,"Jalan Awan Pintal, Old Klang Road, Kuala Lumpur",1999.0,16,320,Condominium,1,,Non Bumi Lot,400000,Kuala Lumpur,5,307.92917628945344
3.0,2.0,700,,Seksyen 2 Wangsa Maju Flat,,Leasehold,"Seksyen 2, Wangsa Maju, Wangsa Maju, Kuala Lumpur",,,,Flat,1,,Bumi Lot,190000,Kuala Lumpur,,271.42857142857144
3.0,2.0,700,"Minimart, Playground, Swimming Pool, Parking, Gymnasium, Security, Lift",Eastern Court,Tamarins Group Sdn Bhd,Freehold,"No. 22, Lorong Hijau 7,, Jelutong, Penang",1999.0,19,322,Apartment,1,Medium,Non Bumi Lot,380000,Penang,7,542.8571428571429
3.0,2.0,1175,"Security, Lift, Swimming Pool, Parking, Playground",Artis 3,Airmas Group,Freehold,"Jalan Tengku,, Jelutong, Penang",,,,Condominium,2,High,Non Bumi Lot,800000,Penang,5,680.8510638297872
3.0,2.0,1338,"Playground, Swimming Pool, Sauna, Security, Gymnasium, Parking, Lift",Sandilands @ Jelutong,BHL Group of Companies,Freehold,"Off Lebuhraya Tun Dr. Lim Chong Eu, Jelutong, Penang",2020.0,,803,Condominium,2,High,Non Bumi Lot,840000,Penang,7,627.8026905829596
3.0,2.0,700,"Playground, Gymnasium, Jogging Track, Barbeque area, Parking, Security, Lift",Taman Kheng Tian,Belleview Group,Freehold,"Jalan Van Praagh, Jelutong, Penang",2006.0,20,,Condominium,1,Low,Non Bumi Lot,388000,Penang,7,554.2857142857143
3.0,2.0,700,"Parking, Security, Multipurpose hall, Jogging Track, Barbeque area, Playground, Gymnasium, Lift",Harmony View,Belleview Group,Freehold,"Lintang Slim, Off Perak Road, Jelutong, Penang",2009.0,23,,Apartment,1,High,Non Bumi Lot,393000,Penang,8,561.4285714285714
3.0,2.0,650,"Parking, Jogging Track, Security, Playground, Minimart, Lift",Sri Wangsa 2,,Freehold,"76, Jalan Penawar 1, Off Lorong Perak, Jelutong, Penang",,,,Apartment,1,Low,Non Bumi Lot,313000,Penang,6,481.53846153846155
2.0,2.0,855,,Petaling Indah Condominiums,,Leasehold,"Jalan 1C/149, Bukit Sri Petaling, Sungai Besi, Sri Petaling, Kuala Lumpur",2005.0,9,672,Condominium,1,High,Non Bumi Lot,220000,Kuala Lumpur,,257.3099415204678
3.0,2.0,671,,Apartment Buginvilla,,Leasehold,"Jalan Bunga Raya 2, Rawang, Selangor",,,,Apartment,2,Medium,Non Bumi Lot,105000,Selangor,,156.4828614008942
3.0,2.0,700,,Desa Delima,,Leasehold,"Lorong Semarak Api Dua, Bandar Baru Farlim, Ayer Itam, Penang",1992.0,17,3,Apartment,1,High,Non Bumi Lot,265000,Penang,,378.57142857142856
3.0,2.0,700,,,,Leasehold,,,,,Apartment,2,Low,Non Bumi Lot,115000,,,164.28571428571428
4.0,2.0,1062,"Playground, Lift, Parking, Security, Minimart, Tennis Court, Multipurpose hall, Swimming Pool",Casa Subang,Casa Andaman Sdn Bhd,Freehold,"Jalan Subang 1, Subang Light Industrial Park, Subang Jaya, Selangor",2005.0,25,588,Service Residence,,,Non Bumi Lot,380000,Selangor,8,357.81544256120526
3.0,2.0,1068,"Squash Court, Parking, Playground, Minimart, Security, Swimming Pool, Gymnasium, Jogging Track, Sauna, Lift",M Condominium @ Larkin,MB Group,Leasehold,"Off Susur Larkin Perdana 2, Larkin,, Johor Bahru, Johor",2016.0,,944,Condominium,1,High,Non Bumi Lot,445000,Johor,10,416.6666666666667
4.0,3.0,1285,"Swimming Pool, Gymnasium, Tennis Court, Minimart, Lift, Squash Court, Sauna, Parking, Security, Playground",All Seasons Park,Belleview Group,Freehold,"Lebuhraya Thean Teik, Air Itam, Ayer Itam, Penang",2013.0,30,808,Condominium,1,High,Non Bumi Lot,600000,Penang,10,466.9260700389105
3.0,2.0,856,"Lift, Swimming Pool, Gymnasium, Security, Parking","Spring & Summer Tower, All Seasons Park",Belleview Group,Freehold,"Thean Teik Hwy, Ayer Itam, Penang",,,808,Condominium,1,Medium,Non Bumi Lot,460000,Penang,5,537.3831775700935
3.0,2.0,1091,"Lift, Minimart, Squash Court, Swimming Pool, Tennis Court, Sauna, Parking, Security, Playground, Gymnasium",All Seasons Park,Belleview Group,Freehold,"Lebuhraya Thean Teik, Air Itam, Ayer Itam, Penang",2013.0,30,808,Condominium,1,Medium,Non Bumi Lot,530000,Penang,10,485.7928505957837
3.0,2.0,700,"Playground, Gymnasium, Jogging Track, Multipurpose hall, Barbeque area, Parking, Security, Swimming Pool, Lift",Melody Homes,Belleview Group,Freehold,"Lebuhraya Thean Teik, Farlim,, Ayer Itam, Penang",2012.0,30,500,Apartment,1,Medium,Non Bumi Lot,350000,Penang,9,500.0
2.0,1.0,560,"Parking, Playground",Taman Molek,,Freehold,"Taman Molek, Johor Bahru, Johor",,,,Flat,2,High,Non Bumi Lot,99000,Johor,2,176.78571428571428
3.0,2.0,887,"Parking, Minimart, Playground, Swimming Pool, Gymnasium, Lift, Security, Tennis Court, Squash Court, Sauna",All Seasons Park,Belleview Group,Freehold,"Lebuhraya Thean Teik, Air Itam, Ayer Itam, Penang",2013.0,30,808,Condominium,1,High,Non Bumi Lot,500000,Penang,10,563.6978579481398
3.0,2.0,850,"Playground, Gymnasium, Squash Court, Jogging Track, Security, Swimming Pool, Parking, Barbeque area, Lift",Asia Heights,Asia Green Group,Freehold,"Lorong Semarak Api 3, Ayer Itam, Penang",2007.0,22,816,Condominium,2,Medium,Non Bumi Lot,430000,Penang,9,505.88235294117646
2.0,2.0,663,"Parking, Security, Lift, Swimming Pool, Playground, Multipurpose hall, Minimart, Barbeque area, Sauna, Gymnasium, Club house, Jogging Track, Tennis Court, Squash Court",Lake View Suites,,Freehold,"Jalan Austin Perdana 1, Taman Austin Perdana, Johor Bahru, Johor",,20,720,Apartment,1,Medium,Non Bumi Lot,249000,Johor,14,375.5656108597285
5.0,4.0,2337,"Minimart, Playground, Squash Court, Multipurpose hall, Club house, Swimming Pool, Tennis Court, Lift, Sauna, Barbeque area, Parking, Security, Gymnasium, Jogging Track",Boulevard Condominium (BLVD),Reka Indah Development Sdn Bhd,Freehold,"Lebuhraya Thean Teik, Ayer Itam, Penang",2011.0,38,420,Condominium,4,High,Non Bumi Lot,1150000,Penang,14,492.08386820710314
3.0,2.0,1473,"Parking, Security, Lift, Swimming Pool, Playground, Gymnasium, Sauna, Barbeque area, Minimart, Multipurpose hall, Jogging Track",Platinum Lake PV 20,Platinum Victory Group Sdn. Bhd.,Leasehold,"No. 5 Jalan Usahawan 2, Jalan Genting Kelang, Setapak, Kuala Lumpur",2014.0,25,800,Condominium,2,High,Bumi Lot,500000,Kuala Lumpur,11,339.44331296673454
3.0,2.0,870,"Minimart, Playground, Parking, Swimming Pool, Lift, Security",Vesta View Apartment @ Taman Putra Impian,Trans Loyal Development Sdn Bhd,Leasehold,"Jalan Putra Impian, Pangsapuri Putra, Kajang, Selangor",2019.0,20,1101,Apartment,1,,Bumi Lot,245000,Selangor,6,281.60919540229884
3.0,2.0,838,"Gymnasium, Squash Court, Jogging Track, Barbeque area, Parking, Security, Playground, Swimming Pool, Lift",Asia Heights,Asia Green Group,Freehold,"Lorong Semarak Api 3, Ayer Itam, Penang",2007.0,22,816,Condominium,1,,Non Bumi Lot,420000,Penang,9,501.19331742243435
3.0,2.0,840,"Parking, Security, Lift, Swimming Pool, Playground, Gymnasium, Sauna, Barbeque area, Club house, Multipurpose hall, Jogging Track",Henna Residence  @ The Quartz WM,,Freehold,"Jalan 34/26, Wangsa Maju, Kuala Lumpur",,,,Service Residence,2,Medium,Bumi Lot,600000,Kuala Lumpur,11,714.2857142857143
3.0,2.0,900,"Security, Playground, Swimming Pool, Parking",Vina Versatile Homes @ Cheras,Mitraland Cheras,Freehold,"Jalan Seri Taming, Taman Seri Taming, Cheras, Selangor",2016.0,43,474,Condominium,,,Non Bumi Lot,375000,Selangor,4,416.6666666666667
3.0,2.0,850,"Security, Parking, Swimming Pool, Playground, Barbeque area",Sri Intan (Bandar Seri Alam),S P Setia Berhad,Freehold,"Jalan Tasek, Bandar Seri Alam, Pasir Gudang, Johor",2014.0,4,348,Flat,1,Low,Non Bumi Lot,180000,Johor,5,211.76470588235293
3.0,2.0,850,"Swimming Pool, Security",Apartment Ria 1 @ Taman Megah Ria Masai,,Freehold,"Jalan Cenderai 17, Taman Megah Ria, Masai, Johor Bahru, Johor",,15,303,Apartment,1,Medium,Non Bumi Lot,225000,Johor,2,264.70588235294116
3.0,1.0,742,"Playground, Security, Parking, Lift",Nilam Apartment,,Freehold,"Jalan 18/38A, Off Jalan Segamat, Segambut, Kuala Lumpur",,11,,Apartment,1,Medium,Non Bumi Lot,295000,Kuala Lumpur,4,397.5741239892183
1.0,1.0,650,"Parking, Security, Lift, Swimming Pool, Playground, Gymnasium, Sauna, Barbeque area, Minimart, Multipurpose hall, Club house, Jogging Track, Tennis Court, Squash Court",USJ One (You One),PJD GROUP,Freehold,"Persiaran Mewah, USJ 1, Subang Jaya, Selangor",2016.0,35,457,Service Residence,1,Medium,Non Bumi Lot,420000,Selangor,14,646.1538461538462
3.0,2.0,1059,"Tennis Court, Parking, Jogging Track, Gymnasium, Squash Court, Barbeque area, Security, Playground, Swimming Pool, Lift",Cova Villa,Andaman Group,Leasehold,"Jalan Teknologi 2/1, Kota Damansara, Selangor",2009.0,23,346,Condominium,1,Low,Non Bumi Lot,415000,Selangor,10,391.87913125590177
3.0,2.0,893,"Multipurpose hall, Jogging Track, Parking, Barbeque area, Gymnasium, Security, Playground, Swimming Pool",Kiara Plaza,SYF Development,Freehold,"Jalan Semenyih, Semenyih, Selangor",2017.0,23,763,Service Residence,2,High,Non Bumi Lot,339000,Selangor,8,379.6192609182531
3.0,2.0,1238,"Parking, Security, Lift, Swimming Pool, Playground, Gymnasium, Sauna, Barbeque area, Minimart, Multipurpose hall, Club house, Jogging Track, Tennis Court, Squash Court",Amadesa,Salak Park Development,Leasehold,"Jalan 5/125, 57100 Desa Petaling, Desa Petaling, Kuala Lumpur",2007.0,18,715,Condominium,,,Non Bumi Lot,410000,Kuala Lumpur,14,331.1793214862682
3.0,2.0,650,"Swimming Pool, Parking",Desa Satu,,Freehold,"Persiaran Perdana, Taman Wangsa Permai, Kepong, Kuala Lumpur",,,,Apartment,,,Non Bumi Lot,140000,Kuala Lumpur,2,215.3846153846154
4.0,2.0,1334,"Parking, Security, Lift, Swimming Pool, Playground, Minimart, Gymnasium, Jogging Track",Capri Park Condominium,Tambun Indah Land Berhad,Freehold,"Jalan Heng Choon Thian, Butterworth, Penang",,15,,Condominium,,High,Non Bumi Lot,430000,Penang,8,322.33883058470764
5.0,3.0,1156,"Minimart, Swimming Pool, Jogging Track, Security, Parking",Desaminium Rimba,Desaminium Jaya Sdn Bhd,Freehold,"Jalan Rimba, Lestari Perdana, Taman Desaminium, Seri Kembangan, Selangor",2005.0,21,536,Condominium,1,High,Bumi Lot,315000,Selangor,5,272.49134948096884
3.0,2.0,1100,"Parking, Swimming Pool, Security, Playground, Gymnasium, Lift",Menara Megah,,Freehold,"Jalan Kolam Air, Jalan Ipoh, Kuala Lumpur",,17,,Condominium,1,Medium,Non Bumi Lot,310000,Kuala Lumpur,6,281.8181818181818
3.0,2.0,865,"Squash Court, Club house, Tennis Court, Jogging Track",Geo@Bukit Rimau,Knox Wawasan Development Sdn Bhd,Freehold,"Jln Sungai Burung AA32/AA, Shah Alam, Selangor",2020.0,,736,Service Residence,2,Medium,Non Bumi Lot,520000,Selangor,4,601.1560693641618
3.0,2.0,954,"Jogging Track, Swimming Pool, Gymnasium, Barbeque area",Jentayu Residensi @ Tampoi,,Freehold,"Jalan Tampoi, Johor Bahru, Johor",2013.0,,512,Service Residence,,Medium,Non Bumi Lot,360000,Johor,4,377.35849056603774
3.0,2.0,1250,,Vina Versatile Homes,Mitraland Group,Freehold,"Jalan Seri Taming, Taman Seri Taming,, Cheras, Kuala Lumpur",2016.0,,474,Condominium,,,Non Bumi Lot,390000,Kuala Lumpur,,312.0
3.0,2.0,950,"Parking, Security, Playground, Jogging Track",,,Freehold,,,,,Apartment,,,Non Bumi Lot,318000,,4,334.7368421052632
2.0,2.0,980,"Swimming Pool, Gymnasium, Jogging Track, Parking, Security",,,Freehold,,,,,Service Residence,,,Non Bumi Lot,700000,,5,714.2857142857143
3.0,2.0,1200,,,,Freehold,,,,,Condominium,,,Non Bumi Lot,350000,,,291.6666666666667
3.0,2.0,665,"Playground, Gymnasium, Jogging Track, Barbeque area, Multipurpose hall, Parking, Security, Lift",Harmony View,Belleview Group,Freehold,"Lintang Slim, Off Perak Road, Jelutong, Penang",2009.0,23,,Apartment,1,Medium,Non Bumi Lot,379888,Penang,8,571.2601503759398
3.0,2.0,850,"Playground, Jogging Track, Security, Minimart",Larkin Idaman Apartment,,Leasehold,"Off Jalan Dato Jaafar, Larkin Idaman, Johor Bahru, Johor",2009.0,13,,Apartment,,Low,Non Bumi Lot,228000,Johor,4,268.2352941176471
3.0,2.0,850,"Playground, Jogging Track, Security, Minimart",Larkin Idaman Apartment,,Leasehold,"Off Jalan Dato Jaafar, Larkin Idaman, Johor Bahru, Johor",2009.0,13,,Apartment,,Medium,Non Bumi Lot,238000,Johor,4,280.0
3.0,2.0,997,"Gymnasium, Security, Minimart, Multipurpose hall, Playground, Parking, Barbeque area, Sauna",Bukit Segambut,,Freehold,"Bukit Segambut, Segambut, Segambut, Kuala Lumpur",,,188,Condominium,,,Bumi Lot,358000,Kuala Lumpur,8,359.07723169508523
3.0,2.0,1378,"Parking, Swimming Pool, Security, Playground",The Chancellor Condominium,,Freehold,"Jalan Kosas 2, Ampang, Kuala Lumpur",2017.0,15,368,Condominium,,,Bumi Lot,393000,Kuala Lumpur,4,285.1959361393324
3.0,2.0,1141,"Tennis Court, Security, Swimming Pool, Barbeque area, Parking, Sauna, Club house, Gymnasium",Endah Regal,Soon Tiek Development & PJ Development,Leasehold,"Jalan 1/149E, Taman Sri Endah, Sri Petaling, Kuala Lumpur",1995.0,19,486,Condominium,,,Bumi Lot,320000,Kuala Lumpur,8,280.45574057844
3.0,2.0,1200,"Jogging Track, Barbeque area, Playground, Gymnasium, Sauna, Minimart, Swimming Pool, Parking, Security, Multipurpose hall",Diamond Regency,Renown Inspiration,Freehold,"No.18 Jalan 3/50, Off Jalan Gombak, Setapak, Kuala Lumpur",2007.0,20,196,Condominium,,,Bumi Lot,425000,Kuala Lumpur,10,354.1666666666667
2.0,2.0,972,"Playground, Gymnasium, Squash Court, Security",Idaman Residence,,Freehold,"Jalan Idaman 5/9, Iskandar Puteri, Johor",,,400,Apartment,,Medium,Non Bumi Lot,388000,Johor,4,399.1769547325103
2.0,1.0,551,"Parking, Playground, Minimart",Flat Taman Batu,,Leasehold,"Jalan 33/42 M, Kuala Lumpur, Jalan Kuching",,,,Flat,,High,Non Bumi Lot,220000,Jalan Kuching,3,399.2740471869329
2.0,1.0,550,Parking,Gombak Setia,,Freehold,"Gombak Setia, Gombak, Kuala Lumpur",,,,Apartment,,,Non Bumi Lot,178000,Kuala Lumpur,1,323.6363636363636
1.0,1.0,650,"Parking, Security, Lift, Swimming Pool, Playground, Gymnasium, Sauna, Barbeque area, Minimart, Multipurpose hall, Club house, Jogging Track, Tennis Court, Squash Court",USJ One @ Subang USJ (Residenz & SOHO),,Freehold,"Persiaran Subang Permai, Subang Jaya, Subang Jaya, Selangor",2016.0,19,457,Condominium,1,Medium,Non Bumi Lot,450000,Selangor,14,692.3076923076923
3.0,2.0,950,"Parking, Playground, Lift, Swimming Pool, Tennis Court, Squash Court, Jogging Track, Security, Minimart, Gymnasium, Sauna",Laman Seri Harmoni (LSH33),,Leasehold,"Jalan Pelangi 10, Taman Pelangi, Sentul, Kuala Lumpur",,,,Apartment,2,,Non Bumi Lot,450000,Kuala Lumpur,11,473.6842105263158
3.0,2.0,1159,"Lift, Parking, Security, Swimming Pool, Gymnasium, Playground, Barbeque area",Andari Townvilla,Dergahayu Sdn Bhd,Leasehold,"Jalan SH 2/1, Selayang Heights, Gombak, Selangor",2006.0,5,414,Apartment,1,,Non Bumi Lot,289000,Selangor,7,249.35289042277824
3.0,2.0,700,"Minimart, Swimming Pool, Gymnasium, Parking, Security, Lift",BL Garden,,Freehold,"Lebuhraya Thean Teik, Ayer Itam, Penang",,30,,Apartment,,,Non Bumi Lot,360000,Penang,6,514.2857142857143
3.0,2.0,853,Security,Apartmen Seroja (Bandar Baru Selayang),,Freehold,"Jalan 3/9, Off Persiaran 3, Bandar Baru Selayang, Ampang, Selangor",,5,,Apartment,1,,Non Bumi Lot,160000,Selangor,1,187.57327080890974
3.0,2.0,1110,"Club house, Parking, Sauna, Multipurpose hall, Playground, Swimming Pool, Barbeque area",The Amarene @ Ideal Vision Park,Ideal Property Group,Freehold,"Ideal @ The One, 71, Jalan Mahsuri,, Bayan Lepas, Penang",2021.0,,410,Condominium,2,Medium,Non Bumi Lot,448500,Penang,7,404.05405405405406
3.0,2.0,1045,"Parking, Security, Playground, Jogging Track",Apartment Ruby,,Leasehold,"Jalan Matahari U5/117, U5 Shah Alam, 40150 Shah Alam, Selangor, Selangor, Subang Bestari",,,,Apartment,1,High,Non Bumi Lot,228000,Subang Bestari,4,218.1818181818182
4.0,2.0,920,"Parking, Playground, Swimming Pool, Security, Lift",Villa Krystal,Orando Holdings Sdn Bhd,Freehold,"Jalan Silat Lincah, Bandar Selesa Jaya, Johor Bahru, Johor",2017.0,20,,Apartment,,Medium,Non Bumi Lot,228000,Johor,5,247.82608695652175
3.0,2.0,1144,"Parking, Swimming Pool, Jogging Track, Lift, Security, Playground, Club house, Gymnasium",Symphony Heights (Simfoni Heights),Daya Niaga,Leasehold,"Jalan Medan Selayang 2, Kawasan Industri Batu Cave, Batu Caves, Selangor",2011.0,29,1709,Condominium,1,Medium,Non Bumi Lot,379000,Selangor,8,331.2937062937063
2.0,1.0,600,Lift,Gat Lebuh Macallum,,Leasehold,"Gat Lebuh Macallum, Georgetown, Penang",,,,Apartment,,Medium,Non Bumi Lot,189000,Penang,1,315.0
3.0,2.0,1167,"Parking, Playground, Tennis Court, Barbeque area, Gymnasium, Minimart, Swimming Pool",Seri Puri,,Freehold,"Jalan Aman, Desa Aman Puri, Kepong, Kuala Lumpur",,17,,Condominium,1,,Non Bumi Lot,320000,Kuala Lumpur,7,274.20736932305056
3.0,2.0,1044,"Playground, Tennis Court, Gymnasium, Squash Court, Lift, Sauna, Parking, Security, Swimming Pool, Minimart, Barbeque area, Multipurpose hall, Jogging Track, Club house",d'Brightton,GSD Group,Leasehold,"Jalan Titiwangsa Tiara 3, Titiwangsa, Kuala Lumpur",2024.0,11,628,Condominium,2,Medium,Non Bumi Lot,570000,Kuala Lumpur,14,545.9770114942529
3.0,2.0,650,"Security, Lift",Idaman Seroja,Koperasi Tunas Muda,Leasehold,"Lintang Sungai Ara 9, Sungai Ara, Penang",,,,Apartment,,,Non Bumi Lot,210000,Penang,2,323.0769230769231
3.0,2.0,650,"Playground, Parking, Security, Minimart, Lift",Palm Court (Pangsapuri Nipah),,Leasehold,"Jalan Seri Tanjung Pinang, Tanjong Tokong, Penang",,,,Apartment,,,Non Bumi Lot,245000,Penang,5,376.9230769230769
3.0,2.0,1113,"Squash Court, Gymnasium, Security, Barbeque area, Swimming Pool, Parking, Lift",The Oasis,Arte Corp,Leasehold,"Off Jalan Yeap Choy Ee, Gelugor, Penang",2010.0,38,,Condominium,2,,Non Bumi Lot,610000,Penang,7,548.0682839173405
2.0,2.0,972,"Gymnasium, Security, Multipurpose hall, Playground, Swimming Pool",Idaman Residence @ Nusa Idaman,UEM Sunrise Berhad,Freehold,"Off Persiaran Indah Utama, Nusa Idaman, Nusajaya, Skudai, Johor",,,42,Apartment,,Medium,Non Bumi Lot,438000,Johor,5,450.61728395061726
3.0,2.0,820,"Security, Minimart, Parking, Playground, Barbeque area, Lift, Jogging Track",Sri Teratai Apartment,,Freehold,"Lebuhraya Bukit Jalil, Bandar Puchong Jaya, Puchong, Selangor",,14,,Apartment,1,Medium,Non Bumi Lot,260000,Selangor,7,317.0731707317073
3.0,2.0,1012,"Parking, Security, Swimming Pool, Playground, Barbeque area",Sri Tanjung (Puchong),,Freehold,"Jalan Bandar Puchong Jaya, Bandar Puchong Jaya, Puchong, Selangor",,5,,Apartment,1,Low,Non Bumi Lot,365000,Selangor,5,360.67193675889325
1.0,1.0,447,"Jogging Track, Barbeque area, Multipurpose hall, Playground, Security, Swimming Pool, Gymnasium",Ivory Residence,TLS Group,Freehold,"Jalan Mutiara 2, Mutiara Heights, Kajang, Selangor",2015.0,21,455,Condominium,,,Non Bumi Lot,198000,Selangor,7,442.9530201342282
3.0,2.0,1150,,Vista Bayu,,Freehold,"Taman Bayu Perdana, Selangor, Klang",,,,Apartment,,,Non Bumi Lot,299999,Klang,,260.8686956521739
3.0,2.0,852,"Security, Barbeque area, Playground, Parking",Sri Subang Apartment,,Leasehold,"Jalan PJS 10/24, Bandar Sri Subang, Petaling Jaya, Selangor",2015.0,5,,Apartment,,,Non Bumi Lot,180000,Selangor,4,211.26760563380282
3.0,2.0,815,,Pangsapuri Randa,,Freehold,"Jalan Anggerik Tania 31/112,Kota Kemuning, Sect 31, Shah Alam, Selangor",,5,,Apartment,,,Non Bumi Lot,245000,Selangor,,300.6134969325153
1.0,1.0,450,"Playground, Swimming Pool, Security, Gymnasium, Barbeque area, Sauna",Centrus SoHo 1 @ Cyberjaya,SETIA HARUMAN SDN BHD,Freehold,"Lingkaran Cyber Point Timur, Cyberjaya, Cyberjaya, Selangor",2015.0,24,400,Condominium,,,Non Bumi Lot,210000,Selangor,6,466.6666666666667
2.0,2.0,714,"Minimart, Gymnasium, Security, Parking, Jogging Track, Playground",Vista Alam Serviced Apartment,Tahap Warisan Sdn Bhd,Leasehold,"Off Persiaran Dato Menteri, Vista Alam, Seksyen 14, Shah Alam, Selangor",2014.0,16,512,Service Residence,,,Non Bumi Lot,330000,Selangor,6,462.1848739495798
3.0,2.0,967,"Parking, Security, Lift, Swimming Pool, Playground, Barbeque area, Minimart",Sri Cempaka Apartment,TLS Group,Freehold,"Jalan Sepakat Indah 2/1, Kajang, Selangor",,,,Apartment,1,Medium,Non Bumi Lot,263000,Selangor,7,271.9751809720786
3.0,2.0,1010,"Parking, Minimart, Playground, Swimming Pool, Gymnasium, Security, Barbeque area",Plaza Metro Prima,Magna Park Sdn Bhd,Leasehold,"Jalan Metro 1, Kepong, Kuala Lumpur",2007.0,,397,Apartment,,,Non Bumi Lot,330000,Kuala Lumpur,7,326.73267326732673
3.0,2.0,1001,"Parking, Security, Lift, Swimming Pool, Playground, Gymnasium, Barbeque area, Minimart, Multipurpose hall",Urban 360,Radiant Symphony Sdn Bhd,Leasehold,"Jalan Makmur Off Lebuh Utama Sri Gombak, Gombak, Selangor",2014.0,21,391,Service Residence,2,High,Non Bumi Lot,448000,Selangor,9,447.5524475524476
3.0,2.0,1345,"Playground, Jogging Track, Gymnasium, Security, Minimart, Squash Court, Parking, Sauna, Swimming Pool, Lift",Straits Garden Residence @ Jelutong,Tambun Indah Land Berhad,Freehold,"Jalan Jelutong, Jelutong, Penang",2016.0,17,91,Condominium,2,Medium,Non Bumi Lot,790000,Penang,10,587.360594795539
3.0,2.0,680,"Security, Playground, Gymnasium, Tennis Court, Parking, Minimart, Swimming Pool, Sauna, Lift",The Rise Collection 3,Zubicon Sdn. Bhd.,Freehold,"Jln Dr. Wu Lien Teh, Georgetown, Penang",2020.0,,,Apartment,1,High,Non Bumi Lot,345000,Penang,9,507.3529411764706
3.0,2.0,1012,"Jogging Track, Gymnasium, Playground, Barbeque area, Security, Swimming Pool, Parking, Lift",Summer Place,Jelutong Development Sdn. Bhd. (IJM Land),Leasehold,"Lebuh Sungai Pinang 8, Jelutong, Georgetown, Penang",2011.0,22,531,Condominium,2,High,Non Bumi Lot,675000,Penang,8,666.99604743083
4.0,3.0,1464,"Parking, Barbeque area, Security, Swimming Pool, Gymnasium, Jogging Track, Playground, Lift",Summer Place,Jelutong Development Sdn. Bhd. (IJM Land),Leasehold,"Lebuh Sungai Pinang 8, Jelutong, Georgetown, Penang",2011.0,22,531,Condominium,2,Low,Non Bumi Lot,930000,Penang,8,635.2459016393443
3.0,2.0,915,"Security, Barbeque area, Multipurpose hall, Playground, Swimming Pool, Parking, Lift, Gymnasium",Saujana Aster,Peremba Jaya Holdings Sdn Bhd,Freehold,"Jalan P11h/1, Precinct 11, Putrajaya, Putrajaya",,,226,Condominium,,High,Non Bumi Lot,380000,Putrajaya,8,415.30054644808746
3.0,2.0,750,"Security, Playground, Minimart",Seri Saujana Apartment,PLB Land Sdn Bhd,Leasehold,"Jalan SP 4/4, Bandar Saujana Putra, Jenjarom, Selangor",,,,Apartment,,Low,Bumi Lot,199990,Selangor,3,266.6533333333333
3.0,2.0,850,"Parking, Playground, Minimart, Jogging Track",Andorra Apartment,,Freehold,"Jalan Mulia 25/73, Taman Sri Muda, Shah Alam, Selangor",,5,,Apartment,,Medium,Bumi Lot,199900,Selangor,4,235.1764705882353
3.0,2.0,624,,Apartment Permata (Bandar Perda),,Freehold,"Jalan Perda Utama, Bandar Perda, Bukit Mertajam, Penang",,5,,Apartment,,Low,Non Bumi Lot,99000,Penang,,158.65384615384616
3.0,2.0,920,"Parking, Security, Gymnasium, Minimart, Playground, Swimming Pool, Barbeque area",Bayu Tasik 1,PPC Glomac Sdn. Bhd.,Leasehold,"Jalan Sri Permaisuri 5, Bandar Sri Permaisuri, Cheras, Kuala Lumpur",1999.0,15,690,Condominium,2,Medium,Non Bumi Lot,330000,Kuala Lumpur,7,358.69565217391306
2.0,2.0,581,"Parking, Lift, Playground, Multipurpose hall, Jogging Track, Minimart",Pangsapuri Pelangi,,Leasehold,"Lintang Macallum 2, Georgetown, Penang",,,,Apartment,,Medium,Non Bumi Lot,230000,Penang,6,395.8691910499139
3.0,2.0,750,"Parking, Security, Lift",Taman Lembah Hijau Block 5,,Freehold,"Jalan Gangsa, Greenlane, Georgetown, Penang",2000.0,12,,Apartment,1,Medium,Non Bumi Lot,338000,Penang,3,450.6666666666667
3.0,1.0,650,,Taman Kota Cheras,,Leasehold,"Taman Kota Cheras, Batu 9 Cheras, Cheras, Kuala Lumpur",,,,Apartment,,,Non Bumi Lot,145000,Kuala Lumpur,,223.07692307692307
3.0,2.0,790,,Apartment Seri Teluki,,Freehold,"Jln Bukit Sentosa 3a, Seksyen BS 3, Bukit Sentosa, Rawang, Selangor",2014.0,,,Apartment,,Medium,Non Bumi Lot,163000,Selangor,,206.32911392405063
3.0,2.0,890,,Kipark,KIP Group,Leasehold,"Jalan Titiwangsa 1, Taman Tampoi Indah, Johor Bahru, Johor",2008.0,16,196,Apartment,1,Medium,Non Bumi Lot,315000,Johor,,353.9325842696629
3.0,2.0,700,"Parking, Minimart, Security, Gymnasium, Lift, Playground",BL Garden,,Freehold,"Lebuhraya Thean Teik, Ayer Itam, Penang",,30,,Apartment,1,High,Non Bumi Lot,355000,Penang,6,507.14285714285717
4.0,2.0,1271,"Parking, Security, Playground, Lift, Swimming Pool",Skycube Residence,GSD Land (M) Sdn Bhd,Freehold,"Off Jalan Paya Terubong, Sungai Ara, Penang",2017.0,30,410,Condominium,2,High,Non Bumi Lot,698000,Penang,5,549.1738788355625
3.0,2.0,887,"Parking, Minimart, Playground, Swimming Pool, Gymnasium, Lift, Security, Tennis Court, Squash Court, Sauna",All Seasons Park,Belleview Group,Freehold,"Lebuhraya Thean Teik, Air Itam, Ayer Itam, Penang",2013.0,30,808,Condominium,1,Medium,Non Bumi Lot,510000,Penang,10,574.9718151071025
4.0,2.0,1066,"Security, Swimming Pool, Gymnasium, Parking, Lift, Playground",Paramount Utropolis,Paramount Property,Freehold,"Jalan Kontraktor U1/14, Hicom-Glenmarie Industrial Park, Shah Alam, Selangor",2020.0,12,136,Condominium,2,High,Non Bumi Lot,680000,Selangor,6,637.8986866791745
3.0,2.0,865,"Parking, Security, Swimming Pool, Playground, Gymnasium, Barbeque area, Jogging Track",Putra 1,UMLand,Freehold,"Bandar Seri Putra, Kajang, Selangor",,,,Apartment,,Medium,Non Bumi Lot,345000,Selangor,7,398.84393063583815
3.0,2.0,850,"Parking, Security, Lift, Playground, Swimming Pool, Minimart, Jogging Track",Indah Court Apartment (Bukit Indah),,Freehold,"Taman Bukit Indah 2, Bukit Indah, Johor Bahru, Johor",,15,,Apartment,,Medium,Non Bumi Lot,295000,Johor,7,347.05882352941177
2.0,3.0,1300,"Jogging Track, Sauna, Swimming Pool, Tennis Court, Squash Court, Playground, Parking, Gymnasium, Security",Waikiki Condominium,,Leasehold,"Jalan Tanjung Aru, Kota Kinabalu, Sabah",,,,Condominium,,Low,Non Bumi Lot,608000,Sabah,9,467.6923076923077
2.0,1.0,719,,MH Platinum Residency,Platinum Victory Group Sdn. Bhd.,Leasehold,"Jalan Gombak, Setapak, Kuala Lumpur",,,,Apartment,,,Non Bumi Lot,390000,Kuala Lumpur,,542.4200278164117
3.0,2.0,1135,Security,,,Leasehold,,,,,Condominium,2,,Non Bumi Lot,468000,,1,412.3348017621145
3.0,2.0,753,"Security, Lift, Parking, Playground, Minimart, Jogging Track",Simfoni @ Eco Majestic,,Freehold,"Jalan Eco Majestic 3A/5, Semenyih, Selangor",,,,Apartment,2,Low,Non Bumi Lot,168000,Selangor,6,223.10756972111554
3.0,2.0,1009,"Minimart, Playground, Security, Swimming Pool, Jogging Track, Multipurpose hall, Parking, Lift, Gymnasium, Sauna, Barbeque area",Maxim Citilights,Meridian Maxim Sdn Bhd,Leasehold,"Jalan Sentul Pasar, Sentul Pasar, Sentul, Kuala Lumpur",2017.0,36,1338,Service Residence,2,Medium,Non Bumi Lot,380000,Kuala Lumpur,11,376.6105054509415
4.0,2.0,1142,"Minimart, Playground, Sauna, Security, Gymnasium, Lift, Parking, Swimming Pool",Suasana Lumayan,Danau Lumayan Sdn Bhd,Leasehold,"Jalan Tasik Permaisuri 2, Bandar Tun Razak, Cheras, Kuala Lumpur",2015.0,24,900,Condominium,1,Medium,Bumi Lot,450000,Kuala Lumpur,8,394.045534150613
3.0,2.0,973,"Gymnasium, Security, Barbeque area, Playground, Swimming Pool, Lift, Parking, Jogging Track, Minimart",Scott Towers @ Larkin JB,Andaman Group,Leasehold,"Off Jalan Datin Halimah, Larkin, Johor Bahru, Johor",2015.0,,352,Condominium,,Medium,Non Bumi Lot,318000,Johor,9,326.8242548818088
3.0,2.0,700,"Parking, Playground",putra damai,,Freehold,"presint 11, Putrajaya, Putrajaya",,,,Apartment,,Medium,Non Bumi Lot,221000,Putrajaya,2,315.7142857142857
1.0,1.0,720,"Sauna, Minimart, Tennis Court, Parking, Swimming Pool, Gymnasium, Security",Mutiara Villa,,Freehold,"Jalan Tingkat Tong Shin, Bukit Bintang, Kuala Lumpur",,12,,Condominium,,,Non Bumi Lot,398000,Kuala Lumpur,7,552.7777777777778
3.0,2.0,870,"Security, Squash Court, Parking, Lift, Minimart, Gymnasium, Playground, Swimming Pool",Lakeview Apartments,,Leasehold,"Jalan Sungai Tua, Taman Jasa Pewira, Gombak, Selangor",,18,,Apartment,1,Medium,Bumi Lot,255000,Selangor,8,293.1034482758621
4.0,3.0,1281,"Gymnasium, Tennis Court, Jogging Track, Club house, Barbeque area, Sauna, Security, Playground, Parking, Lift",The Spring,IJM LAND BERHAD,Leasehold,"Lebuh Sungai Pinang 2, Jelutong, Penang",2017.0,22,396,Condominium,2,High,Non Bumi Lot,738000,Penang,10,576.1124121779859
3.0,2.0,1096,"Playground, Swimming Pool, Gymnasium, Multipurpose hall, Parking, Lift, Security",Seroja Hills,OIB Group,Leasehold,"Jalan Seroja 8, Sepang, Selangor",2019.0,19,256,Condominium,1,,Non Bumi Lot,389000,Selangor,7,354.9270072992701
3.0,2.0,750,,Mesra Prima @ Pandan Mesra,,Leasehold,"Off Pandan Mesra, Kampung Ampang Campuran, Ampang, Kuala Lumpur",,14,,Condominium,,,Non Bumi Lot,200000,Kuala Lumpur,,266.6666666666667
3.0,2.0,850,"Playground, Parking, Security, Swimming Pool",PangsaRia,Salak Park Development,Leasehold,"Jalan 1/125e, Desa Petaling, Kuala Lumpur",,9,,Apartment,,,Non Bumi Lot,205000,Kuala Lumpur,4,241.1764705882353
3.0,2.0,1050,"Tennis Court, Playground, Jogging Track, Security, Minimart, Swimming Pool, Gymnasium, Multipurpose hall",Panorama Residences (Sentul),ECS Mutiara Sdn Bhd,Freehold,"Jalan Bullion Mewah 9,Taman Bullion Mewah, Sentul, Kuala Lumpur",2014.0,17,435,Condominium,,,Non Bumi Lot,400000,Kuala Lumpur,8,380.95238095238096
3.0,2.0,750,"Security, Playground, Minimart",Rumah Pangsa Impian (Saujana Putra),,Leasehold,"Off Jalan Saujana Putra, Bandar Saujana Putra, Kuala Langat, Selangor",,5,,Flat,,Medium,Bumi Lot,185000,Selangor,3,246.66666666666666
3.0,2.0,1185,"Parking, Security",Embun Residence,,Freehold,"Jalan Puncak Saujana 4/1, Kajang, Selangor",,,,Apartment,2,,Non Bumi Lot,260000,Selangor,2,219.40928270042195
2.0,1.0,698,"Jogging Track, Playground, Parking, Multipurpose hall, Gymnasium",Kiara East - DEX Suites,Kiara East Property Sdn Bhd,Leasehold,"Jalan 3/18A Taman Mastiara, KL City, Kuala Lumpur",2016.0,,,Condominium,1,Medium,Non Bumi Lot,410000,Kuala Lumpur,5,587.3925501432665
3.0,2.0,1212,"Parking, Security",Green Suria Apartment,Suria Land Development Sdn Bhd,Freehold,"Jalan Suadmai 10/1, Off Taman Desa Baiduri, Cheras, Selangor",,,538,Apartment,,,Non Bumi Lot,330000,Selangor,2,272.2772277227723
3.0,2.0,800,"Playground, Barbeque area, Security, Parking",Sri Melor Apartment,,Leasehold,"Jalan UP 4/2, Ukay Perdana, Ampang, Selangor",,5,,Apartment,,,Bumi Lot,265000,Selangor,4,331.25
2.0,2.0,810,,Parc Regency Serviced Apartment,Malaysia Land Properties Sdn. Bhd.,Freehold,"Off Jalan Masai Baru, Plentong, Johor Bahru, Johor",2019.0,25,2003,Service Residence,,High,Non Bumi Lot,280000,Johor,,345.679012345679
3.0,2.0,1006,"Parking, Security, Lift, Swimming Pool, Playground, Gymnasium, Minimart, Multipurpose hall, Club house, Jogging Track",MJC Upper Sanctuary,,Leasehold,"Jalan Bandar Batu Kawa, Kuching, Sarawak",,,,Condominium,1,High,Non Bumi Lot,378000,Sarawak,10,375.7455268389662
3.0,2.0,1100,"Parking, Swimming Pool, Gymnasium, Security",Southbay Plaza @ Southbay City,Mah Sing Group Berhad,Freehold,"Southbay City, Jalan Permatang Damar Laut, Batu Maung, Bayan Lepas, Penang",2013.0,30,,Service Residence,2,Medium,Non Bumi Lot,448500,Penang,4,407.72727272727275
3.0,2.0,1206,"Parking, Security, Lift, Swimming Pool, Playground, Gymnasium, Barbeque area, Minimart, Multipurpose hall, Club house, Jogging Track",P' Residence Kuching,Tenaga Seri Wangsa (TSW Properties),Leasehold,"Jalan Datuk Stephen Yong, Kuching, Sarawak",,,,Condominium,1,High,Non Bumi Lot,450000,Sarawak,11,373.13432835820896
3.0,2.0,1259,"Parking, Security, Lift, Swimming Pool, Playground, Gymnasium, Multipurpose hall, Club house, Jogging Track",Doncaster,,Leasehold,"Jalan Hup Kee, Kuching, Sarawak",,,,Condominium,1,Medium,Non Bumi Lot,650000,Sarawak,9,516.2827640984908
4.0,2.0,1000,"Playground, Lift, Club house, Swimming Pool, Security, Barbeque area, Parking, Minimart, Multipurpose hall, Jogging Track, Gymnasium",M Astra @ Setapak,Mah Sing Group Berhad,Leasehold,"Jalan Usahawan, Setapak, Kuala Lumpur",2025.0,,1443,Service Residence,2,Medium,Non Bumi Lot,350000,Kuala Lumpur,11,350.0
3.0,2.0,1265,"Swimming Pool, Gymnasium, Playground, Parking, Security, Lift, Multipurpose hall, Barbeque area, Minimart",Berlian Residence @ Setapak,Platinum Victory Development Sdn Bhd,Freehold,"Jalan Semarak Api 4, Taman Tai Onn, Setapak, Kuala Lumpur",2020.0,32,228,Condominium,,Medium,Non Bumi Lot,528000,Kuala Lumpur,9,417.39130434782606
4.0,3.0,1050,"Parking, Security, Lift, Swimming Pool, Playground, Gymnasium, Barbeque area, Minimart, Multipurpose hall, Jogging Track, Tennis Court",MiNest Residence,Mi Nest Development Sdn Bhd,Freehold,"Jalan Sinar Sentul, Sentul, Kuala Lumpur",2023.0,44,684,Service Residence,2,High,Non Bumi Lot,550000,Kuala Lumpur,11,523.8095238095239
3.0,2.0,700,"Parking, Security",Desa Permata Pearl Block 9,,Freehold,"Lintang Paya Terubong 4, Ayer Itam, Penang",1995.0,12,240,Apartment,1,Low,Non Bumi Lot,280000,Penang,2,400.0
3.0,3.0,1200,"Parking, Security, Lift, Swimming Pool, Playground, Gymnasium, Barbeque area, Minimart, Multipurpose hall",Vista Harmoni,,Freehold,"Jalan Pelangi 2, Taman Pelangi, 51100 Kuala Lumpur, Kuala Lumpur, Sentul",,,,Condominium,2,Medium,Non Bumi Lot,530000,Sentul,9,441.6666666666667
3.0,2.0,1115,"Security, Swimming Pool, Barbeque area, Gymnasium, Squash Court, Lift, Parking",The Oasis,Arte Corp,Leasehold,"Off Jalan Yeap Choy Ee, Gelugor, Penang",2010.0,38,,Condominium,1,,Non Bumi Lot,495000,Penang,7,443.94618834080717
3.0,2.0,1116,"Security, Swimming Pool, Barbeque area, Gymnasium, Squash Court, Parking, Lift",The Oasis,Arte Corp,Leasehold,"Off Jalan Yeap Choy Ee, Gelugor, Penang",2010.0,38,,Condominium,2,,Non Bumi Lot,600000,Penang,7,537.6344086021505
3.0,2.0,1091,"Gymnasium, Parking, Swimming Pool, Sauna, Playground, Minimart, Security, Lift",Kinrara Mas Condominium,HR Utama Sdn Bhd,Freehold,"Jalan Kinrara 1 / Jalan Mas, Bukit Jalil, Kuala Lumpur",2010.0,18,569,Condominium,1,,Non Bumi Lot,350000,Kuala Lumpur,8,320.80659945004584
2.0,2.0,847,,YOU Vista @ YOU City Cheras,PJD Group,Freehold,"ou vista, Jalan Persiaran You City, Taman Suntex, Cheras, Selangor",2016.0,35,,Service Residence,,,Non Bumi Lot,440000,Selangor,,519.4805194805194
3.0,2.0,1100,"Parking, Security, Lift, Swimming Pool, Playground, Gymnasium, Sauna, Barbeque area, Multipurpose hall, Jogging Track, Club house","Lake Point Residence, Phase 3",YanJian Group,Freehold,"Persiaran Sepang, Cyberjaya, Selangor",2022.0,30,265,Condominium,2,Low,Bumi Lot,460000,Selangor,11,418.1818181818182
3.0,2.0,855,"Security, Squash Court, Lift, Sauna, Parking, Swimming Pool, Jogging Track, Minimart, Playground, Multipurpose hall","Selangorku PR1MA Lakefront Homes , Cyberjaya",,Freehold,"Persiaran Sepang, Cyber 11, Sepang, Selangor",,,,Apartment,2,High,Non Bumi Lot,313000,Selangor,10,366.08187134502924
3.0,2.0,800,,Desa Serdang,,Leasehold,"Jalan Desa Serdang, Seri Kembangan, Selangor",,,,Flat,1,Medium,Non Bumi Lot,108000,Selangor,,135.0
3.0,2.0,648,"Jogging Track, Security, Swimming Pool, Parking, Playground",Pangsapuri Lili,,Freehold,"Persiaran Puchong Permai, Taman Puchong Prima, Puchong, Selangor",,5,,Apartment,1,Low,Non Bumi Lot,145000,Selangor,5,223.76543209876544
3.0,2.0,911,"Gymnasium, Tennis Court, Sauna, Minimart, Swimming Pool, Parking, Playground, Squash Court, Security, Barbeque area",Setapak Ria Condominium,AM-EL Group,Freehold,"Jalan Mata Air 2, Taman Ayer Panas, Setapak, Kuala Lumpur",1994.0,24,576,Condominium,,,Non Bumi Lot,290000,Kuala Lumpur,10,318.3315038419319
1.0,1.0,450,,Solstice @ Pan'gaea,OSK Property Holdings Berhad,Freehold,"Persiaran Bestari, Cyber 11, Cyberjaya, Selangor",2016.0,40,946,Condominium,,,Non Bumi Lot,200000,Selangor,,444.44444444444446
1.0,1.0,500,"Minimart, Swimming Pool, Jogging Track, Parking, Playground, Security, Gymnasium",Mutiara Ville @ Cyberjaya,Seri Mutiara Development Sdn Bhd,Freehold,"Persiaran Sepang Off Persiaran Multimedia, Cyberjaya, Selangor",2013.0,29,372,Condominium,,,Non Bumi Lot,200000,Selangor,7,400.0
3.0,2.0,813,"Minimart, Parking, Security, Gymnasium, Swimming Pool",Serdang Skyvillas,Green Crescent Resources,Leasehold,"Jalan SP5/5, Off Persiaran Serdang Perdana, Taman Serdang Perdana, Seri Kembangan, Selangor",,21,,Apartment,,,Non Bumi Lot,160000,Selangor,5,196.8019680196802
1.0,1.0,450,,Studio Fourteen,First Avenue Partners (Asia) Sdn Bhd,Leasehold,"Seksyen 14, Shah Alam, Selangor",2012.0,,196,Condominium,,,Non Bumi Lot,240000,Selangor,,533.3333333333334
1.0,1.0,418,,Main Place Residence,Bina Puri Holdings Bhd,Freehold,"Off Lebuhraya Damansara Puchong, USJ, Selangor",2014.0,25,1211,Service Residence,,,Non Bumi Lot,270000,Selangor,,645.933014354067
1.0,1.0,454,"Club house, Security, Jogging Track, Barbeque area, Parking, Swimming Pool, Sauna, Gymnasium",Zeva @ Equine South,Trinity Group,Leasehold,"Off Persiaran Pinggiran Putra, Seri Kembangan, Selangor",,15,766,Service Residence,,,Non Bumi Lot,235000,Selangor,8,517.6211453744494
3.0,2.0,1000,"Parking, Security, Lift",The Stone (Ayer Itam),PLB Land Sdn Bhd,Freehold,"Jalan Bukit Kukus, Ayer Itam, Penang",,,1000,Service Residence,2,High,Non Bumi Lot,450000,Penang,3,450.0
3.0,2.0,1036,"Sauna, Playground, Gymnasium, Jogging Track, Security, Club house, Swimming Pool, Barbeque area, Multipurpose hall, Lift, Parking",Setia Sky Ville,Kay Pride Sdn Bhd (S P Setia Bhd Group),Freehold,"Lorong Slim, Jelutong, Penang",2021.0,33,550,Condominium,2,Medium,Non Bumi Lot,750000,Penang,11,723.9382239382239
3.0,2.0,850,"Gymnasium, Barbeque area, Parking, Security, Playground, Swimming Pool, Lift",Penhill Condominium,,Freehold,"No. 2, Taman Lintang, Ayer Itam, Penang",1998.0,13,140,Apartment,2,Medium,Non Bumi Lot,378000,Penang,7,444.70588235294116
3.0,2.0,1060,"Swimming Pool, Parking, Security, Lift",Menara Greenview,,Freehold,"No. 18, Halaman Tembaga, 11600 Greenlane, Penang, Jelutong, Penang",1996.0,25,237,Condominium,2,Medium,Non Bumi Lot,480000,Penang,4,452.8301886792453
3.0,2.0,887,"Parking, Minimart, Playground, Swimming Pool, Gymnasium, Lift, Security, Tennis Court, Squash Court, Sauna",All Seasons Park,Belleview Group,Freehold,"Lebuhraya Thean Teik, Air Itam, Ayer Itam, Penang",2013.0,30,808,Condominium,2,Medium,Non Bumi Lot,480000,Penang,10,541.1499436302142
3.0,2.0,700,"Parking, Lift, Playground",Pangsapuri Putra Damai,Putrajaya Homes Sdn Bhd,Freehold,"Off Jalan P11, Presint 11, Putrajaya, Putrajaya",,17,,Apartment,,Low,Bumi Lot,255000,Putrajaya,3,364.2857142857143
4.0,3.0,1646,"Sauna, Security, Gymnasium, Multipurpose hall, Playground, Swimming Pool, Barbeque area, Lift, Parking",Grace Residence,Nova Mulia Development Sdn Bhd,Freehold,"Jalan Jelutong, Off Tun Dr. Lim Chong Eu Hwy, Jelutong, Penang",2018.0,44,378,Condominium,2,Medium,Non Bumi Lot,835000,Penang,9,507.2904009720535
3.0,2.0,826,"Swimming Pool, Gymnasium, Parking, Security, Lift",Tunas Residensi,Koperasi Tunas Muda Sungai Ara Berhad,Freehold,"Jalan Tun Dr Awang, Relau, Penang",,,,Apartment,1,Low,Non Bumi Lot,390000,Penang,5,472.1549636803874
3.0,2.0,1219,"Playground, Jogging Track, Parking, Barbeque area, Sauna, Security, Swimming Pool, Gymnasium, Lift",Quay West Residence,Asia Green Group,Freehold,"No.120. Persiaran Bayan Indah, Relau, Penang",2021.0,24,1235,Condominium,2,High,Non Bumi Lot,815000,Penang,9,668.5808039376539
2.0,1.0,513,"Parking, Security, Lift",Farlim 4D Flat,,Leasehold,"Jalan Semarak Api, Bandar Baru Air Itam, Ayer Itam, Penang",,,,Flat,,Medium,Non Bumi Lot,170000,Penang,3,331.3840155945419
3.0,2.0,1036,"Jogging Track, Multipurpose hall, Club house, Barbeque area, Security, Swimming Pool, Gymnasium, Sauna, Playground, Lift, Parking",Setia Sky Ville,Kay Pride Sdn Bhd (S P Setia Bhd Group),Freehold,"Lorong Slim, Jelutong, Penang",2021.0,33,550,Condominium,2,High,Non Bumi Lot,780000,Penang,11,752.8957528957529
3.0,2.0,1254,"Security, Playground, Gymnasium, Swimming Pool, Barbeque area, Sauna, Multipurpose hall, Parking, Lift",Grace Residence,Nova Mulia Development Sdn Bhd,Freehold,"Jalan Jelutong, Off Tun Dr. Lim Chong Eu Hwy, Jelutong, Penang",2018.0,44,378,Condominium,2,Medium,Non Bumi Lot,825000,Penang,9,657.8947368421053
3.0,2.0,700,"Swimming Pool, Tennis Court, Squash Court, Playground, Security, Parking, Lift",Casa Impian,,Freehold,"No. 78, Jalan Ooi Thiam Siew, Jelutong, Penang",2006.0,18,182,Apartment,1,Medium,Non Bumi Lot,415000,Penang,7,592.8571428571429
3.0,2.0,800,"Playground, Tennis Court, Squash Court, Parking, Security, Swimming Pool, Lift",Casa Impian,,Freehold,"No. 78, Jalan Ooi Thiam Siew, Jelutong, Penang",2006.0,18,182,Apartment,1,Medium,Non Bumi Lot,420000,Penang,7,525.0
3.0,2.0,700,"Tennis Court, Security, Playground, Swimming Pool, Gymnasium, Parking, Lift",N-Park Condominium,,Freehold,"Jalan Batu Uban, Gelugor, Penang",1997.0,32,988,Condominium,2,Low,Non Bumi Lot,360000,Penang,7,514.2857142857143
3.0,2.0,650,"Minimart, Jogging Track, Parking, Playground, Security, Lift",Sri Wangsa 2,,Freehold,"76, Jalan Penawar 1, Off Lorong Perak, Jelutong, Penang",,,,Apartment,1,Low,Non Bumi Lot,310000,Penang,6,476.9230769230769
3.0,2.0,650,"Security, Parking",Pinang Court 2,IJM Corporation Berhad,Leasehold,"Lebuh Sungai Pinang 8, Georgetown, Jelutong, Penang",,,,Apartment,1,Medium,Non Bumi Lot,305000,Penang,2,469.2307692307692
3.0,2.0,650,"Lift, Playground, Minimart",Taman Desaria,,Leasehold,"Taman Desaria, Petaling Jaya, Selangor",,,,Flat,,Low,Bumi Lot,164000,Selangor,3,252.30769230769232
3.0,2.0,600,"Parking, Jogging Track, Minimart, Playground",Gugusan Tanjung,,Leasehold,"Jalan Cecawi, 47810 Kota Damansara, Petaling Jaya, Selangor",,,,Apartment,,High,Bumi Lot,165000,Selangor,4,275.0
3.0,2.0,1012,"Minimart, Sauna, Playground, Squash Court, Parking, Barbeque area, Security, Swimming Pool, Tennis Court",Brem Park 2,Bertam Development Sdn. Bhd,Freehold,"Jln Selesa 2, Taman Gembira, Pantai, Kuala Lumpur",1994.0,,437,Condominium,,,Non Bumi Lot,360000,Kuala Lumpur,9,355.7312252964427
3.0,2.0,1150,"Multipurpose hall, Parking, Jogging Track, Swimming Pool, Gymnasium, Barbeque area, Security",Ascenda Residences @ SkyArena Setapak,SkyWorld Development Sdn Bhd,Leasehold,"Jalan Air Jerneh, Off Jalan Genting Kelang, Setapak, Kuala Lumpur",2017.0,28,650,Condominium,,,Non Bumi Lot,440000,Kuala Lumpur,7,382.60869565217394
3.0,2.0,915,"Parking, Security, Lift, Swimming Pool, Playground, Gymnasium, Barbeque area, Minimart, Multipurpose hall, Club house",Banjaria Court,Perbadanan Kemajuan Negeri Selangor (PKNS),Leasehold,"Jalan Samudera Timur 1, Taman Samudra, Batu Caves, Selangor",2010.0,,704,Apartment,1,Medium,Non Bumi Lot,389000,Selangor,10,425.1366120218579
4.0,2.0,1143,"Playground, Security, Tennis Court, Parking, Lift, Swimming Pool, Barbeque area, Sauna, Gymnasium, Club house, Jogging Track, Minimart, Multipurpose hall",Park 51 Residency,Taipan Group of Companies,Leasehold,"Jalan 51A/241, Section 51A, Petaling Jaya, Selangor",2011.0,,664,Condominium,2,Low,Non Bumi Lot,488000,Selangor,13,426.94663167104113
3.0,2.0,990,"Minimart, Barbeque area, Sauna, Multipurpose hall, Security, Playground, Gymnasium, Club house, Parking, Swimming Pool",Zenith Residences,South Malaysia Industries (SMI),Leasehold,"SS7/26 Kelana Jaya, Petaling Jaya, Selangor",2013.0,21,358,Condominium,,,Non Bumi Lot,430000,Selangor,10,434.34343434343435
4.0,2.0,1467,"Barbeque area, Multipurpose hall, Security, Parking, Gymnasium, Swimming Pool",98 Nibong Residence,PLB Land Sdn Bhd,Freehold,"Persiaran Pantai Jerjak 1, Kampung Sungai Nibong, Bayan Lepas, Penang",2015.0,18,107,Condominium,2,Medium,Non Bumi Lot,850000,Penang,6,579.4137695978187
4.0,3.0,1500,,Pine Residence,Lone Pine Group,Freehold,"Jalan Bukit Kukus, Taman Terubong Indah, Paya Terubong, Penang",2015.0,,222,Condominium,2,Medium,Non Bumi Lot,630000,Penang,,420.0
3.0,2.0,1200,"Parking, Security, Playground, Lift, Swimming Pool",Skycube Residence,GSD Land (M) Sdn Bhd,Freehold,"Off Jalan Paya Terubong, Sungai Ara, Penang",2017.0,30,410,Condominium,2,High,Non Bumi Lot,630000,Penang,5,525.0
4.0,3.0,1646,"Multipurpose hall, Playground, Sauna, Swimming Pool, Gymnasium, Security, Barbeque area, Parking, Lift",Grace Residence,Nova Mulia Development Sdn Bhd,Freehold,"Jalan Jelutong, Off Tun Dr. Lim Chong Eu Hwy, Jelutong, Penang",2018.0,44,378,Condominium,2,High,Non Bumi Lot,1177000,Penang,9,715.0668286755772
3.0,1.0,630,,KL Ampang Shop Apartment,,Leasehold,"Jalan Bunga Cempaka, Kuala Lumpur, Ampang Hilir",,,,Apartment,,Medium,Non Bumi Lot,170000,Ampang Hilir,,269.8412698412698
3.0,2.0,1069,"Playground, Swimming Pool, Parking, Security, Club house, Gymnasium, Multipurpose hall, Lift",Alam Damai Condominium,Wah Mie Group,Leasehold,"Off Jalan Tuaran, Kota Kinabalu, Sabah",,16,,Condominium,,High,Non Bumi Lot,550000,Sabah,8,514.4995322731525
3.0,2.0,943,"Security, Playground, Parking, Swimming Pool, Sauna",Ixora Apartment (Kepong),,Leasehold,"Jalan Wangsa Permai Utama, Taman Wangsa Permai, Kepong, Kuala Lumpur",,8,,Apartment,,,Non Bumi Lot,218000,Kuala Lumpur,5,231.17709437963944
3.0,2.0,935,"Swimming Pool, Club house, Parking, Minimart, Playground, Barbeque area, Security, Lift",Villa Krystal,Orando Holdings Sdn Bhd,Freehold,"Jalan Silat Lincah, Bandar Selesa Jaya, Johor Bahru, Johor",2017.0,20,,Apartment,1,High,Bumi Lot,208000,Johor,8,222.45989304812835
3.0,2.0,1050,"Swimming Pool, Multipurpose hall, Security, Playground, Barbeque area",Saujana Aster,Peremba Jaya Holdings Sdn Bhd,Freehold,"Jalan P11h/1, Precinct 11, Putrajaya, Putrajaya",,,226,Condominium,1,Medium,Non Bumi Lot,430000,Putrajaya,5,409.5238095238095
1.0,1.0,1000,,flat mutiara,,Freehold,"Jalan Tembikai, Taman Mutiara, Penang, Bukit Mertajam",,,,Flat,,Medium,Non Bumi Lot,110000,Bukit Mertajam,,110.0
3.0,2.0,861,"Parking, Security, Jogging Track, Barbeque area, Playground",Keranji Apartment,,Freehold,"Jalan SS 19/3A, Subang Jaya, Selangor",,5,,Service Residence,1,Low,Non Bumi Lot,450000,Selangor,5,522.6480836236934
2.0,1.0,506,,pangsapuri merak kangkar pulai,,Leasehold,"BLOCK A3-XX-16, JALAN PULAI HARMONI 1, PANGSAPURI MERAK, BANDAR BARU KANGKAR PULAI, 81110 KANGKAR PULAI JOHOR, Johor Bahru, Johor",,,,Flat,,Medium,Non Bumi Lot,79000,Johor,,156.12648221343875
3.0,2.0,850,"Parking, Security, Swimming Pool, Playground",Apartment Ria 1 @ Taman Megah Ria Masai,,Freehold,"Jalan Cenderai 17, Taman Megah Ria, Masai, Johor Bahru, Johor",,15,303,Apartment,,High,Non Bumi Lot,218000,Johor,4,256.47058823529414
4.0,3.0,1513,"Parking, Barbeque area, Multipurpose hall, Swimming Pool, Security, Gymnasium, Jogging Track, Lift, Playground",The Rainz,Exsim Group,Freehold,"Off Jalan 3A/155, Bukit Jalil, Kuala Lumpur",2015.0,35,881,Condominium,2,Low,Non Bumi Lot,880000,Kuala Lumpur,9,581.6259087904825
3.0,3.0,1302,"Parking, Security, Lift, Swimming Pool, Playground, Gymnasium",BaysWater,IJM Land Berhad,Freehold,"2A - 2B, Lebuh Tunku Kudin 2, Gelugor, Penang",2007.0,,396,Condominium,2,High,Non Bumi Lot,920000,Penang,6,706.605222734255
3.0,2.0,838,,Menara Orkid,,Leasehold,"Jalan 3/48a, Bandar Baru Sentul, Sentul, Kuala Lumpur",,20,780,Apartment,,,Non Bumi Lot,278000,Kuala Lumpur,,331.74224343675417
3.0,2.0,700,"Parking, Security, Lift",Sri Ivory (Sri Ivori) Apartment,,Leasehold,"Solok Angsana, Bandar Baru Farlim, Ayer Itam, Penang",,25,,Apartment,1,,Non Bumi Lot,248000,Penang,3,354.2857142857143
4.0,3.0,2200,"Gymnasium, Parking, Security, Playground, Swimming Pool, Barbeque area, Lift",Paragon 3,Paragon Mastery Sdn Bhd,Leasehold,"Persiaran Lestari, Bandar Putra Permai, Seri Kembangan, Selangor",2016.0,20,456,Condominium,2,Low,Non Bumi Lot,598000,Selangor,7,271.8181818181818
4.0,3.0,1445,"Security, Playground, Gymnasium, Barbeque area, Multipurpose hall, Parking, Swimming Pool, Lift",Paragon 3,Paragon Mastery Sdn Bhd,Leasehold,"Persiaran Lestari, Bandar Putra Permai, Seri Kembangan, Selangor",2016.0,20,456,Condominium,,,Non Bumi Lot,480000,Selangor,8,332.1799307958477
3.0,2.0,1009,"Multipurpose hall, Jogging Track, Playground, Security, Minimart, Swimming Pool, Parking, Lift, Gymnasium, Sauna, Barbeque area",Maxim Citilights,Meridian Maxim Sdn Bhd,Leasehold,"Jalan Sentul Pasar, Sentul Pasar, Sentul, Kuala Lumpur",2017.0,36,1338,Service Residence,2,Low,Non Bumi Lot,355000,Kuala Lumpur,11,351.8334985133796
3.0,2.0,1009,"Minimart, Swimming Pool, Jogging Track, Security, Multipurpose hall, Playground, Parking, Lift, Gymnasium, Sauna, Barbeque area",Maxim Citilights,Meridian Maxim Sdn Bhd,Leasehold,"Jalan Sentul Pasar, Sentul Pasar, Sentul, Kuala Lumpur",2017.0,36,1338,Service Residence,2,Medium,Non Bumi Lot,350000,Kuala Lumpur,11,346.8780971258672
3.0,2.0,1004,"Barbeque area, Minimart, Swimming Pool, Security, Parking, Playground",Vista Mutiara,Aik Bee Timbers,Leasehold,"No.1, Jalan Vista Mutiara Off Jalan Kepong, Kepong, Kepong, Kuala Lumpur",2008.0,22,500,Condominium,1,High,Non Bumi Lot,365000,Kuala Lumpur,6,363.54581673306774
3.0,2.0,1260,"Minimart, Playground, Security, Swimming Pool, Jogging Track, Multipurpose hall, Parking, Lift, Gymnasium, Sauna, Barbeque area",Maxim Citilights,Meridian Maxim Sdn Bhd,Leasehold,"Jalan Sentul Pasar, Sentul Pasar, Sentul, Kuala Lumpur",2017.0,36,1338,Service Residence,2,High,Non Bumi Lot,528000,Kuala Lumpur,11,419.04761904761904
3.0,2.0,1009,"Multipurpose hall, Security, Minimart, Playground, Swimming Pool, Jogging Track, Parking, Lift, Gymnasium, Sauna, Barbeque area",Maxim Citilights,Meridian Maxim Sdn Bhd,Leasehold,"Jalan Sentul Pasar, Sentul Pasar, Sentul, Kuala Lumpur",2017.0,36,1338,Service Residence,2,Low,Non Bumi Lot,470000,Kuala Lumpur,11,465.80773042616454
3.0,2.0,750,,Vista Perdana (Kajang),,Freehold,"Jalan 3/16, Kajang, Selangor",,,,Apartment,,Medium,Bumi Lot,150000,Selangor,,200.0
4.0,2.0,965,,Ketumbar Heights,Mahajaya Berhad,Freehold,"Jalan 6/95B, Taman Cheras, Cheras, Kuala Lumpur",2010.0,14,336,Condominium,,,Non Bumi Lot,285000,Kuala Lumpur,,295.33678756476684
3.0,2.0,845,"Security, Playground, Parking, Minimart, Tennis Court, Jogging Track, Barbeque area, Swimming Pool, Gymnasium, Sauna",Idaman Sutera,Medan Idaman,Freehold,"No. 2, Jalan 13/21D, Medan Idaman, Setapak, Kuala Lumpur",2002.0,21,744,Condominium,,,Non Bumi Lot,240000,Kuala Lumpur,10,284.02366863905326
4.0,2.0,1389,"Security, Gymnasium, Parking, Minimart, Playground, Swimming Pool, Lift, Sauna, Barbeque area, Multipurpose hall, Jogging Track",Platinum Lake PV 12,Platinum Victory Development Sdn Bhd,Leasehold,"Jalan Langkawi, Danau Kota, Setapak, Kuala Lumpur",2008.0,22,800,Condominium,1,Medium,Bumi Lot,550000,Kuala Lumpur,11,395.9683225341973
3.0,2.0,1033,"Squash Court, Multipurpose hall, Parking, Security, Playground, Tennis Court, Jogging Track, Barbeque area, Club house, Swimming Pool, Lift",Tiara Duta,Arosa Development Sdn. Bhd,Leasehold,"Jalan Dagang 4, Taman Dagang Jaya, Ampang, Selangor",2007.0,4,,Condominium,1,Medium,Bumi Lot,429000,Selangor,11,415.29525653436593
3.0,2.0,1600,"Playground, Parking, Security, Swimming Pool, Lift, Gymnasium, Barbeque area, Jogging Track",Impiana on The Waterfront,,Freehold,"Jalan Ampang Ulu, Ampang, Kuala Lumpur",,12,150,Service Residence,1,Low,Non Bumi Lot,715000,Kuala Lumpur,8,446.875
3.0,2.0,1020,"Playground, Swimming Pool, Barbeque area, Parking, Security, Gymnasium",Fortuna Court,Sunrise Berhad,Freehold,"Jalan Awan Cina, Taman Yarl, Old Klang Road, Kuala Lumpur",1989.0,12,140,Condominium,,,Non Bumi Lot,350000,Kuala Lumpur,6,343.1372549019608
3.0,2.0,900,Swimming Pool,Bahagia Residences @ Desa Bahagia,Naim Holdings Berhad,Leasehold,"Off Jalan Pujut 7, Bandar Baru Permyjaya, Miri, Sarawak",,4,,Apartment,,Low,Non Bumi Lot,340000,Sarawak,1,377.77777777777777
3.0,2.0,790,,Apartment Seri Teluki,,Freehold,"Jln Bukit Sentosa 3a, Seksyen BS 3, Bukit Sentosa, Rawang, Selangor",2014.0,,,Apartment,,High,Non Bumi Lot,98000,Selangor,,124.0506329113924
3.0,2.0,950,"Jogging Track, Swimming Pool, Parking, Security, Lift, Playground, Gymnasium, Barbeque area, Minimart, Multipurpose hall",Symphony Heights (Simfoni Heights),Daya Niaga,Leasehold,"Jalan Medan Selayang 2, Kawasan Industri Batu Cave, Batu Caves, Selangor",2011.0,29,1709,Condominium,1,Medium,Bumi Lot,330000,Selangor,10,347.36842105263156
3.0,2.0,1050,,Desa View Towers Apartment,,Freehold,"Jalan Kolam Air, Setapak, Kuala Lumpur",1993.0,14,,Apartment,,,Non Bumi Lot,298000,Kuala Lumpur,,283.8095238095238
3.0,2.0,872,"Security, Playground, Parking, Gymnasium, Swimming Pool, Barbeque area, Lift",Ocean View (Bandar Sri Pinang),,Leasehold,"Lebuh Sungai Pinang 1, Jelutong, Penang",,11,,Apartment,1,Medium,Non Bumi Lot,480000,Penang,7,550.4587155963303
3.0,2.0,883,"Parking, Security, Swimming Pool, Gymnasium, Lift",The Clovers,Asia Green Group,Freehold,"Jalan Merbah Off Jalan Dato Ismail Hashim, Sungai Ara, Penang",2017.0,42,670,Condominium,2,High,Non Bumi Lot,495000,Penang,5,560.5889014722537
3.0,2.0,600,"Jogging Track, Parking, Security, Minimart, Lift",,,Leasehold,,,,,Apartment,,High,Non Bumi Lot,238000,,5,396.6666666666667
3.0,2.0,1100,"Swimming Pool, Parking, Security, Lift, Playground",,,Freehold,,,,,Condominium,1,Low,Non Bumi Lot,588000,,5,534.5454545454545
3.0,2.0,1012,"Playground, Multipurpose hall, Security, Swimming Pool, Gymnasium, Jogging Track, Lift, Sauna, Parking",Zenopy Residences,LBS Bina Group Berhad,Leasehold,"Persiaran Lestari Perdana, Seri Kembangan, Selangor",2021.0,32,398,Service Residence,,,Non Bumi Lot,410000,Selangor,9,405.1383399209486
3.0,2.0,700,"Security, Swimming Pool, Parking, Lift",Villa Condominium,,Freehold,"Lebuh Relau 2, Taman Relau,, Relau, Penang",1994.0,5,360,Condominium,1,Low,Non Bumi Lot,300000,Penang,4,428.57142857142856
3.0,2.0,1029,"Parking, Security, Lift, Playground",E Residence Telipok,,Leasehold,"Jakan 4 KKIP Timur, Kampung Giling, Sabah, Telipok",,,,Apartment,1,Medium,Bumi Lot,326500,Telipok,4,317.2983479105928
3.0,2.0,870,"Parking, Sauna, Security, Playground, Jogging Track, Swimming Pool, Gymnasium, Minimart, Lift",Ashton Tower,SCP Group,Leasehold,"Off Kolombong, Kota Kinabalu, Sabah",2016.0,29,391,Service Residence,2,High,Non Bumi Lot,450000,Sabah,9,517.2413793103449
3.0,2.0,1000,,The Stone (Ayer Itam),PLB Land Sdn Bhd,Freehold,"Jalan Bukit Kukus, Ayer Itam, Penang",,,1000,Condominium,2,,Non Bumi Lot,390000,Penang,,390.0
3.0,2.0,700,"Security, Playground, Minimart, Parking, Jogging Track",BJ Court Condominium,,Freehold,"Jalan Rumbia, Bayan Lepas, Penang",1998.0,35,,Condominium,1,High,Non Bumi Lot,245000,Penang,5,350.0
3.0,2.0,850,"Security, Jogging Track, Playground, Minimart",Pangsapuri Seri Meranti,,Freehold,"Jalan PH 4/1, Puchong, Selangor",,5,,Apartment,1,Medium,Non Bumi Lot,235000,Selangor,4,276.47058823529414
3.0,2.0,1010,"Barbeque area, Parking, Playground, Swimming Pool, Security",Sri Tanjung (Puchong),,Freehold,"Jalan Bandar Puchong Jaya, Bandar Puchong Jaya, Puchong, Selangor",,5,,Apartment,1,High,Non Bumi Lot,343999,Selangor,5,340.5930693069307
3.0,2.0,1160,"Barbeque area, Security, Playground, Gymnasium, Tennis Court, Swimming Pool, Squash Court, Parking, Lift",Titiwangsa Sentral,Monoland Corp Sdn Bhd,Freehold,"Titiwangsa Sentral, Titiwangsa, Kuala Lumpur",2011.0,38,,Condominium,1,,Non Bumi Lot,515000,Kuala Lumpur,9,443.9655172413793
3.0,2.0,1161,"Security, Parking, Swimming Pool, Playground, Gymnasium",Pelangi Heights,Brem Holding Berhad,Freehold,"Jalan Pelangi, Kampung Bukit Kuda, Klang, Selangor",2007.0,10,396,Condominium,1,Low,Non Bumi Lot,395000,Selangor,5,340.2239448751077
3.0,2.0,770,"Parking, Playground, Swimming Pool, Gymnasium, Security",Seasons Garden Residences @ Wangsa Maju,SCP Group,Leasehold,"Jalan 26/26, Taman Setapak Jaya, Wangsa Maju, Kuala Lumpur",2017.0,34,1502,Apartment,1,Low,Non Bumi Lot,399000,Kuala Lumpur,5,518.1818181818181
3.0,2.0,1463,"Swimming Pool, Gymnasium, Parking, Security, Playground, Minimart",Metropolitan Square,Saujana Triangle (a subsidiary of MK Land),Leasehold,"Jalan PJU 8/1, Damansara Perdana, Selangor",2013.0,,1929,Condominium,2,,Non Bumi Lot,580000,Selangor,6,396.44565960355436
4.0,3.0,1556,"Barbeque area, Playground, Parking",Putra Indah Apartment,,Leasehold,"Jalan PP 16, Taman Pinggiran Putra, Seri Kembangan, Selangor",,5,,Apartment,1,Low,Non Bumi Lot,440000,Selangor,3,282.7763496143959
3.0,2.0,936,"Squash Court, Jogging Track, Lift, Security, Gymnasium, Minimart, Multipurpose hall, Tennis Court, Barbeque area, Sauna, Club house, Playground, Swimming Pool, Parking",Nilam Puri Condominium,Bukit Hitam Development Sdn Bhd,Freehold,"Jalan Bukit Puchong, Bandar Bukit Puchong, Puchong, Selangor",2006.0,5,480,Condominium,1,Medium,Non Bumi Lot,293000,Selangor,14,313.03418803418805
3.0,2.0,850,"Parking, Security, Lift",Flora Damansara,MK Land Holdings,Leasehold,"Jalan PJU 8/9, Damansara Perdana, Selangor",2015.0,20,1440,Condominium,1,,Non Bumi Lot,230000,Selangor,3,270.5882352941176
3.0,2.0,960,"Parking, Security, Lift",Plaza Menjalara,UOA Group,Leasehold,"No. 1, Jalan Menjalara Idaman, Bandar Sri Menjalara, Bandar Menjalara, Kuala Lumpur",,13,234,Apartment,1,Low,Non Bumi Lot,440000,Kuala Lumpur,3,458.3333333333333
4.0,3.0,1500,"Swimming Pool, Gymnasium, Sauna, Playground, Lift, Security, Parking",Taragon Puteri Bintang,Bluestone Sdn Bhd,Freehold,"No. 136, Jalan Changkat Thambi Dollah, Pudu, Kuala Lumpur",2009.0,27,152,Service Residence,,Medium,Non Bumi Lot,1100000,Kuala Lumpur,7,733.3333333333334
3.0,2.0,850,"Parking, Security, Lift",Flora Damansara,MK Land Holdings,Leasehold,"Jalan PJU 8/9, Damansara Perdana, Selangor",2015.0,20,1440,Condominium,1,Medium,Bumi Lot,259000,Selangor,3,304.70588235294116
3.0,2.0,1100,"Security, Swimming Pool, Parking, Barbeque area, Playground, Lift, Gymnasium",One Sulaman,,Leasehold,"Jalan Sulaman, Kota Kinabalu, Sabah, Kota Kinabalu, Sabah",,,109,Condominium,1,,Non Bumi Lot,490000,Sabah,7,445.45454545454544
3.0,2.0,853,"Parking, Security, Playground",Casa Dahlia,Oriental Interest Bhd,Freehold,"Jalan Dahlia Perwira, Sepang, Selangor",2016.0,,,Apartment,1,Medium,Bumi Lot,300000,Selangor,3,351.69988276670574
3.0,2.0,860,,Ascotte Boulevard,Top Home Builder Development,Freehold,"Jalan Semenyih Off Bandar Rinching Seksyen 5 - Seksyen 6, Semenyih, Selangor",2017.0,15,720,Service Residence,2,,Non Bumi Lot,220000,Selangor,,255.8139534883721
3.0,2.0,838,"Parking, Swimming Pool, Squash Court, Jogging Track, Playground, Security, Barbeque area, Gymnasium, Lift",Asia Heights,Asia Green Group,Freehold,"Lorong Semarak Api 3, Ayer Itam, Penang",2007.0,22,816,Condominium,1,,Non Bumi Lot,400000,Penang,9,477.326968973747
3.0,2.0,1012,"Gymnasium, Jogging Track, Barbeque area, Sauna, Security, Swimming Pool, Minimart, Playground",Amara Service Residences,Jaya Megah Development Sdn Bhd,Freehold,"Jalan Raintree Utama, Batu Caves, Selangor",2014.0,23,744,Service Residence,,,Non Bumi Lot,278000,Selangor,8,274.70355731225294
4.0,3.0,1600,"Parking, Squash Court, Jogging Track, Barbeque area, Security, Playground, Swimming Pool, Gymnasium, Lift",Asia Heights,Asia Green Group,Freehold,"Lorong Semarak Api 3, Ayer Itam, Penang",2007.0,22,816,Condominium,2,,Non Bumi Lot,660000,Penang,9,412.5
3.0,3.0,830,"Swimming Pool, Security, Playground, Tennis Court, Minimart, Gymnasium, Squash Court, Parking",Abadi Indah,Abadi Man Nien Sdn Bhd,Leasehold,"Taman Abadi Indah, Taman Desa, Taman Desa, Kuala Lumpur",1994.0,10,,Condominium,,,Non Bumi Lot,245000,Kuala Lumpur,8,295.1807228915663
3.0,2.0,1105,"Parking, Swimming Pool, Security, Playground",Sri Mekar Apartment,,Freehold,"Jalan Tempua 3, Puchong, Selangor",,5,,Apartment,1,Medium,Non Bumi Lot,300000,Selangor,4,271.49321266968326
3.0,2.0,800,"Swimming Pool, Security, Parking, Minimart",Jay Series,,Freehold,"No. 7 & 8, Jalan Gangsa, Jelutong, Penang",1998.0,24,342,Condominium,1,Low,Non Bumi Lot,392000,Penang,4,490.0
3.0,2.0,1000,"Parking, Security, Lift, Swimming Pool, Playground, Barbeque area, Multipurpose hall, Sauna, Gymnasium, Club house, Jogging Track",The Peak Residences,Ivory Properties Group Sdn Bhd,Freehold,"Off Jalan Mount Erskine, Tanjong Tokong, Penang",2013.0,38,203,Condominium,2,Low,Non Bumi Lot,508000,Penang,11,508.0
3.0,2.0,850,"Parking, Jogging Track, Barbeque area, Playground, Swimming Pool, Security",Menara Kuda Lari,,Freehold,"Jalan Lahat, Georgetown, Penang",1999.0,13,209,Apartment,1,Medium,Non Bumi Lot,380000,Penang,6,447.05882352941177
3.0,2.0,1081,"Multipurpose hall, Minimart, Gymnasium, Sauna, Playground, Tennis Court, Club house, Parking, Security, Jogging Track, Swimming Pool",1 Sentul,Sentul Perdana Sdn. Bhd,Freehold,"Jalan Sentul Ria 1, Sentul, Sentul, Kuala Lumpur",2011.0,23,284,Condominium,,,Non Bumi Lot,435000,Kuala Lumpur,11,402.4051803885291
4.0,2.0,1396,"Jogging Track, Sauna, Multipurpose hall, Parking, Squash Court, Lift, Club house, Playground, Swimming Pool, Tennis Court, Security, Minimart, Barbeque area, Gymnasium",Mahkota Garden Residence Condominium,Cheras Hong Soon Development Sdn. Bhd.,Freehold,"Persiaran Mahkota Cheras 1, Bandar Mahkota Cheras, Selangor",,8,414,Condominium,2,Medium,Non Bumi Lot,500000,Selangor,14,358.1661891117478
2.0,2.0,680,"Security, Parking, Playground",,,Leasehold,,,,,Apartment,1,Low,Bumi Lot,180000,,3,264.70588235294116
3.0,2.0,925,,YOU Vista @ YOU City Cheras,PJD Group,Freehold,"ou vista, Jalan Persiaran You City, Taman Suntex, Cheras, Selangor",2016.0,35,,Service Residence,,,Non Bumi Lot,460000,Selangor,,497.2972972972973
3.0,2.0,1116,"Parking, Playground, Tennis Court, Barbeque area, Sauna, Security, Swimming Pool, Gymnasium, Lift, Minimart, Multipurpose hall, Club house",East Lake Residence,Hongkong Land,Leasehold,"Persiaran Serdang Perdana, Taman Serdang Perdana, Seksyen 3, Seri Kembangan, Selangor",,,634,Condominium,,Medium,Bumi Lot,470000,Selangor,12,421.14695340501794
3.0,2.0,650,,Taman Cahaya Kota Puteri,,Freehold,"Taman Cahaya Kota Puteri, Masai, Johor",,,,Apartment,,,Non Bumi Lot,135000,Johor,,207.69230769230768
3.0,2.0,798,"Parking, Minimart, Playground, Swimming Pool, Security, Gymnasium, Jogging Track",Avelon Tower,Sri Melinger,Freehold,"Jalan Medan Putra 6, Bandar Menjalara, Kepong, Kuala Lumpur",,22,500,Service Residence,,,Non Bumi Lot,260000,Kuala Lumpur,7,325.81453634085216
4.0,2.0,1283,"Security, Barbeque area, Gymnasium, Sauna, Multipurpose hall, Swimming Pool, Squash Court, Parking, Minimart, Playground",Kelana Parkview,Majlis Bandaraya Petaling Jaya,Freehold,"Jalan SS 6/2, SS 6, Kelana Jaya, Petaling Jaya, Selangor",1997.0,11,236,Condominium,,,Non Bumi Lot,470000,Selangor,10,366.32891660171475
4.0,2.0,1313,"Parking, Security, Swimming Pool, Minimart, Gymnasium, Playground, Squash Court",Platinum Hill PV 2,Platinum Victory Development Sdn Bhd,Freehold,"No. 2 Jalan Taman Melati 1, Taman Melati Utama, Setapak, Kuala Lumpur",2013.0,,700,Condominium,,,Non Bumi Lot,460000,Kuala Lumpur,7,350.34272658035036
3.0,2.0,1114,"Swimming Pool, Tennis Court, Barbeque area, Parking, Minimart, Playground, Security, Gymnasium, Sauna",Seri Hijauan,Tan & Tan Developments Berhad,Freehold,"Jalan Bukit Hijau 26/24, Section 26, Shah Alam, Selangor",2001.0,22,,Apartment,,,Non Bumi Lot,400000,Selangor,9,359.0664272890485
3.0,2.0,1045,"Jogging Track, Security, Barbeque area, Minimart, Playground, Parking",Sri Lavender Apartment,TLS Group,Freehold,"Jalan Sepakat Indah 2/1, Taman Sepakat Indah 2, Kajang, Selangor",2007.0,13,445,Apartment,,,Non Bumi Lot,235000,Selangor,6,224.8803827751196
3.0,2.0,1295,"Security, Playground, Barbeque area, Swimming Pool, Tennis Court, Parking, Minimart, Jogging Track",Sri Intan 2,H. S. Liao Sdn Bhd,Freehold,"No. 2 Jalan Terolak 6, Off Jalan Batu 5, Jalan Ipoh, Jalan Ipoh, Kuala Lumpur",,,,Condominium,,,Non Bumi Lot,330000,Kuala Lumpur,8,254.82625482625483
3.0,2.0,820,"Security, Parking, Minimart, Squash Court, Jogging Track, Sauna, Playground, Swimming Pool, Lift",Pangsapuri Beringin (Gombak Permai),,Leasehold,"Jalan GP 1, Off Lebuh Utama Sri Gombak, Taman Gombak Permai, Batu Caves, Selangor",,17,,Condominium,,,Bumi Lot,249999,Selangor,9,304.8768292682927
3.0,2.0,870,"Parking, Security, Playground",Dahlia Apartment (Sri Rampai),,Leasehold,"Jalan 58/26, Taman Sri Rampai, Setapak, Kuala Lumpur",,,,Apartment,,,Non Bumi Lot,290000,Kuala Lumpur,3,333.3333333333333
2.0,2.0,1012,"Jogging Track, Minimart, Parking, Security, Barbeque area, Playground",Anjung Hijau,BERJAYA GROUP,Freehold,"Jalan 1/155B, Bukit Jalil, Kuala Lumpur",,18,600,Condominium,1,,Non Bumi Lot,370000,Kuala Lumpur,6,365.6126482213439
2.0,1.0,650,"Parking, Security, Lift",Artis 3,Airmas Group,Freehold,"Jalan Tengku,, Jelutong, Penang",,,,Condominium,1,Medium,Non Bumi Lot,468000,Penang,3,720.0
3.0,3.0,1338,"Gymnasium, Sauna, Swimming Pool, Security, Playground, Parking, Lift",Sandilands @ Jelutong,BHL Group of Companies,Freehold,"Off Lebuhraya Tun Dr. Lim Chong Eu, Jelutong, Penang",2020.0,,803,Condominium,2,High,Non Bumi Lot,850000,Penang,7,635.2765321375186
4.0,3.0,1230,"Sauna, Club house, Security, Playground, Barbeque area, Parking, Gymnasium, Tennis Court, Jogging Track, Lift, Swimming Pool",The Spring,IJM LAND BERHAD,Leasehold,"Lebuh Sungai Pinang 2, Jelutong, Penang",2017.0,22,396,Condominium,2,Medium,Non Bumi Lot,780000,Penang,11,634.1463414634146
3.0,2.0,1270,"Security, Parking, Lift",Aspen Residences,Rimbaco Sdn Bhd,Freehold,"Jalan Perak, Jelutong,, Jelutong, Penang",,,,Condominium,2,Medium,Non Bumi Lot,730000,Penang,3,574.8031496062993
3.0,2.0,700,"Playground, Tennis Court, Squash Court, Parking, Security, Swimming Pool, Lift",Casa Impian,,Freehold,"No. 78, Jalan Ooi Thiam Siew, Jelutong, Penang",2006.0,18,182,Apartment,1,Medium,Non Bumi Lot,420000,Penang,7,600.0
3.0,2.0,700,"Security, Playground, Swimming Pool, Barbeque area, Parking, Gymnasium, Jogging Track, Minimart, Tennis Court, Lift",Sinar Bukit Dumbar,,Freehold,"98, Jalan Faraday, Bukit Dumbar,, Jelutong, Penang",1999.0,23,433,Apartment,1,Medium,Non Bumi Lot,360000,Penang,10,514.2857142857143
3.0,2.0,700,"Security, Parking, Lift",Damai Vista Apartment,OHM Group,Freehold,"Jalan Damai, Jelutong, Penang",,18,112,Apartment,1,Medium,Non Bumi Lot,412000,Penang,3,588.5714285714286
3.0,2.0,1153,"Parking, Jogging Track, Barbeque area, Sauna, Security, Lift, Swimming Pool, Playground, Gymnasium, Multipurpose hall, Minimart, Squash Court, Tennis Court",Koi Kinrara,Lingkaran Naga,Freehold,"Jalan Pipit, Puchong, Selangor",2012.0,,1000,Condominium,1,High,Non Bumi Lot,378000,Selangor,13,327.84041630529055
3.0,2.0,850,"Parking, Security, Swimming Pool, Playground, Lift, Gymnasium, Barbeque area, Minimart, Multipurpose hall, Jogging Track",Aliff Heights,,Freehold,"Jalan Indah, Tampo, Johor Bahru, Johor",2025.0,,,Apartment,3,Medium,Bumi Lot,277000,Johor,10,325.88235294117646
3.0,2.0,1010,,Parc Regency Serviced Apartment,Malaysia Land Properties Sdn. Bhd.,Freehold,"Off Jalan Masai Baru, Plentong, Johor Bahru, Johor",2019.0,25,2003,Service Residence,,,Non Bumi Lot,396000,Johor,,392.0792079207921
2.0,1.0,825,"Swimming Pool, Parking, Security, Lift, Playground, Gymnasium",The Garden Residences,Scientex (Skudai),Leasehold,"Jalan Persiaran Mutiara Mas, Skudai, Johor",2021.0,21,613,Condominium,2,Low,Non Bumi Lot,330000,Johor,6,400.0
3.0,2.0,1200,"Swimming Pool, Jogging Track, Security, Playground, Barbeque area, Multipurpose hall, Minimart, Gymnasium, Tennis Court, Parking, Lift","Kingsbury Tower, Royal Domain",Mayland Development Sdn Bhd,Freehold,"Jalan Putramas 1, Solaris Dutamas, Kuala Lumpur",2006.0,,1022,Condominium,,Medium,Non Bumi Lot,530000,Kuala Lumpur,11,441.6666666666667
3.0,2.0,833,"Lift, Security, Parking, Swimming Pool, Playground, Multipurpose hall, Minimart",Permai Puteri,Permai Syukur Sdn. Bhd.,Leasehold,"Jalan 13D, Taman Dato Ahmad Razali, Ampang, Selangor",2007.0,24,299,Apartment,1,High,Bumi Lot,255000,Selangor,7,306.1224489795918
3.0,2.0,870,"Playground, Gymnasium, Jogging Track, Minimart, Lift, Parking, Security, Swimming Pool, Multipurpose hall",Ashton Tower,SCP Group,Leasehold,"Off Kolombong, Kota Kinabalu, Sabah",2016.0,29,391,Service Residence,1,Medium,Non Bumi Lot,468000,Sabah,9,537.9310344827586
3.0,3.0,1039,"Parking, Security, Lift, Playground, Swimming Pool, Gymnasium, Sauna, Barbeque area, Multipurpose hall, Minimart, Club house, Jogging Track, Squash Court, Tennis Court",KSL Residences @ Daya,KSL Holdings Bhd,Freehold,"Jalan Daya, Johor Bahru, Johor",,,,Service Residence,1,High,Non Bumi Lot,428000,Johor,14,411.93455245428294
3.0,2.0,1010,"Multipurpose hall, Gymnasium, Tennis Court, Playground, Swimming Pool, Sauna, Security, Minimart, Jogging Track, Lift, Parking",Palazio,Malaysia Land Properties Sdn. Bhd.,Freehold,"Jalan Mutiara Emas 9/23, Taman Mount Austin, Johor Bahru, Johor",2013.0,,1160,Service Residence,1,Medium,Non Bumi Lot,395000,Johor,11,391.08910891089107
3.0,2.0,912,"Parking, Jogging Track, Swimming Pool, Playground, Gymnasium, Sauna, Barbeque area, Minimart, Multipurpose hall",Pangsapuri Sri Mas (Desa Tebrau),,Freehold,"Jalan Harmonium 14, Taman Desa Tebrau, Johor Bahru, Johor",,5,,Apartment,,Medium,Non Bumi Lot,200000,Johor,9,219.2982456140351
3.0,2.0,850,"Security, Swimming Pool, Parking, Playground, Multipurpose hall, Barbeque area, Minimart, Squash Court, Tennis Court, Jogging Track, Sauna, Gymnasium, Club house",Pangsapuri Sri Intan,,Freehold,"Pangsapuri Sri Intan, Jalan Tasek, Bandar Baru Seri Alam, 81750 Masai, Johor, Johor, Johor Bahru",,,,Flat,1,Low,Non Bumi Lot,180000,Johor Bahru,13,211.76470588235293
3.0,2.0,800,"Playground, Parking, Security, Lift",Sri Impian (Penang),,Leasehold,"Lengkok Angsana, Bandar Baru Farlim, Ayer Itam, Penang",2005.0,22,,Apartment,1,,Non Bumi Lot,280000,Penang,4,350.0
3.0,2.0,866,"Parking, Swimming Pool, Playground, Multipurpose hall",Beverly Hills 1,,Leasehold,"Jalan Bundusan, Kota Kinabalu, Sabah",,,,Apartment,1,High,Non Bumi Lot,280000,Sabah,4,323.3256351039261
3.0,2.0,1009,"Parking, Security, Gymnasium, Tennis Court, Minimart, Swimming Pool, Playground",Puri Aiyu,Crosshill Sdn Bhd,Freehold,"No. 50, Jalan Jubli Perak 22/1, Section 22, Shah Alam, Selangor",2006.0,15,464,Apartment,2,High,Non Bumi Lot,400000,Selangor,7,396.4321110009911
2.0,1.0,650,"Parking, Playground, Lift",Teratak Muhibbah,,Freehold,"Jalan Desa Bahagia, Taman Desa, Kuala Lumpur",1998.0,18,1064,Apartment,,High,Bumi Lot,230000,Kuala Lumpur,3,353.84615384615387
3.0,2.0,1040,,Taman Penampang Fasa 2S,,Freehold,"Blok D2, Taman Penampang Fasa 2S, Penampang, SABAH, Sabah, Penampang",,,,Apartment,,Medium,Bumi Lot,270000,Penampang,,259.61538461538464
3.0,2.0,1399,,Goodfields Residence,WHH Land,Freehold,"Jalan Bukit Minyak, Off Jalan Bukit Tengah, Bukit Minyak, Penang",,,,Condominium,2,High,Non Bumi Lot,465000,Penang,,332.38027162258754
3.0,2.0,1091,"Parking, Minimart, Playground, Swimming Pool, Gymnasium, Security, Sauna, Lift",Kinrara Mas Condominium,HR Utama Sdn Bhd,Freehold,"Jalan Kinrara 1 / Jalan Mas, Bukit Jalil, Kuala Lumpur",2010.0,18,569,Condominium,1,,Non Bumi Lot,350000,Kuala Lumpur,8,320.80659945004584
3.0,2.0,1010,"Parking, Swimming Pool, Lift, Playground, Multipurpose hall, Security, Minimart, Gymnasium",Selayang Point,Domain Point Sdn Bhd,Freehold,"Jalan SP1, Taman Selayang Jaya, Selayang, Selangor",2008.0,23,375,Condominium,1,Medium,Non Bumi Lot,380000,Selangor,8,376.23762376237624
1.0,1.0,484,"Parking, Security, Lift, Swimming Pool, Playground, Gymnasium, Sauna, Barbeque area, Minimart, Multipurpose hall, Club house, Jogging Track, Tennis Court, Squash Court",Palazio,Malaysia Land Properties Sdn. Bhd.,Freehold,"Jalan Mutiara Emas 9/23, Taman Mount Austin, Johor Bahru, Johor",2013.0,,1160,Service Residence,1,,Non Bumi Lot,218000,Johor,14,450.41322314049586
4.0,2.0,1680,Security,Tabuan Stutong Apartment,Usaha Cendara Sdn Bhd,Leasehold,"Stutong, Kuching, Kuching, Sarawak",,,,Apartment,,High,Non Bumi Lot,430000,Sarawak,1,255.95238095238096
3.0,2.0,1169,"Playground, Swimming Pool, Barbeque area, Security, Tennis Court, Sauna, Parking, Minimart, Gymnasium, Squash Court, Lift",Setapak Ria Condominium,AM-EL Group,Freehold,"Jalan Mata Air 2, Taman Ayer Panas, Setapak, Kuala Lumpur",1994.0,24,576,Condominium,1,High,Non Bumi Lot,335000,Kuala Lumpur,11,286.56971770744224
3.0,2.0,650,"Parking, Jogging Track, Security, Minimart, Playground, Lift",Sri Tanjung (USJ 16),,Freehold,"Jalan USJ 16/7, USJ 16, USJ, Selangor",2007.0,10,,Apartment,1,Medium,Non Bumi Lot,195000,Selangor,6,300.0
3.0,2.0,1231,"Parking, Security, Lift, Playground, Swimming Pool",Kinrara Mas Condominium,HR Utama Sdn Bhd,Freehold,"Jalan Kinrara 1 / Jalan Mas, Bukit Jalil, Kuala Lumpur",2010.0,18,569,Condominium,2,Medium,Non Bumi Lot,395000,Kuala Lumpur,5,320.8773354995938
3.0,2.0,947,"Security, Parking, Playground",Baiduri Apartment (Desa Pandan),,Leasehold,"Jalan 6/76D, Desa Pandan, Desa Pandan, Kuala Lumpur",,5,,Apartment,1,Low,Non Bumi Lot,390000,Kuala Lumpur,3,411.8268215417107
3.0,2.0,1001,"Parking, Security, Playground",D'shire Villa,,Leasehold,"Jalan Camar, Kota Damansara, Selangor",2005.0,4,,Apartment,1,Low,Bumi Lot,440000,Selangor,3,439.56043956043953
3.0,2.0,1100,"Barbeque area, Parking, Playground, Swimming Pool, Gymnasium, Security, Multipurpose hall, Jogging Track",Imperial Residences,Ideal Property Group,Freehold,"Lilitan Sungai Ara, Off Jalan Dato Ismail Hashim, Sungai Ara, Penang",2016.0,30,816,Condominium,4,,Non Bumi Lot,620000,Penang,8,563.6363636363636
3.0,2.0,1224,"Parking, Gymnasium, Security, Lift, Swimming Pool",Vista Komanwel A,,Freehold,"Jalan Barat, Bandar Bukit Jalil, Bukit Jalil, Kuala Lumpur",,18,,Condominium,1,,Non Bumi Lot,465000,Kuala Lumpur,5,379.9019607843137
3.0,2.0,700,,,,Leasehold,,,,,Apartment,,,Non Bumi Lot,75000,,,107.14285714285714
3.0,2.0,700,Parking,Taman Machang Bubok Flat,,Freehold,"20 & 34, Bandar Machang Bubok, Bukit Mertajam, Bukit Mertajam, Penang",,,,Flat,,Low,Non Bumi Lot,150000,Penang,1,214.28571428571428
3.0,2.0,1037,"Security, Barbeque area, Multipurpose hall, Swimming Pool, Parking, Playground, Gymnasium, Jogging Track",Fortune Perdana Lakeside,Asian Pac Holdings Berhad,Leasehold,"Jalan Metro Perdana 1, Kepong, Kuala Lumpur",2016.0,25,576,Service Residence,2,Medium,Non Bumi Lot,499000,Kuala Lumpur,8,481.1957569913211
3.0,2.0,1050,"Playground, Security, Swimming Pool, Parking, Lift",Leader Garden,,Freehold,"No 1, Jalan Chee Seng 13, Tanjung Bungah, Penang",1998.0,,428,Condominium,1,Medium,Non Bumi Lot,510000,Penang,5,485.7142857142857
3.0,2.0,700,"Security, Parking, Lift",Shineville Garden,Zantalite Enterprise (M) Sdn Bhd,Freehold,"Thean Teik Hwy, Ayer Itam, Penang",,24,234,Apartment,1,Medium,Non Bumi Lot,310000,Penang,3,442.85714285714283
3.0,2.0,1230,"Parking, Security, Lift, Swimming Pool, Playground, Gymnasium",Platinum III @ Teluk Kumbar Heights,TPPT Sdn. Bhd.,Freehold,"Off Jalan Bayan Lepas, Teluk Kumbar, Teluk Kumbar, Penang",2017.0,27,357,Condominium,2,High,Non Bumi Lot,560000,Penang,6,455.2845528455285
4.0,2.0,1650,"Parking, Security, Lift, Swimming Pool, Playground",Shineville Park,Zantalite Enterprise (M) Sdn Bhd,Freehold,"Off Jalan Taman Thean Teik 2, Ayer Itam, Penang",,24,234,Condominium,2,High,Non Bumi Lot,530000,Penang,5,321.2121212121212
3.0,2.0,1050,"Playground, Security, Swimming Pool, Parking, Lift",Leader Garden,,Freehold,"No 1, Jalan Chee Seng 13, Tanjung Bungah, Penang",1998.0,,428,Condominium,,Low,Non Bumi Lot,450000,Penang,5,428.57142857142856
3.0,2.0,700,"Security, Parking, Lift",Shineville Garden,Zantalite Enterprise (M) Sdn Bhd,Freehold,"Thean Teik Hwy, Ayer Itam, Penang",,24,234,Apartment,1,High,Non Bumi Lot,318000,Penang,3,454.2857142857143
3.0,3.0,1222,"Parking, Security, Swimming Pool, Gymnasium, Lift",,,Freehold,,,,,Condominium,2,High,Non Bumi Lot,610000,,5,499.18166939443535
3.0,2.0,700,"Security, Parking, Playground, Lift",Sri Impian (Penang),,Leasehold,"Lengkok Angsana, Bandar Baru Farlim, Ayer Itam, Penang",2005.0,22,,Apartment,1,Medium,Non Bumi Lot,280000,Penang,4,400.0
3.0,2.0,856,"Sauna, Lift, Security, Playground, Tennis Court, Swimming Pool, Gymnasium, Squash Court, Parking, Minimart",All Seasons Park,Belleview Group,Freehold,"Lebuhraya Thean Teik, Air Itam, Ayer Itam, Penang",2013.0,30,808,Condominium,1,High,Non Bumi Lot,520000,Penang,10,607.4766355140187
3.0,3.0,1288,"Parking, Minimart, Playground, Swimming Pool, Gymnasium, Lift, Security, Tennis Court, Squash Court, Sauna",All Seasons Park,Belleview Group,Freehold,"Lebuhraya Thean Teik, Air Itam, Ayer Itam, Penang",2013.0,30,808,Condominium,1,High,Non Bumi Lot,700000,Penang,10,543.4782608695652
4.0,2.0,1650,"Parking, Lift, Security, Swimming Pool, Playground",,,Freehold,,,,,Condominium,1,Medium,Non Bumi Lot,550000,,5,333.3333333333333
3.0,2.0,1100,"Gymnasium, Squash Court, Playground, Security, Club house, Lift, Sauna, Parking, Minimart, Jogging Track, Barbeque area, Multipurpose hall, Swimming Pool, Tennis Court",,,Leasehold,,,,,Condominium,2,High,Non Bumi Lot,480000,,14,436.3636363636364
4.0,3.0,1504,"Parking, Security, Lift, Swimming Pool, Playground",,,Freehold,,,,,Condominium,2,Low,Non Bumi Lot,660000,,5,438.82978723404256
3.0,2.0,700,"Parking, Minimart, Security, Lift, Swimming Pool, Playground",Marina Tower Relau,,Freehold,"Lebuh Relau 1, Bayan Lepas, Penang",1994.0,18,136,Condominium,1,Medium,Non Bumi Lot,330000,Penang,6,471.42857142857144
4.0,2.0,1650,"Parking, Lift, Security, Swimming Pool, Playground",,,Freehold,,,,,Condominium,2,High,Non Bumi Lot,535000,,5,324.24242424242425
3.0,2.0,1150,"Swimming Pool, Security, Parking, Lift",,,Freehold,,,,,Condominium,1,Medium,Non Bumi Lot,600000,,4,521.7391304347826
3.0,2.0,1173,"Lift, Sauna, Multipurpose hall, Minimart, Swimming Pool, Gymnasium, Squash Court, Jogging Track, Playground, Tennis Court, Parking, Security, Barbeque area, Club house",,,Freehold,,,,,Condominium,2,High,Non Bumi Lot,620000,,14,528.5592497868713
3.0,2.0,710,Security,Hillside Garden,,Freehold,"No. 51, Jalan Loh Poh Heng, Tanjong Bungah,, Tanjung Bungah, Penang",,,,Condominium,1,,Non Bumi Lot,408000,Penang,1,574.6478873239437
4.0,2.0,1650,"Parking, Lift, Security, Swimming Pool, Playground",,,Freehold,,,,,Condominium,2,High,Non Bumi Lot,600000,,5,363.6363636363636
3.0,2.0,1315,"Swimming Pool, Gymnasium, Security, Playground, Jogging Track, Barbeque area, Parking, Lift",The Golden Triangle,GSV Development Sdn Bhd,Freehold,"Jalan Paya Terubong, Off Jalan Dato Ismail Hashim, Relau, Penang",2021.0,,406,Condominium,2,High,Non Bumi Lot,600000,Penang,8,456.27376425855516
5.0,4.0,2400,"Playground, Tennis Court, Security, Minimart, Parking, Swimming Pool, Gymnasium, Squash Court, Lift, Sauna",,,Freehold,,,,,Condominium,3,High,Non Bumi Lot,1100000,,10,458.3333333333333
3.0,2.0,887,"Parking, Minimart, Playground, Swimming Pool, Gymnasium, Lift, Security, Tennis Court, Squash Court, Sauna",All Seasons Park,Belleview Group,Freehold,"Lebuhraya Thean Teik, Air Itam, Ayer Itam, Penang",2013.0,30,808,Condominium,1,Medium,Non Bumi Lot,450000,Penang,10,507.3280721533258
3.0,2.0,887,"Parking, Minimart, Playground, Swimming Pool, Gymnasium, Lift, Security, Tennis Court, Squash Court, Sauna",All Seasons Park,Belleview Group,Freehold,"Lebuhraya Thean Teik, Air Itam, Ayer Itam, Penang",2013.0,30,808,Condominium,2,High,Non Bumi Lot,495000,Penang,10,558.0608793686584
5.0,4.0,1384,"Parking, Minimart, Playground, Swimming Pool, Sauna, Lift, Security, Gymnasium, Tennis Court, Squash Court",,,Freehold,,,,,Condominium,2,High,Non Bumi Lot,780000,,10,563.5838150289018
4.0,4.0,2304,"Swimming Pool, Gymnasium, Tennis Court, Minimart, Lift, Squash Court, Sauna, Parking, Security, Playground",,,Freehold,,,,,Condominium,2,High,Non Bumi Lot,1258000,,10,546.0069444444445
3.0,2.0,850,"Playground, Gymnasium, Squash Court, Jogging Track, Security, Swimming Pool, Parking, Barbeque area, Lift",Asia Heights,Asia Green Group,Freehold,"Lorong Semarak Api 3, Ayer Itam, Penang",2007.0,22,816,Condominium,1,Medium,Non Bumi Lot,388000,Penang,9,456.47058823529414
3.0,2.0,1300,"Security, Playground, Swimming Pool, Parking, Lift, Barbeque area, Gymnasium, Multipurpose hall, Jogging Track, Club house, Minimart, Tennis Court",The Chancellor,,Leasehold,"Jalan Kosas 2, Taman Kosas, Ampang, Selangor",2017.0,15,368,Condominium,1,Medium,Bumi Lot,395000,Selangor,12,303.84615384615387
4.0,2.0,1292,"Swimming Pool, Multipurpose hall, Parking, Jogging Track, Security, Playground, Barbeque area, Gymnasium",Fortune Perdana Lakeside,Asian Pac Holdings Berhad,Leasehold,"Jalan Metro Perdana 1, Kepong, Kuala Lumpur",2016.0,25,576,Service Residence,3,Medium,Non Bumi Lot,598000,Kuala Lumpur,8,462.8482972136223
3.0,2.0,1010,"Security, Playground, Parking, Minimart, Swimming Pool, Barbeque area, Gymnasium",Plaza Metro Prima,Magna Park Sdn Bhd,Leasehold,"Jalan Metro 1, Kepong, Kuala Lumpur",2007.0,,397,Apartment,1,Medium,Non Bumi Lot,399999,Kuala Lumpur,7,396.0386138613861
3.0,2.0,1049,"Security, Parking, Lift, Playground, Multipurpose hall, Minimart, Barbeque area, Jogging Track",Sri Pinang Villa,,Leasehold,"Jln D, Off Jln Cempaka, Ampang, Selangor",2007.0,12,196,Apartment,1,,Bumi Lot,380000,Selangor,8,362.24976167778834
2.0,1.0,592,"Parking, Security, Playground",Rampai Court,,Freehold,"Jalan 42/26, Wangsa Maju, Kuala Lumpur",,4,192,Apartment,,Low,Bumi Lot,260000,Kuala Lumpur,3,439.18918918918916
2.0,2.0,853,"Parking, Security, Lift, Swimming Pool, Playground, Gymnasium, Sauna, Barbeque area, Minimart, Multipurpose hall, Club house, Jogging Track, Tennis Court, Squash Court",Seasons Amara Larkin,,Leasehold,"Jalan Tun Abdul Razak, Johor Bahru, Johor",,,,Service Residence,1,,Non Bumi Lot,345000,Johor,14,404.4548651817116
3.0,2.0,712,"Minimart, Swimming Pool, Jogging Track, Security, Playground, Parking",Suria Kinrara,IJM LAND BERHAD,Leasehold,"Persiaran Kinrara, Bandar Kinrara, Bandar Kinrara, Selangor",2010.0,,,Service Residence,1,High,Non Bumi Lot,229000,Selangor,6,321.6292134831461
3.0,2.0,1180,"Swimming Pool, Jogging Track, Security, Playground, Barbeque area, Parking, Gymnasium, Sauna",Larkin Residence Phase 2,,Leasehold,"LARKIN RESIDENCE 2, Johor Bahru, Johor",2021.0,5,320,Apartment,1,Low,Bumi Lot,378250,Johor,8,320.5508474576271
4.0,2.0,1250,"Playground, Barbeque area, Sauna, Parking, Jogging Track, Swimming Pool, Security, Lift",Skyview Residence,Gema Intan Sdn. Bhd.,Freehold,"Lintang Penawar 3 Off Jalan Perak, Jelutong, Penang",2016.0,,252,Condominium,2,High,Non Bumi Lot,735000,Penang,8,588.0
3.0,2.0,1010,"Parking, Swimming Pool, Lift, Playground, Multipurpose hall, Security, Minimart, Gymnasium",Selayang Point,Domain Point Sdn Bhd,Freehold,"Jalan SP1, Taman Selayang Jaya, Selayang, Selangor",2008.0,23,375,Condominium,1,Medium,Non Bumi Lot,350000,Selangor,8,346.53465346534654
3.0,2.0,700,"Gymnasium, Parking, Swimming Pool, Multipurpose hall, Jogging Track, Security, Playground, Barbeque area, Lift",Melody Homes,Belleview Group,Freehold,"Lebuhraya Thean Teik, Farlim,, Ayer Itam, Penang",2012.0,30,500,Apartment,1,,Non Bumi Lot,385000,Penang,9,550.0
4.0,3.0,2071,"Playground, Sauna, Swimming Pool",Zan Pavillion,Zantalite Enterprise (M) Sdn Bhd,Freehold,"Lintang Sungai Ara 6, Sungai Ara, Penang",,23,132,Condominium,2,Medium,Non Bumi Lot,798000,Penang,3,385.3211009174312
3.0,2.0,1275,"Parking, Security, Lift, Swimming Pool, Playground, Gymnasium, Sauna, Jogging Track, Multipurpose hall",Skycube Residence,GSD Land (M) Sdn Bhd,Freehold,"Off Jalan Paya Terubong, Sungai Ara, Penang",2017.0,30,410,Condominium,2,Medium,Non Bumi Lot,665000,Penang,9,521.5686274509804
3.0,2.0,807,,Taman Medan Penaga,,Freehold,"82, Lebuhraya Batu Lanchang, Georgetown, Penang",,8,95,Condominium,1,Medium,Non Bumi Lot,399000,Penang,,494.42379182156134
3.0,2.0,1020,,Fortune Court (Ayer Itam),,Leasehold,"Block 288, Jalan Thean Teik, Ayer Itam, Penang",1998.0,5,189,Condominium,1,Low,Non Bumi Lot,399000,Penang,,391.1764705882353
3.0,2.0,626,"Parking, Lift, Security",Desa Intan,,Leasehold,"Lebuhraya Thean Teik, Ayer Itam, Penang",,13,1020,Apartment,,High,Non Bumi Lot,170000,Penang,3,271.5654952076677
3.0,2.0,893,"Swimming Pool, Playground, Parking",Jati 1 Apartment,,Leasehold,"Taman Subang Permai, Subang Jaya, Selangor",,11,,Apartment,1,Medium,Non Bumi Lot,295000,Selangor,3,330.3471444568869
3.0,2.0,700,"Swimming Pool, Barbeque area, Security, Playground, Multipurpose hall, Parking, Gymnasium, Jogging Track, Lift",Melody Homes,Belleview Group,Freehold,"Lebuhraya Thean Teik, Farlim,, Ayer Itam, Penang",2012.0,30,500,Apartment,1,,Non Bumi Lot,310000,Penang,9,442.85714285714283
3.0,2.0,736,,Kemuning Aman,Paramount Property Development,Freehold,"Kemuning, Shah Alam, Selangor",2010.0,,596,Apartment,,,Non Bumi Lot,270000,Selangor,,366.8478260869565
3.0,2.0,682,"Minimart, Lift, Parking, Swimming Pool, Security, Tennis Court, Playground, Multipurpose hall",Casa Subang,Casa Andaman Sdn Bhd,Freehold,"Jalan Subang 1, Subang Light Industrial Park, Subang Jaya, Selangor",2005.0,25,588,Service Residence,1,Medium,Non Bumi Lot,290000,Selangor,8,425.21994134897363
3.0,2.0,891,"Playground, Gymnasium, Parking, Swimming Pool, Multipurpose hall",Gravit8,Mitraland Group,Freehold,"Kota Bayuemas, Klang South, Port Klang, Selangor",2018.0,,280,Service Residence,2,,Non Bumi Lot,488000,Selangor,5,547.6992143658811
3.0,2.0,750,,Desa Sentosa,,Leasehold,"Jalan Taman Sentosa, Bangi, Selangor",,,,Apartment,1,Low,Bumi Lot,195000,Selangor,,260.0
2.0,1.0,550,,Desa Ixora,,Leasehold,"Solok Angsana, Ayer Itam, Penang",,,,Apartment,,,Non Bumi Lot,148000,Penang,,269.09090909090907
3.0,2.0,720,"Parking, Lift",Desa Delima,,Leasehold,"Lorong Semarak Api Dua, Bandar Baru Farlim, Ayer Itam, Penang",1992.0,17,3,Apartment,1,,Non Bumi Lot,220000,Penang,2,305.55555555555554
3.0,2.0,1131,"Minimart, Tennis Court, Barbeque area, Security, Swimming Pool, Gymnasium, Parking, Playground, Lift, Jogging Track",Sri Jelatek,,Leasehold,"Jalan 4/27E, Seksyen 10, Wangsa Maju, Kuala Lumpur",,6,180,Condominium,1,Low,Non Bumi Lot,400000,Kuala Lumpur,10,353.6693191865606
2.0,3.0,1708,"Swimming Pool, Parking, Gymnasium, Security",Southbay Plaza @ Southbay City,Mah Sing Group Berhad,Freehold,"Southbay City, Jalan Permatang Damar Laut, Batu Maung, Bayan Lepas, Penang",2013.0,30,,Service Residence,3,,Non Bumi Lot,940000,Penang,4,550.351288056206
3.0,2.0,700,"Parking, Security, Lift",Sri Ivory (Sri Ivori) Apartment,,Leasehold,"Solok Angsana, Bandar Baru Farlim, Ayer Itam, Penang",,25,,Apartment,1,,Non Bumi Lot,250000,Penang,3,357.14285714285717
3.0,1.0,650,"Parking, Security",Siantan Apartment,,Leasehold,"Jalan Putra Perdana 3A, Puchong, Selangor",,,,Apartment,,Low,Bumi Lot,138000,Selangor,2,212.30769230769232
4.0,4.0,960,"Parking, Playground, Security, Lift",Sri Astana,,Leasehold,"Jalan Sungai Tua, Kampung Dato Haji Abdul Karim, Batu Caves, Selangor",,10,372,Apartment,1,Medium,Bumi Lot,350000,Selangor,4,364.5833333333333
4.0,2.0,847,"Playground, Multipurpose hall, Security, Swimming Pool, Parking, Lift, Club house",Intana Ria,,Leasehold,"Off Jalan 7/1, Seksyen 7, Bandar Baru Bangi, Bangi, Selangor",,,,Apartment,,Medium,Bumi Lot,270000,Selangor,7,318.7721369539551
3.0,2.0,1204,"Swimming Pool, Jogging Track, Security, Playground, Barbeque area, Parking, Gymnasium, Sauna",Larkin Residence Phase 2,,Leasehold,"LARKIN RESIDENCE 2, Johor Bahru, Johor",2021.0,5,320,Apartment,,,Non Bumi Lot,405000,Johor,8,336.37873754152827
2.0,1.0,550,,Seksyen 10 Wangsa Maju,,Leasehold,"Seksyen 10, Wangsa Maju, Kuala Lumpur",,,,Flat,,Low,Bumi Lot,250000,Kuala Lumpur,,454.54545454545456
3.0,2.0,1082,"Security, Swimming Pool, Multipurpose hall, Parking, Lift, Playground, Minimart",Alami Residensi,Worlwide Holdings,Leasehold,"Jalan Akuatik, Seksyen 13, Shah Alam, Selangor",,17,444,Service Residence,2,Medium,Bumi Lot,439000,Selangor,7,405.7301293900185
3.0,2.0,926,"Squash Court, Parking, Swimming Pool, Gymnasium, Jogging Track, Minimart, Playground, Security, Lift",Taman Bukit Pelangi (Shah Alam),Asia Kreatif Sdn. Bhd.,Leasehold,"Taman Bukit Pelangi, Shah Alam, Selangor",,14,340,Apartment,1,Medium,Bumi Lot,285000,Selangor,9,307.7753779697624
3.0,2.0,1288,"Playground, Gymnasium, Jogging Track, Barbeque area, Multipurpose hall, Swimming Pool, Security",Ivory Residence,TLS Group,Freehold,"Jalan Mutiara 2, Mutiara Heights, Kajang, Selangor",2015.0,21,455,Condominium,,,Non Bumi Lot,330000,Selangor,7,256.2111801242236
3.0,2.0,800,"Security, Playground, Swimming Pool, Parking",Medan Putra Condominium,Sri Melinger Sdn Bhd,Leasehold,"Jalan 2/62d, Bandar Sri Menjalara, Bandar Menjalara, Kuala Lumpur",,13,,Condominium,,,Non Bumi Lot,280000,Kuala Lumpur,4,350.0
2.0,2.0,816,"Playground, Sauna, Security, Swimming Pool, Barbeque area, Multipurpose hall, Gymnasium",KU Suites,Paramount Property,Freehold,"Jalan Bukit Kemuning, Off Jalan Kemuning Prima, Kemuning Utama, Shah Alam, Selangor",2015.0,18,238,Service Residence,2,,Non Bumi Lot,365000,Selangor,7,447.30392156862746
3.0,2.0,1200,"Parking, Swimming Pool, Minimart, Gymnasium, Security, Playground",Menara Alpha,,Leasehold,"Jalan 4/27A, Wangsa Maju, Kuala Lumpur",,18,,Condominium,,,Non Bumi Lot,330000,Kuala Lumpur,6,275.0
3.0,2.0,883,"Playground, Gymnasium, Sauna, Security, Swimming Pool, Barbeque area, Parking, Jogging Track, Multipurpose hall",CitiZen,Binastra Land Sdn. Bhd.,Freehold,"Jalan Klang Lama, Old Klang Road, Kuala Lumpur",2019.0,37,711,Service Residence,,,Non Bumi Lot,550000,Kuala Lumpur,9,622.876557191393
3.0,2.0,811,"Security, Minimart, Playground, Barbeque area, Parking",SD Apartments,Land & General Berhad,Freehold,"Persiaran Meranti, PJU 9, Bandar Sri Damansara, Selangor",1996.0,4,368,Condominium,,,Non Bumi Lot,290000,Selangor,5,357.58323057953146
3.0,2.0,800,"Playground, Security","Apartment Kekwa, Jalan Kekwa 4A, Bukit Beruntung",,Freehold,"Apartment Kekwa, Jalan Kekwa 4A, Bukit Beruntung, Rawang, Bukit Beruntung, Selangor",,,,Apartment,,High,Non Bumi Lot,115000,Selangor,2,143.75
3.0,3.0,1093,,KSL Residences @ Daya,KSL Holdings Bhd,Freehold,"Jalan Daya, Johor Bahru, Johor",,,,Service Residence,1,,Non Bumi Lot,428000,Johor,,391.58279963403476
3.0,2.0,782,"Gymnasium, Minimart, Tennis Court, Squash Court, Playground, Swimming Pool, Barbeque area, Club house, Security",Dahlia Apartment (Ampang),,Leasehold,"Jalan Pandan Indah 24, Ampang, Kuala Lumpur",,5,,Apartment,,Low,Non Bumi Lot,270000,Kuala Lumpur,9,345.2685421994885
3.0,2.0,1068,"Minimart, Gymnasium, Barbeque area, Parking, Security, Swimming Pool, Playground, Lift, Club house, Multipurpose hall, Squash Court",Desa Impiana,Mitrajaya,Freehold,"Taman Puchong Prima, Puchong, Selangor",2007.0,14,702,Condominium,1,High,Non Bumi Lot,360000,Selangor,11,337.07865168539325
4.0,2.0,1353,"Playground, Sauna, Parking, Swimming Pool, Gymnasium, Security, Barbeque area, Lift, Minimart, Multipurpose hall, Club house, Jogging Track, Squash Court",Mutiara Austin,,Freehold,"Jalan Mutiara Emas, Mount Austin, Johor Bahru, Johor",2026.0,,,Apartment,2,Medium,Bumi Lot,330000,Johor,13,243.90243902439025
3.0,2.0,1221,,Koi Kinrara,Lingkaran Naga,Freehold,"Jalan Pipit, Puchong, Selangor",2012.0,,1000,Condominium,1,,Non Bumi Lot,420000,Selangor,,343.980343980344
4.0,2.0,1300,"Playground, Sauna, Parking, Swimming Pool, Gymnasium, Security, Barbeque area, Lift, Minimart, Multipurpose hall, Club house, Jogging Track, Tennis Court",Mutiara Austin,,Leasehold,"Jalan Mutiara Emas, Mount Austin, Johor Bahru, Johor",2026.0,,,Apartment,2,Medium,Bumi Lot,300000,Johor,13,230.76923076923077
4.0,2.0,1353,"Playground, Sauna, Parking, Swimming Pool, Gymnasium, Security, Barbeque area, Lift, Minimart, Multipurpose hall, Club house, Jogging Track, Squash Court",Mutiara Austin,,Freehold,"Jalan Mutiara Emas, Mount Austin, Johor Bahru, Johor",2026.0,,,Apartment,2,Medium,Bumi Lot,340000,Johor,13,251.29342202512933
4.0,2.0,1353,"Security, Playground, Sauna, Parking, Gymnasium, Swimming Pool, Barbeque area, Lift, Minimart, Multipurpose hall, Jogging Track, Club house, Squash Court",Mutiara Austin,,Freehold,"Jalan Mutiara Emas, Mount Austin, Johor Bahru, Johor",2026.0,,,Apartment,2,Medium,Bumi Lot,340000,Johor,13,251.29342202512933
1.0,1.0,460,"Security, Swimming Pool, Gymnasium",Paramount Utropolis,Paramount Property,Freehold,"Jalan Kontraktor U1/14, Hicom-Glenmarie Industrial Park, Shah Alam, Selangor",2020.0,12,136,Service Residence,,,Non Bumi Lot,288000,Selangor,3,626.0869565217391
3.0,2.0,1100,"Playground, Swimming Pool, Parking, Security, Barbeque area, Multipurpose hall",Sri Mekar Apartment,,Freehold,"Jalan Tempua 3, Puchong, Selangor",,5,,Apartment,1,Medium,Non Bumi Lot,318000,Selangor,6,289.09090909090907
3.0,2.0,1018,"Multipurpose hall, Jogging Track, Security, Playground, Swimming Pool, Lift, Parking",Vista Millennium Condominiums,Millennium Land Sdn Bhd,Leasehold,"Jalan Desa Millennia 2, Taman Puchong Perdana, Puchong, Selangor",,16,1000,Condominium,1,Medium,Bumi Lot,335000,Selangor,7,329.07662082514736
3.0,2.0,880,"Parking, Playground, Gymnasium, Barbeque area, Security, Swimming Pool, Lift",Ocean View (Bandar Sri Pinang),,Leasehold,"Lebuh Sungai Pinang 1, Jelutong, Penang",,11,,Apartment,1,Low,Non Bumi Lot,469000,Penang,7,532.9545454545455
3.0,2.0,1265,"Security, Gymnasium, Multipurpose hall, Parking, Playground, Swimming Pool",Berlian Residence @ Setapak,Platinum Victory Development Sdn Bhd,Freehold,"Jalan Semarak Api 4, Taman Tai Onn, Setapak, Kuala Lumpur",2020.0,32,228,Condominium,2,,Non Bumi Lot,520000,Kuala Lumpur,6,411.0671936758893
3.0,2.0,850,"Security, Playground",Indah Condominium,,Leasehold,"Jalan PJU 10/9, Prima Damansara, Petaling Jaya, Selangor",,,,Condominium,1,Low,Non Bumi Lot,255000,Selangor,2,300.0
4.0,4.0,2045,"Lift, Playground, Security, Parking, Swimming Pool, Gymnasium, Barbeque area, Sauna, Tennis Court, Multipurpose hall",Armanee,MK Land Holdings,Leasehold,"Jalan PJU 10/1C, Damansara Damai, Selangor",2006.0,10,733,Condominium,2,Medium,Bumi Lot,600000,Selangor,10,293.39853300733495
3.0,2.0,1103,"Parking, Security, Lift, Swimming Pool, Playground, Multipurpose hall, Sauna, Gymnasium",Quaver Residence,Chin Hin Group,Leasehold,"Kuala Lumpur-Seremban Expy, Seri Kembangan, Selangor",2026.0,40,684,Service Residence,2,Medium,Non Bumi Lot,433000,Selangor,8,392.56572982774253
3.0,2.0,753,,Seri Saujana Apartment,PLB Land Sdn Bhd,Leasehold,"Jalan SP 4/4, Bandar Saujana Putra, Jenjarom, Selangor",,,,Apartment,1,Medium,Non Bumi Lot,179000,Selangor,,237.71580345285525
4.0,3.0,1238,"Gymnasium, Playground, Sauna, Security, Swimming Pool",Saville Residence,MKH Berhad,Freehold,"No.128 3rd Mile, Jalan Klang Lama, Old Klang Road, Kuala Lumpur",2009.0,18,181,Condominium,2,,Non Bumi Lot,570000,Kuala Lumpur,5,460.4200323101777
2.0,1.0,700,"Multipurpose hall, Jogging Track, Gymnasium, Barbeque area, Playground, Parking, Security, Lift",,,Freehold,,,,,Apartment,1,Medium,Non Bumi Lot,420000,,8,600.0
2.0,2.0,620,"Parking, Security",,,Freehold,,,,,Apartment,1,Low,Non Bumi Lot,235000,,2,379.03225806451616
3.0,2.0,700,"Minimart, Parking, Security, Lift, Swimming Pool",Marina Tower Relau,,Freehold,"Lebuh Relau 1, Bayan Lepas, Penang",1994.0,18,136,Condominium,1,Medium,Non Bumi Lot,330000,Penang,5,471.42857142857144
3.0,2.0,780,"Parking, Security, Playground, Barbeque area",Pangsapuri Sri Alpinia,IOI Properties Group Berhad,Freehold,"Persiaran Indera, Pusat Bandar Puchong, Puchong, Selangor",,5,281,Apartment,1,Low,Non Bumi Lot,260000,Selangor,4,333.3333333333333
3.0,2.0,1033,"Tennis Court, Jogging Track, Barbeque area, Security, Club house, Parking, Playground, Swimming Pool, Squash Court, Multipurpose hall, Lift",,,Leasehold,,,,,Condominium,1,,Bumi Lot,429000,,11,415.29525653436593
3.0,2.0,850,"Sauna, Parking, Security, Swimming Pool, Gymnasium, Playground, Jogging Track, Lift, Minimart, Barbeque area, Tennis Court, Squash Court, Multipurpose hall, Club house",Pangsapuri Cemara (Seri Kembangan),,Leasehold,"Jalan Pinggiran 1/1, Taman Pinggiran Putra, Seri Kembangan, Selangor",,5,,Apartment,1,Medium,Non Bumi Lot,248000,Selangor,14,291.7647058823529
3.0,2.0,770,"Security, Gymnasium, Barbeque area, Sauna, Club house, Playground, Swimming Pool, Squash Court, Lift, Multipurpose hall, Parking, Tennis Court, Minimart, Jogging Track",The Senai Garden,KCC Development (M) Sdn Bhd,Freehold,"Jalan Impian Senai Utama, Taman Impian Senai, Senai, Johor",,,392,Apartment,,Medium,Non Bumi Lot,295000,Johor,14,383.1168831168831
3.0,2.0,900,"Sauna, Swimming Pool, Security, Minimart, Jogging Track, Parking",Pangsapuri Suria 1 Batu Kawan,,Leasehold,"Jln Cassia Barat 1/1, Bandar Cassia, Batu Kawan, Penang",,,,Apartment,1,High,Non Bumi Lot,290000,Penang,6,322.22222222222223
3.0,2.0,930,"Playground, Swimming Pool, Barbeque area, Parking, Security, Minimart, Sauna",Merdeka Villa,Perbadanan Kemajuan Negeri Selangor (PKNS),Leasehold,"Jalan Merdeka Permai 2, Kampung Baru Ampang, Ampang, Kuala Lumpur",2006.0,15,,Apartment,1,,Bumi Lot,260000,Kuala Lumpur,7,279.5698924731183
3.0,1.0,622,,Taman Sri Idaman,,Freehold,"Taman Air Putih, Ayer Itam, Penang",,,,Apartment,1,,Non Bumi Lot,328000,Penang,,527.3311897106109
3.0,2.0,806,"Parking, Security, Swimming Pool, Lift, Playground",Puncak Banyan,Connaught Heights Sdn Bhd,Freehold,"Jalan Puncak Gading, Taman Connaught, Cheras, Kuala Lumpur",2007.0,20,1,Condominium,1,Low,Non Bumi Lot,305000,Kuala Lumpur,5,378.4119106699752
3.0,2.0,956,"Security, Swimming Pool, Parking, Minimart, Lift",Citra Embun,,Freehold,"2, Jln Bukit Citra 10/1, Taman Bukit Citra, Mantin, Negeri Sembilan",,,,Apartment,1,Medium,Bumi Lot,250000,Negeri Sembilan,5,261.5062761506276
3.0,2.0,829,"Parking, Security, Swimming Pool, Playground",Laman Suria (Kajang),,Freehold,"Jalan 2/1, Taman Aman Utara, Kajang, Selangor",,6,225,Apartment,1,Medium,Non Bumi Lot,220000,Selangor,4,265.37997587454765
3.0,2.0,1205,"Parking, Security, Lift, Swimming Pool, Playground, Gymnasium, Minimart, Multipurpose hall",Tamara,Putrajaya Holdings,Freehold,"Jalan P8h, Presint 8,  Wilayah Persekutuan, Putrajaya, Putrajaya",2016.0,,,Condominium,2,Medium,Non Bumi Lot,560000,Putrajaya,8,464.73029045643153
4.0,2.0,1126,"Swimming Pool, Multipurpose hall, Security, Playground, Barbeque area, Parking, Lift, Gymnasium, Minimart",Saujana Aster,Peremba Jaya Holdings Sdn Bhd,Freehold,"Jalan P11h/1, Precinct 11, Putrajaya, Putrajaya",,,226,Condominium,1,Medium,Non Bumi Lot,380000,Putrajaya,9,337.4777975133215
3.0,2.0,1450,"Playground, Squash Court, Sauna, Lift, Security, Parking, Minimart, Swimming Pool, Gymnasium, Barbeque area",1-Sky (1-World II),Ideal Capital Intelligence Sdn Bhd,Leasehold,"Tingkat Mahsuri, OFF Jalan Mahsuri,, Bayan Lepas, Penang",2012.0,26,250,Condominium,2,,Non Bumi Lot,565000,Penang,10,389.6551724137931
3.0,2.0,753,"Playground, Minimart, Parking",Permai Apartment,,Leasehold,"Jalan Tropicana Selatan, Petaling Jaya, Selangor",,,,Apartment,,High,Bumi Lot,250000,Selangor,3,332.00531208499336
3.0,2.0,1050,"Parking, Security, Lift",Halaman Pulau Tikus,,Freehold,"Halaman Road, 10350 Pulau Tikus, Penang, Pulau Tikus, Penang",,8,,Apartment,1,,Non Bumi Lot,680000,Penang,3,647.6190476190476
2.0,2.0,829,"Security, Gymnasium, Jogging Track, Swimming Pool, Parking",Flora Rosa,Putrajaya Holdings Sdn Bhd,Freehold,"Residence Flora Rosa Presint 11 Putrajaya, Putrajaya, Putrajaya",2020.0,17,676,Condominium,2,,Non Bumi Lot,450000,Putrajaya,5,542.8226779252111
3.0,2.0,645,"Security, Minimart",Kasturi Apartment (Bdr Tasik Permaisuri),,Leasehold,"Jalan Permaisuri 3, Bandar Sri Permaisuri, Cheras, Kuala Lumpur",,17,,Apartment,,,Bumi Lot,230000,Kuala Lumpur,2,356.5891472868217
3.0,2.0,850,"Playground, Parking, Security, Lift",Residensi Laguna Biru 2,,Leasehold,"Jalan Tasik Biru 2, Rawang, Selangor",,,,Apartment,,Medium,Bumi Lot,255000,Selangor,4,300.0
3.0,2.0,700,"Parking, Lift, Security, Multipurpose hall, Jogging Track",Sri Ivory (Sri Ivori) Apartment,,Leasehold,"Solok Angsana, Bandar Baru Farlim, Ayer Itam, Penang",,25,,Apartment,2,,Non Bumi Lot,269000,Penang,5,384.2857142857143
3.0,2.0,700,"Parking, Security, Lift, Playground",Sri Ivory (Sri Ivori) Apartment,,Leasehold,"Solok Angsana, Bandar Baru Farlim, Ayer Itam, Penang",,25,,Apartment,1,,Non Bumi Lot,270000,Penang,4,385.7142857142857
3.0,1.0,650,Playground,"Apartment Kekwa, Jalan Kekwa 4A, Bukit Beruntung",,Leasehold,"Apartment Kekwa, Jalan Kekwa 4A, Bukit Beruntung, Rawang, Bukit Beruntung, Selangor",,,,Apartment,,Medium,Bumi Lot,59000,Selangor,1,90.76923076923077
3.0,2.0,654,"Parking, Security, Lift, Playground",Taman Bukit Erskine,Ivory Properties Group Sdn Bhd,Freehold,"Off Lebuhraya Halia, Mount Erskine, Tanjong Tokong, Penang",2014.0,38,554,Apartment,1,Medium,Non Bumi Lot,325000,Penang,4,496.9418960244648
3.0,2.0,710,"Parking, Security",Desa Bayan,,Freehold,"Jalan Merbah, Taman Sri Bayan, Sungai Ara, Penang",,18,,Apartment,1,Medium,Non Bumi Lot,348000,Penang,2,490.14084507042253
3.0,2.0,925,,Kipark,KIP Group,Leasehold,"Jalan Titiwangsa 1, Taman Tampoi Indah, Johor Bahru, Johor",2008.0,16,196,Apartment,2,High,Non Bumi Lot,315000,Johor,,340.5405405405405
3.0,2.0,900,"Minimart, Playground, Barbeque area, Security, Parking",Goodyear Court 10,,Freehold,"Jalan Subang Indah, USJ 15, Subang Jaya, Selangor",1997.0,5,,Apartment,,,Non Bumi Lot,345000,Selangor,5,383.3333333333333
3.0,2.0,992,"Parking, Playground, Security, Jogging Track",Sutera Apartment (Kajang),,Freehold,"Jalan Seksyen 3/1A, Kajang, Selangor",,5,,Flat,,Medium,Bumi Lot,200000,Selangor,4,201.61290322580646
3.0,2.0,1001,"Club house, Playground, Swimming Pool, Sauna, Barbeque area, Gymnasium, Security, Parking, Lift",M'Tiara Apartment,,Leasehold,"Taman Larkin Idaman, Johor Bahru, Johor",,,400,Apartment,,Low,Non Bumi Lot,280800,Johor,9,280.5194805194805
3.0,2.0,1100,"Swimming Pool, Sauna, Security, Tennis Court, Playground, Gymnasium, Jogging Track, Lift, Parking, Barbeque area, Squash Court",Palma Laguna Water Park Condo,Island Landcap Properties Group,Freehold,"Jalan Baru, Kampung Jawa, Perai, Penang",,38,350,Condominium,2,Medium,Non Bumi Lot,355000,Penang,11,322.72727272727275
6.0,5.0,3000,"Playground, Tennis Court, Gymnasium, Parking, Swimming Pool, Security, Barbeque area, Lift, Sauna",Alila Horizon,Hunza Properties Berhad,Freehold,"Lorong Kejora, Tanjung Bungah, Penang",2008.0,,256,Condominium,2,High,Non Bumi Lot,1580000,Penang,9,526.6666666666666
3.0,2.0,1004,"Jogging Track, Playground, Swimming Pool, Security, Lift, Parking, Gymnasium, Barbeque area, Multipurpose hall, Club house",SkyVilla Condominium (MJC),Mudajaya Group,Leasehold,"Bandar Baru Batu Kawa (MJC), Kuching, Sarawak",,,,Condominium,1,Medium,Non Bumi Lot,450000,Sarawak,10,448.20717131474106
3.0,2.0,1119,"Parking, Security, Lift, Swimming Pool, Playground, Gymnasium, Barbeque area",Ong Kim Wee Residences,,Freehold,"Jalan Gajah Berang, Melaka City, Melaka",,,,Service Residence,1,Medium,Non Bumi Lot,518000,Melaka,7,462.91331546023235
3.0,2.0,700,"Parking, Security, Lift",,,Freehold,,,,,Apartment,1,High,Non Bumi Lot,275000,,3,392.85714285714283
3.0,2.0,850,"Playground, Parking, Security, Lift",Mewah Court (Jelutong),,Leasehold,"Jalan Hijau 5,, Jelutong, Penang",1992.0,20,632,Apartment,1,Medium,Non Bumi Lot,320000,Penang,4,376.47058823529414
4.0,3.0,1646,"Multipurpose hall, Gymnasium, Swimming Pool, Barbeque area, Sauna, Security, Playground, Parking, Lift",Grace Residence,Nova Mulia Development Sdn Bhd,Freehold,"Jalan Jelutong, Off Tun Dr. Lim Chong Eu Hwy, Jelutong, Penang",2018.0,44,378,Condominium,2,High,Non Bumi Lot,1177000,Penang,9,715.0668286755772
3.0,2.0,1041,"Parking, Security, Lift, Swimming Pool, Playground",,,Freehold,,,,,Condominium,2,Medium,Non Bumi Lot,550000,,5,528.3381364073007
3.0,2.0,1100,"Parking, Security, Lift, Swimming Pool, Playground, Gymnasium",,,Freehold,,,,,Apartment,1,High,Non Bumi Lot,470000,,6,427.27272727272725
2.0,1.0,650,"Parking, Security, Lift",Artis 3,Airmas Group,Freehold,"Jalan Tengku,, Jelutong, Penang",,,,Condominium,1,Medium,Non Bumi Lot,460000,Penang,3,707.6923076923077
3.0,3.0,1302,"Parking, Security, Lift, Swimming Pool, Playground",BaysWater,IJM Land Berhad,Freehold,"2A - 2B, Lebuh Tunku Kudin 2, Gelugor, Penang",2007.0,,396,Condominium,2,High,Non Bumi Lot,950000,Penang,5,729.6466973886329
3.0,2.0,1000,,,,Freehold,,,,,Apartment,1,Medium,Non Bumi Lot,480000,,,480.0
3.0,2.0,700,"Multipurpose hall, Jogging Track, Gymnasium, Barbeque area, Playground, Parking, Security, Lift",,,Freehold,,,,,Apartment,1,Low,Non Bumi Lot,400000,,8,571.4285714285714
3.0,2.0,970,"Parking, Minimart, Security",Desa Pinang,,Leasehold,"Yeap Chor Ee Road, Gelugor, Penang",2003.0,11,,Apartment,1,Low,Non Bumi Lot,399000,Penang,3,411.340206185567
3.0,3.0,1195,,Jambul Heights,Aurora Properties Sdn Bhd,Freehold,"Persiaran Bukit Jambul 1, Bukit Jambul, Penang",,,,Condominium,2,Medium,Non Bumi Lot,568000,Penang,,475.31380753138075
3.0,2.0,900,"Parking, Security, Swimming Pool, Playground, Lift",Serina Bay,PLB Land Sdn Bhd,Leasehold,"Hilir Sungai Pinang, Jelutong, Penang",2008.0,22,754,Condominium,5,Medium,Non Bumi Lot,415000,Penang,5,461.1111111111111
3.0,2.0,872,"Playground, Security, Gymnasium, Swimming Pool, Parking, Barbeque area, Lift",Ocean View (Bandar Sri Pinang),,Leasehold,"Lebuh Sungai Pinang 1, Jelutong, Penang",,11,,Apartment,1,Medium,Non Bumi Lot,480000,Penang,7,550.4587155963303
3.0,2.0,1036,"Gymnasium, Playground, Swimming Pool, Jogging Track, Sauna, Club house, Security, Barbeque area, Multipurpose hall, Lift, Parking",Setia Sky Ville,Kay Pride Sdn Bhd (S P Setia Bhd Group),Freehold,"Lorong Slim, Jelutong, Penang",2021.0,33,550,Condominium,2,Medium,Non Bumi Lot,760000,Penang,11,733.5907335907336
3.0,2.0,750,"Security, Gymnasium, Tennis Court, Sauna, Playground, Squash Court, Club house, Parking, Minimart, Swimming Pool, Lift",Symphony Park (Jelutong),Belleview Group,Freehold,"Jalan Lenggong, Jelutong, Penang",2003.0,20,480,Condominium,1,Low,Non Bumi Lot,440000,Penang,11,586.6666666666666
2.0,2.0,700,"Parking, Security, Lift",Artis 3,Airmas Group,Freehold,"Jalan Tengku,, Jelutong, Penang",,,,Condominium,2,Medium,Non Bumi Lot,545000,Penang,3,778.5714285714286
3.0,2.0,850,"Parking, Minimart, Gymnasium, Security, Jogging Track, Sauna, Playground",Relau Vista,Alor Vista Sdn Bhd,Freehold,"Lebuh Relau 6, Bayan Lepas, Penang",2008.0,29,,Apartment,1,High,Non Bumi Lot,345000,Penang,7,405.88235294117646
3.0,2.0,1862,,Pelita Indah Condominium,Symphony Life Berhad,Freehold,"Jalan Pelita, Johor Bahru, Johor",,,,Condominium,,Low,Non Bumi Lot,360000,Johor,,193.3404940923738
4.0,3.0,1300,"Parking, Security, Lift, Swimming Pool, Playground, Gymnasium, Sauna, Barbeque area, Minimart, Multipurpose hall, Club house, Jogging Track",MiNest Residence,Mi Nest Development Sdn Bhd,Freehold,"Jalan Sinar Sentul, Sentul, Kuala Lumpur",2023.0,44,684,Service Residence,3,Medium,Non Bumi Lot,535000,Kuala Lumpur,12,411.53846153846155
3.0,2.0,860,"Parking, Security, Lift, Swimming Pool, Playground, Gymnasium, Multipurpose hall",D' Camellia,,Freehold,"Jalan Ecohill 1/2, Semenyih, Selangor",,,,Apartment,,Low,Non Bumi Lot,260000,Selangor,7,302.3255813953488
